{
  "sample_dir": "/home/yyb/workspace/XRay-all/XRay-detectionCode/data/raw/batch_pbs_100w/sample_00036_ore",
  "blank_columns": [
    0,
    2,
    3,
    5,
    8,
    9,
    10,
    12,
    13,
    19,
    20,
    25,
    26,
    28,
    29,
    30,
    32,
    33,
    94,
    98,
    102,
    105,
    106,
    112,
    113,
    114,
    116,
    121,
    124,
    125,
    126,
    127
  ],
  "criteria": {
    "target_half_fwhm_over_mean": 0.01,
    "target_half66_over_full_scale": 0.01,
    "gaussian_central_targets": {
      "33": 0.33,
      "66": 0.66,
      "99": 0.99
    }
  },
  "low": {
    "mu": 1.0038009881973267,
    "sigma": 0.024816690012812614,
    "snr": 40.44862500515073,
    "half_fwhm": 0.029219419546361224,
    "half_fwhm_over_mean": 0.02910877742692288,
    "half_66": 0.023679223308325982,
    "half_66_over_full_scale": 0.023679223308325982,
    "cov33": 0.33700980392156865,
    "cov66": 0.6488970588235294,
    "cov99": 0.9944852941176471
  },
  "high": {
    "mu": 1.0032634735107422,
    "sigma": 0.022569304332137108,
    "snr": 44.45256525174173,
    "half_fwhm": 0.026573325121510897,
    "half_fwhm_over_mean": 0.026486885871088547,
    "half_66": 0.021534845981407105,
    "half_66_over_full_scale": 0.021534845981407105,
    "cov33": 0.3247549019607843,
    "cov66": 0.6636029411764706,
    "cov99": 0.9895833333333334
  },
  "pass": {
    "half_fwhm_over_mean": false,
    "half66_over_full_scale": false
  },
  "estimated_beam_factor_to_meet_half_fwhm": 8.473209232901352
}
