{
  "sample_dir": "/home/yyb/workspace/XRay-all/XRay-detectionCode/data/raw/batch_pbs_100w/sample_00090_ore",
  "blank_columns": [
    0,
    1,
    4,
    12,
    13,
    26,
    27,
    29,
    32,
    41,
    43,
    44,
    46,
    48,
    81,
    83,
    85,
    86,
    87,
    88,
    90,
    95,
    97,
    98,
    104,
    105,
    107,
    111,
    114,
    121,
    125,
    126
  ],
  "criteria": {
    "target_half_fwhm_over_mean": 0.01,
    "target_half66_over_full_scale": 0.01,
    "gaussian_central_targets": {
      "33": 0.33,
      "66": 0.66,
      "99": 0.99
    }
  },
  "low": {
    "mu": 1.00374174118042,
    "sigma": 0.024321692064404488,
    "snr": 41.269404222472886,
    "half_fwhm": 0.028636604000788556,
    "half_fwhm_over_mean": 0.02852985267615886,
    "half_66": 0.023206913465576295,
    "half_66_over_full_scale": 0.023206913465576295,
    "cov33": 0.3333333333333333,
    "cov66": 0.6678921568627451,
    "cov99": 0.9883578431372549
  },
  "high": {
    "mu": 1.0034579038619995,
    "sigma": 0.022374847903847694,
    "snr": 44.847585475181695,
    "half_fwhm": 0.02634437017390339,
    "half_fwhm_over_mean": 0.02625358779128855,
    "half_66": 0.021349302414282432,
    "half_66_over_full_scale": 0.021349302414282432,
    "cov33": 0.33700980392156865,
    "cov66": 0.6678921568627451,
    "cov99": 0.9895833333333334
  },
  "pass": {
    "half_fwhm_over_mean": false,
    "half66_over_full_scale": false
  },
  "estimated_beam_factor_to_meet_half_fwhm": 8.139524937233288
}
