{
  "sample_dir": "/home/yyb/workspace/XRay-all/XRay-detectionCode/data/raw/batch_pbs_100w/sample_00079_ore",
  "blank_columns": [
    0,
    1,
    3,
    5,
    6,
    7,
    12,
    13,
    14,
    23,
    27,
    28,
    30,
    32,
    33,
    34,
    94,
    98,
    99,
    102,
    103,
    104,
    109,
    110,
    111,
    114,
    119,
    121,
    122,
    124,
    125,
    126
  ],
  "criteria": {
    "target_half_fwhm_over_mean": 0.01,
    "target_half66_over_full_scale": 0.01,
    "gaussian_central_targets": {
      "33": 0.33,
      "66": 0.66,
      "99": 0.99
    }
  },
  "low": {
    "mu": 1.0008307695388794,
    "sigma": 0.05094778165221214,
    "snr": 19.644246267107558,
    "half_fwhm": 0.05998642874145618,
    "half_fwhm_over_mean": 0.05993663521066024,
    "half_66": 0.04861260297742004,
    "half_66_over_full_scale": 0.04861260297742004,
    "cov33": 0.6176470588235294,
    "cov66": 0.9491421568627451,
    "cov99": 0.9957107843137255
  },
  "high": {
    "mu": 1.0000215768814087,
    "sigma": 0.05068650841712952,
    "snr": 19.729541610000723,
    "half_fwhm": 0.0596788030158589,
    "half_fwhm_over_mean": 0.059677515361187185,
    "half_66": 0.0483633051349271,
    "half_66_over_full_scale": 0.0483633051349271,
    "cov33": 0.6611519607843137,
    "cov66": 0.9638480392156863,
    "cov99": 0.9950980392156863
  },
  "pass": {
    "half_fwhm_over_mean": false,
    "half66_over_full_scale": false
  },
  "estimated_beam_factor_to_meet_half_fwhm": 35.92400240375757
}
