{
  "sample_dir": "/home/yyb/workspace/XRay-all/XRay-detectionCode/data/raw/batch_pbs_100w/sample_00033_ore",
  "blank_columns": [
    0,
    3,
    5,
    7,
    10,
    12,
    13,
    18,
    20,
    21,
    23,
    25,
    26,
    27,
    28,
    32,
    34,
    37,
    40,
    97,
    98,
    100,
    102,
    103,
    105,
    109,
    111,
    121,
    122,
    125,
    126,
    127
  ],
  "criteria": {
    "target_half_fwhm_over_mean": 0.01,
    "target_half66_over_full_scale": 0.01,
    "gaussian_central_targets": {
      "33": 0.33,
      "66": 0.66,
      "99": 0.99
    }
  },
  "low": {
    "mu": 1.0038262605667114,
    "sigma": 0.02458295412361622,
    "snr": 40.83424048708455,
    "half_fwhm": 0.028944216567803438,
    "half_fwhm_over_mean": 0.028833890589256894,
    "half_66": 0.023456200644441552,
    "half_66_over_full_scale": 0.023456200644441552,
    "cov33": 0.34987745098039214,
    "cov66": 0.6617647058823529,
    "cov99": 0.9901960784313726
  },
  "high": {
    "mu": 1.0025873184204102,
    "sigma": 0.022896142676472664,
    "snr": 43.78848143057024,
    "half_fwhm": 0.026958147863868888,
    "half_fwhm_over_mean": 0.026888578549289666,
    "half_66": 0.021846703772967924,
    "half_66_over_full_scale": 0.021846703772967924,
    "cov33": 0.33026960784313725,
    "cov66": 0.6703431372549019,
    "cov99": 0.9889705882352942
  },
  "pass": {
    "half_fwhm_over_mean": false,
    "half66_over_full_scale": false
  },
  "estimated_beam_factor_to_meet_half_fwhm": 8.313932465132373
}
