{
  "sample_dir": "/home/yyb/workspace/XRay-all/XRay-detectionCode/data/raw/batch_pbs_100w/sample_00080_ore",
  "blank_columns": [
    1,
    3,
    5,
    7,
    8,
    10,
    14,
    15,
    17,
    18,
    19,
    20,
    21,
    23,
    27,
    28,
    32,
    90,
    94,
    95,
    97,
    98,
    102,
    103,
    104,
    108,
    111,
    112,
    122,
    125,
    126,
    127
  ],
  "criteria": {
    "target_half_fwhm_over_mean": 0.01,
    "target_half66_over_full_scale": 0.01,
    "gaussian_central_targets": {
      "33": 0.33,
      "66": 0.66,
      "99": 0.99
    }
  },
  "low": {
    "mu": 1.0010417699813843,
    "sigma": 0.03386281058192253,
    "snr": 29.56168589608403,
    "half_fwhm": 0.039870412569174646,
    "half_fwhm_over_mean": 0.039828919995931925,
    "half_66": 0.03231071723114174,
    "half_66_over_full_scale": 0.03231071723114174,
    "cov33": 0.43566176470588236,
    "cov66": 0.8137254901960784,
    "cov99": 0.9926470588235294
  },
  "high": {
    "mu": 1.0009397268295288,
    "sigma": 0.03082909993827343,
    "snr": 32.46736780618403,
    "half_fwhm": 0.03629849125197727,
    "half_fwhm_over_mean": 0.036264412610490085,
    "half_66": 0.029416055946871994,
    "half_66_over_full_scale": 0.029416055946871994,
    "cov33": 0.4430147058823529,
    "cov66": 0.821078431372549,
    "cov99": 0.9908088235294118
  },
  "pass": {
    "half_fwhm_over_mean": false,
    "half66_over_full_scale": false
  },
  "estimated_beam_factor_to_meet_half_fwhm": 15.863428680423457
}
