{
  "sample_dir": "/home/yyb/workspace/XRay-all/XRay-detectionCode/data/raw/batch_pbs_100w/sample_00029_ore",
  "blank_columns": [
    0,
    5,
    7,
    10,
    12,
    20,
    21,
    23,
    25,
    28,
    30,
    31,
    32,
    34,
    35,
    38,
    40,
    95,
    98,
    100,
    101,
    102,
    103,
    104,
    108,
    111,
    112,
    114,
    117,
    118,
    121,
    125
  ],
  "criteria": {
    "target_half_fwhm_over_mean": 0.01,
    "target_half66_over_full_scale": 0.01,
    "gaussian_central_targets": {
      "33": 0.33,
      "66": 0.66,
      "99": 0.99
    }
  },
  "low": {
    "mu": 1.0032331943511963,
    "sigma": 0.02471793070435524,
    "snr": 40.58726461978587,
    "half_fwhm": 0.029103139346768343,
    "half_fwhm_over_mean": 0.029009346491559937,
    "half_66": 0.02358499060777121,
    "half_66_over_full_scale": 0.02358499060777121,
    "cov33": 0.31433823529411764,
    "cov66": 0.6544117647058824,
    "cov99": 0.9932598039215687
  },
  "high": {
    "mu": 1.0029644966125488,
    "sigma": 0.02229209430515766,
    "snr": 44.991936732498736,
    "half_fwhm": 0.026246935257407802,
    "half_fwhm_over_mean": 0.026169356289335484,
    "half_66": 0.021270341805839598,
    "half_66_over_full_scale": 0.021270341805839598,
    "cov33": 0.34558823529411764,
    "cov66": 0.6654411764705882,
    "cov99": 0.9908088235294118
  },
  "pass": {
    "half_fwhm_over_mean": false,
    "half66_over_full_scale": false
  },
  "estimated_beam_factor_to_meet_half_fwhm": 8.415421838673808
}
