{
  "sample_dir": "/home/yyb/workspace/XRay-all/XRay-detectionCode/data/raw/batch_pbs_100w/sample_00099_ore",
  "blank_columns": [
    0,
    3,
    12,
    13,
    15,
    16,
    18,
    20,
    23,
    27,
    28,
    29,
    30,
    32,
    35,
    36,
    83,
    91,
    94,
    95,
    98,
    101,
    102,
    103,
    105,
    111,
    113,
    115,
    121,
    122,
    126,
    127
  ],
  "criteria": {
    "target_half_fwhm_over_mean": 0.01,
    "target_half66_over_full_scale": 0.01,
    "gaussian_central_targets": {
      "33": 0.33,
      "66": 0.66,
      "99": 0.99
    }
  },
  "low": {
    "mu": 1.0036380290985107,
    "sigma": 0.023795507848262787,
    "snr": 42.17762594093079,
    "half_fwhm": 0.028017069431022012,
    "half_fwhm_over_mean": 0.027915511986116692,
    "half_66": 0.022704846769779918,
    "half_66_over_full_scale": 0.022704846769779918,
    "cov33": 0.3425245098039216,
    "cov66": 0.6599264705882353,
    "cov99": 0.9877450980392157
  },
  "high": {
    "mu": 1.0035223960876465,
    "sigma": 0.02204381301999092,
    "snr": 45.52399329360941,
    "half_fwhm": 0.0259546063838533,
    "half_fwhm_over_mean": 0.025863504875467132,
    "half_66": 0.021033440430527014,
    "half_66_over_full_scale": 0.021033440430527014,
    "cov33": 0.3161764705882353,
    "cov66": 0.647671568627451,
    "cov99": 0.991421568627451
  },
  "pass": {
    "half_fwhm_over_mean": false,
    "half66_over_full_scale": false
  },
  "estimated_beam_factor_to_meet_half_fwhm": 7.792758094470246
}
