{
  "sample_dir": "/home/yyb/workspace/XRay-all/XRay-detectionCode/data/raw/batch_pbs_100w/sample_00037_ore",
  "blank_columns": [
    0,
    1,
    3,
    6,
    8,
    10,
    12,
    13,
    20,
    28,
    32,
    34,
    37,
    81,
    83,
    84,
    85,
    86,
    88,
    94,
    98,
    104,
    106,
    108,
    109,
    111,
    112,
    114,
    121,
    125,
    126,
    127
  ],
  "criteria": {
    "target_half_fwhm_over_mean": 0.01,
    "target_half66_over_full_scale": 0.01,
    "gaussian_central_targets": {
      "33": 0.33,
      "66": 0.66,
      "99": 0.99
    }
  },
  "low": {
    "mu": 1.002985954284668,
    "sigma": 0.024625565856695175,
    "snr": 40.72945816235841,
    "half_fwhm": 0.028994388049406697,
    "half_fwhm_over_mean": 0.028908069874304037,
    "half_66": 0.023496859279521835,
    "half_66_over_full_scale": 0.023496859279521835,
    "cov33": 0.33762254901960786,
    "cov66": 0.6623774509803921,
    "cov99": 0.9895833333333334
  },
  "high": {
    "mu": 1.003458857536316,
    "sigma": 0.02302996627986431,
    "snr": 43.57187697724358,
    "half_fwhm": 0.027115713115749278,
    "half_fwhm_over_mean": 0.0270222470130201,
    "half_66": 0.02197439360537505,
    "half_66_over_full_scale": 0.02197439360537505,
    "cov33": 0.3272058823529412,
    "cov66": 0.6685049019607843,
    "cov99": 0.9920343137254902
  },
  "pass": {
    "half_fwhm_over_mean": false,
    "half66_over_full_scale": false
  },
  "estimated_beam_factor_to_meet_half_fwhm": 8.356765038576446
}
