{
  "sample_dir": "/home/yyb/workspace/XRay-all/XRay-detectionCode/data/raw/batch_pbs_100w/sample_00077_ore",
  "blank_columns": [
    0,
    1,
    2,
    3,
    7,
    8,
    11,
    12,
    13,
    14,
    20,
    23,
    27,
    32,
    34,
    35,
    37,
    83,
    86,
    87,
    94,
    97,
    98,
    104,
    108,
    111,
    112,
    113,
    114,
    121,
    124,
    126
  ],
  "criteria": {
    "target_half_fwhm_over_mean": 0.01,
    "target_half66_over_full_scale": 0.01,
    "gaussian_central_targets": {
      "33": 0.33,
      "66": 0.66,
      "99": 0.99
    }
  },
  "low": {
    "mu": 1.0004931688308716,
    "sigma": 0.051851537078619,
    "snr": 19.295342533701383,
    "half_fwhm": 0.06105051943839638,
    "half_fwhm_over_mean": 0.061020426066214016,
    "half_66": 0.04947493500263979,
    "half_66_over_full_scale": 0.04947493500263979,
    "cov33": 0.625,
    "cov66": 0.9417892156862745,
    "cov99": 0.9920343137254902
  },
  "high": {
    "mu": 0.9995000958442688,
    "sigma": 0.04880198463797569,
    "snr": 20.48072641427986,
    "half_fwhm": 0.057459945830643615,
    "half_fwhm_over_mean": 0.057488684663014177,
    "half_66": 0.04656515802613077,
    "half_66_over_full_scale": 0.04656515802613077,
    "cov33": 0.6378676470588235,
    "cov66": 0.9454656862745098,
    "cov99": 0.991421568627451
  },
  "pass": {
    "half_fwhm_over_mean": false,
    "half66_over_full_scale": false
  },
  "estimated_beam_factor_to_meet_half_fwhm": 37.2349239730229
}
