{
  "sample_dir": "/home/yyb/workspace/XRay-all/XRay-detectionCode/data/raw/batch_pbs_100w/sample_00040_ore",
  "blank_columns": [
    0,
    1,
    3,
    10,
    12,
    13,
    17,
    19,
    20,
    21,
    25,
    26,
    27,
    28,
    29,
    30,
    32,
    34,
    36,
    37,
    39,
    40,
    41,
    94,
    95,
    98,
    102,
    113,
    114,
    121,
    126,
    127
  ],
  "criteria": {
    "target_half_fwhm_over_mean": 0.01,
    "target_half66_over_full_scale": 0.01,
    "gaussian_central_targets": {
      "33": 0.33,
      "66": 0.66,
      "99": 0.99
    }
  },
  "low": {
    "mu": 1.0035094022750854,
    "sigma": 0.024939505383372307,
    "snr": 40.237742763902055,
    "half_fwhm": 0.029364023594575257,
    "half_fwhm_over_mean": 0.029261333803154432,
    "half_66": 0.023796409467466313,
    "half_66_over_full_scale": 0.023796409467466313,
    "cov33": 0.3284313725490196,
    "cov66": 0.6495098039215687,
    "cov99": 0.991421568627451
  },
  "high": {
    "mu": 1.0024350881576538,
    "sigma": 0.022944355383515358,
    "snr": 43.689834445201505,
    "half_fwhm": 0.02701491398835281,
    "half_fwhm_over_mean": 0.026949290091194567,
    "half_66": 0.02189270666278818,
    "half_66_over_full_scale": 0.02189270666278818,
    "cov33": 0.3639705882352941,
    "cov66": 0.6605392156862745,
    "cov99": 0.9877450980392157
  },
  "pass": {
    "half_fwhm_over_mean": false,
    "half66_over_full_scale": false
  },
  "estimated_beam_factor_to_meet_half_fwhm": 8.562256559396282
}
