{
  "sample_dir": "/home/yyb/workspace/XRay-all/XRay-detectionCode/data/raw/batch_pbs_100w/sample_00055_ore",
  "blank_columns": [
    0,
    1,
    3,
    7,
    8,
    9,
    12,
    13,
    14,
    17,
    20,
    22,
    23,
    25,
    27,
    29,
    30,
    31,
    34,
    97,
    98,
    102,
    103,
    105,
    106,
    107,
    108,
    120,
    121,
    122,
    123,
    125
  ],
  "criteria": {
    "target_half_fwhm_over_mean": 0.01,
    "target_half66_over_full_scale": 0.01,
    "gaussian_central_targets": {
      "33": 0.33,
      "66": 0.66,
      "99": 0.99
    }
  },
  "low": {
    "mu": 1.0011509656906128,
    "sigma": 0.02580380067229271,
    "snr": 38.798585464412476,
    "half_fwhm": 0.030381653530149672,
    "half_fwhm_over_mean": 0.030346725490287906,
    "half_66": 0.024621090000612113,
    "half_66_over_full_scale": 0.024621090000612113,
    "cov33": 0.36887254901960786,
    "cov66": 0.6856617647058824,
    "cov99": 0.9938725490196079
  },
  "high": {
    "mu": 1.0020453929901123,
    "sigma": 0.02790588140487671,
    "snr": 35.908035960297575,
    "half_fwhm": 0.032856664452798216,
    "half_fwhm_over_mean": 0.032789596841270474,
    "half_66": 0.026626822394951864,
    "half_66_over_full_scale": 0.026626822394951864,
    "cov33": 0.3939950980392157,
    "cov66": 0.7745098039215687,
    "cov99": 0.9957107843137255
  },
  "pass": {
    "half_fwhm_over_mean": false,
    "half66_over_full_scale": false
  },
  "estimated_beam_factor_to_meet_half_fwhm": 10.751576610130547
}
