{
  "sample_dir": "/home/yyb/workspace/XRay-all/XRay-detectionCode/data/raw/batch_pbs_100w/sample_00059_ore",
  "blank_columns": [
    0,
    1,
    12,
    13,
    17,
    18,
    21,
    23,
    26,
    27,
    28,
    29,
    32,
    34,
    35,
    86,
    90,
    96,
    97,
    98,
    102,
    104,
    106,
    109,
    111,
    112,
    114,
    115,
    121,
    122,
    124,
    125
  ],
  "criteria": {
    "target_half_fwhm_over_mean": 0.01,
    "target_half66_over_full_scale": 0.01,
    "gaussian_central_targets": {
      "33": 0.33,
      "66": 0.66,
      "99": 0.99
    }
  },
  "low": {
    "mu": 1.0044825077056885,
    "sigma": 0.02430548705160618,
    "snr": 41.327396796161274,
    "half_fwhm": 0.028617524056305087,
    "half_fwhm_over_mean": 0.02848981822657082,
    "half_66": 0.02319145120543736,
    "half_66_over_full_scale": 0.02319145120543736,
    "cov33": 0.32169117647058826,
    "cov66": 0.6501225490196079,
    "cov99": 0.9926470588235294
  },
  "high": {
    "mu": 1.0031121969223022,
    "sigma": 0.022590309381484985,
    "snr": 44.40453559013463,
    "half_fwhm": 0.026598056677136196,
    "half_fwhm_over_mean": 0.0265155351103725,
    "half_66": 0.02155488826963547,
    "half_66_over_full_scale": 0.02155488826963547,
    "cov33": 0.3553921568627451,
    "cov66": 0.6703431372549019,
    "cov99": 0.9883578431372549
  },
  "pass": {
    "half_fwhm_over_mean": false,
    "half66_over_full_scale": false
  },
  "estimated_beam_factor_to_meet_half_fwhm": 8.11669742583047
}
