{
  "sample_dir": "/home/yyb/workspace/XRay-all/XRay-detectionCode/data/raw/batch_pbs_100w/sample_00092_ore",
  "blank_columns": [
    0,
    1,
    6,
    7,
    8,
    9,
    10,
    12,
    18,
    19,
    20,
    25,
    27,
    28,
    31,
    32,
    34,
    36,
    37,
    94,
    98,
    102,
    104,
    105,
    111,
    112,
    119,
    120,
    121,
    122,
    125,
    126
  ],
  "criteria": {
    "target_half_fwhm_over_mean": 0.01,
    "target_half66_over_full_scale": 0.01,
    "gaussian_central_targets": {
      "33": 0.33,
      "66": 0.66,
      "99": 0.99
    }
  },
  "low": {
    "mu": 1.0021932125091553,
    "sigma": 0.023839596658945084,
    "snr": 42.03901713803169,
    "half_fwhm": 0.028068980038599454,
    "half_fwhm_over_mean": 0.028007553521864466,
    "half_66": 0.022746914780985505,
    "half_66_over_full_scale": 0.022746914780985505,
    "cov33": 0.33639705882352944,
    "cov66": 0.6525735294117647,
    "cov99": 0.991421568627451
  },
  "high": {
    "mu": 1.0033025741577148,
    "sigma": 0.022530242800712585,
    "snr": 44.53136981399874,
    "half_fwhm": 0.026527333682917466,
    "half_fwhm_over_mean": 0.02644001357734729,
    "half_66": 0.021497574825387146,
    "half_66_over_full_scale": 0.021497574825387146,
    "cov33": 0.32965686274509803,
    "cov66": 0.65625,
    "cov99": 0.9926470588235294
  },
  "pass": {
    "half_fwhm_over_mean": false,
    "half66_over_full_scale": false
  },
  "estimated_beam_factor_to_meet_half_fwhm": 7.844230542801025
}
