{
  "sample_dir": "/home/yyb/workspace/XRay-all/XRay-detectionCode/data/raw/batch_pbs_100w/sample_00085_ore",
  "blank_columns": [
    0,
    2,
    3,
    12,
    17,
    20,
    23,
    27,
    30,
    31,
    32,
    33,
    34,
    35,
    41,
    79,
    83,
    84,
    85,
    86,
    87,
    94,
    97,
    100,
    104,
    108,
    111,
    121,
    122,
    124,
    125,
    126
  ],
  "criteria": {
    "target_half_fwhm_over_mean": 0.01,
    "target_half66_over_full_scale": 0.01,
    "gaussian_central_targets": {
      "33": 0.33,
      "66": 0.66,
      "99": 0.99
    }
  },
  "low": {
    "mu": 1.0040383338928223,
    "sigma": 0.02469215914607048,
    "snr": 40.66223321959292,
    "half_fwhm": 0.029072795655748423,
    "half_fwhm_over_mean": 0.028955862215965796,
    "half_66": 0.02356040028233646,
    "half_66_over_full_scale": 0.02356040028233646,
    "cov33": 0.31985294117647056,
    "cov66": 0.6629901960784313,
    "cov99": 0.9895833333333334
  },
  "high": {
    "mu": 1.0036871433258057,
    "sigma": 0.021964993327856064,
    "snr": 45.6948530939423,
    "half_fwhm": 0.025861803288363357,
    "half_fwhm_over_mean": 0.025766797413253693,
    "half_66": 0.020958233419028253,
    "half_66_over_full_scale": 0.020958233419028253,
    "cov33": 0.3241421568627451,
    "cov66": 0.6605392156862745,
    "cov99": 0.9889705882352942
  },
  "pass": {
    "half_fwhm_over_mean": false,
    "half66_over_full_scale": false
  },
  "estimated_beam_factor_to_meet_half_fwhm": 8.384419566699956
}
