{
  "sample_dir": "/home/yyb/workspace/XRay-all/XRay-detectionCode/data/raw/batch_pbs_100w/sample_00035_ore",
  "blank_columns": [
    0,
    7,
    8,
    10,
    11,
    12,
    13,
    14,
    18,
    19,
    23,
    28,
    29,
    30,
    31,
    32,
    33,
    34,
    37,
    40,
    95,
    97,
    98,
    102,
    104,
    109,
    111,
    112,
    113,
    120,
    124,
    125
  ],
  "criteria": {
    "target_half_fwhm_over_mean": 0.01,
    "target_half66_over_full_scale": 0.01,
    "gaussian_central_targets": {
      "33": 0.33,
      "66": 0.66,
      "99": 0.99
    }
  },
  "low": {
    "mu": 1.0033142566680908,
    "sigma": 0.02488343045115471,
    "snr": 40.32057632236685,
    "half_fwhm": 0.02929800040737125,
    "half_fwhm_over_mean": 0.029201220069041044,
    "half_66": 0.023742904715571753,
    "half_66_over_full_scale": 0.023742904715571753,
    "cov33": 0.3486519607843137,
    "cov66": 0.6801470588235294,
    "cov99": 0.9895833333333334
  },
  "high": {
    "mu": 1.0026960372924805,
    "sigma": 0.02321818843483925,
    "snr": 43.185799792541935,
    "half_fwhm": 0.02733732776747332,
    "half_fwhm_over_mean": 0.027263823482628548,
    "half_66": 0.022153988645524435,
    "half_66_over_full_scale": 0.022153988645524435,
    "cov33": 0.34558823529411764,
    "cov66": 0.6587009803921569,
    "cov99": 0.9901960784313726
  },
  "pass": {
    "half_fwhm_over_mean": false,
    "half66_over_full_scale": false
  },
  "estimated_beam_factor_to_meet_half_fwhm": 8.527112535205655
}
