{
  "sample_dir": "/home/yyb/workspace/XRay-all/XRay-detectionCode/data/raw/batch_pbs_100w/sample_00089_ore",
  "blank_columns": [
    0,
    5,
    10,
    12,
    13,
    14,
    18,
    23,
    28,
    32,
    36,
    37,
    40,
    41,
    43,
    45,
    88,
    94,
    95,
    97,
    98,
    102,
    104,
    105,
    106,
    112,
    113,
    114,
    120,
    122,
    124,
    126
  ],
  "criteria": {
    "target_half_fwhm_over_mean": 0.01,
    "target_half66_over_full_scale": 0.01,
    "gaussian_central_targets": {
      "33": 0.33,
      "66": 0.66,
      "99": 0.99
    }
  },
  "low": {
    "mu": 1.003424048423767,
    "sigma": 0.02423708699643612,
    "snr": 41.40035675786092,
    "half_fwhm": 0.028536989145808305,
    "half_fwhm_over_mean": 0.028439610542158877,
    "half_66": 0.023126186249480804,
    "half_66_over_full_scale": 0.023126186249480804,
    "cov33": 0.3321078431372549,
    "cov66": 0.647671568627451,
    "cov99": 0.9895833333333334
  },
  "high": {
    "mu": 1.0034774541854858,
    "sigma": 0.022688379511237144,
    "snr": 44.22869661927515,
    "half_fwhm": 0.026713525430814265,
    "half_fwhm_over_mean": 0.026620952288855766,
    "half_66": 0.021648463379816518,
    "half_66_over_full_scale": 0.021648463379816518,
    "cov33": 0.3480392156862745,
    "cov66": 0.6691176470588235,
    "cov99": 0.9859068627450981
  },
  "pass": {
    "half_fwhm_over_mean": false,
    "half66_over_full_scale": false
  },
  "estimated_beam_factor_to_meet_half_fwhm": 8.088114477896742
}
