{
  "sample_dir": "/home/yyb/workspace/XRay-all/XRay-detectionCode/data/raw/batch_pbs_100w/sample_00007_ore",
  "blank_columns": [
    0,
    1,
    3,
    5,
    14,
    16,
    20,
    28,
    29,
    30,
    31,
    32,
    34,
    40,
    83,
    86,
    94,
    95,
    97,
    98,
    102,
    104,
    111,
    112,
    113,
    114,
    119,
    120,
    121,
    122,
    123,
    126
  ],
  "criteria": {
    "target_half_fwhm_over_mean": 0.01,
    "target_half66_over_full_scale": 0.01,
    "gaussian_central_targets": {
      "33": 0.33,
      "66": 0.66,
      "99": 0.99
    }
  },
  "low": {
    "mu": 1.0031954050064087,
    "sigma": 0.024605263024568558,
    "snr": 40.77157817840475,
    "half_fwhm": 0.028970483291375682,
    "half_fwhm_over_mean": 0.02887820572821564,
    "half_66": 0.023477487022566156,
    "half_66_over_full_scale": 0.023477487022566156,
    "cov33": 0.3431372549019608,
    "cov66": 0.6636029411764706,
    "cov99": 0.991421568627451
  },
  "high": {
    "mu": 1.0039359331130981,
    "sigma": 0.022443970665335655,
    "snr": 44.730763022412106,
    "half_fwhm": 0.02642575600606219,
    "half_fwhm_over_mean": 0.026322153769433018,
    "half_66": 0.021415256951495758,
    "half_66_over_full_scale": 0.021415256951495758,
    "cov33": 0.31004901960784315,
    "cov66": 0.647671568627451,
    "cov99": 0.9926470588235294
  },
  "pass": {
    "half_fwhm_over_mean": false,
    "half66_over_full_scale": false
  },
  "estimated_beam_factor_to_meet_half_fwhm": 8.339507660811465
}
