{
  "sample_dir": "/home/yyb/workspace/XRay-all/XRay-detectionCode/data/raw/batch_pbs_100w/sample_00003_ore",
  "blank_columns": [
    0,
    3,
    7,
    12,
    15,
    19,
    20,
    21,
    23,
    27,
    28,
    29,
    30,
    31,
    34,
    35,
    37,
    83,
    84,
    86,
    94,
    95,
    97,
    98,
    102,
    106,
    112,
    114,
    121,
    124,
    126,
    127
  ],
  "criteria": {
    "target_half_fwhm_over_mean": 0.01,
    "target_half66_over_full_scale": 0.01,
    "gaussian_central_targets": {
      "33": 0.33,
      "66": 0.66,
      "99": 0.99
    }
  },
  "low": {
    "mu": 1.0038437843322754,
    "sigma": 0.0250086709856987,
    "snr": 40.139829297859414,
    "half_fwhm": 0.0294454598679666,
    "half_fwhm_over_mean": 0.029332711252032878,
    "half_66": 0.023862404881919087,
    "half_66_over_full_scale": 0.023862404881919087,
    "cov33": 0.3241421568627451,
    "cov66": 0.6599264705882353,
    "cov99": 0.9871323529411765
  },
  "high": {
    "mu": 1.0032564401626587,
    "sigma": 0.022035110741853714,
    "snr": 45.5299023415872,
    "half_fwhm": 0.025944360234355972,
    "half_fwhm_over_mean": 0.025860148209115502,
    "half_66": 0.021025137019105276,
    "half_66_over_full_scale": 0.021025137019105276,
    "cov33": 0.34129901960784315,
    "cov66": 0.6580882352941176,
    "cov99": 0.9895833333333334
  },
  "pass": {
    "half_fwhm_over_mean": false,
    "half66_over_full_scale": false
  },
  "estimated_beam_factor_to_meet_half_fwhm": 8.604079493951362
}
