{
  "sample_dir": "/home/yyb/workspace/XRay-all/XRay-detectionCode/data/raw/batch_pbs_100w/sample_00017_ore",
  "blank_columns": [
    0,
    1,
    3,
    5,
    6,
    7,
    8,
    9,
    11,
    14,
    17,
    21,
    22,
    23,
    25,
    26,
    27,
    29,
    30,
    32,
    33,
    94,
    97,
    98,
    102,
    105,
    111,
    113,
    114,
    118,
    122,
    126
  ],
  "criteria": {
    "target_half_fwhm_over_mean": 0.01,
    "target_half66_over_full_scale": 0.01,
    "gaussian_central_targets": {
      "33": 0.33,
      "66": 0.66,
      "99": 0.99
    }
  },
  "low": {
    "mu": 0.9998807907104492,
    "sigma": 0.04280514642596245,
    "snr": 23.358891960336695,
    "half_fwhm": 0.05039920841650824,
    "half_fwhm_over_mean": 0.050405217186638714,
    "half_66": 0.040843183375488375,
    "half_66_over_full_scale": 0.040843183375488375,
    "cov33": 0.5318627450980392,
    "cov66": 0.8884803921568627,
    "cov99": 0.9926470588235294
  },
  "high": {
    "mu": 0.9987379908561707,
    "sigma": 0.04290423169732094,
    "snr": 23.278309652577573,
    "half_fwhm": 0.05051587240808786,
    "half_fwhm_over_mean": 0.05057970445760554,
    "half_66": 0.04093772709851721,
    "half_66_over_full_scale": 0.04093772709851721,
    "cov33": 0.5729166666666666,
    "cov66": 0.9234068627450981,
    "cov99": 0.9926470588235294
  },
  "pass": {
    "half_fwhm_over_mean": false,
    "half66_over_full_scale": false
  },
  "estimated_beam_factor_to_meet_half_fwhm": 25.583065030187218
}
