{
  "sample_dir": "/home/yyb/workspace/XRay-all/XRay-detectionCode/data/raw/batch_pbs_100w/sample_00018_ore",
  "blank_columns": [
    0,
    2,
    5,
    6,
    7,
    10,
    11,
    12,
    13,
    20,
    23,
    25,
    27,
    29,
    30,
    34,
    37,
    83,
    84,
    92,
    97,
    98,
    102,
    107,
    108,
    111,
    112,
    113,
    122,
    124,
    125,
    126
  ],
  "criteria": {
    "target_half_fwhm_over_mean": 0.01,
    "target_half66_over_full_scale": 0.01,
    "gaussian_central_targets": {
      "33": 0.33,
      "66": 0.66,
      "99": 0.99
    }
  },
  "low": {
    "mu": 1.0038189888000488,
    "sigma": 0.023878810927271843,
    "snr": 42.03806428458267,
    "half_fwhm": 0.028115151311152387,
    "half_fwhm_over_mean": 0.028008188353520633,
    "half_66": 0.02278433167325045,
    "half_66_over_full_scale": 0.02278433167325045,
    "cov33": 0.3284313725490196,
    "cov66": 0.6593137254901961,
    "cov99": 0.9920343137254902
  },
  "high": {
    "mu": 1.0033257007598877,
    "sigma": 0.023020083084702492,
    "snr": 43.58479928452676,
    "half_fwhm": 0.02710407654271143,
    "half_fwhm_over_mean": 0.027014235279913236,
    "half_66": 0.02196496340396158,
    "half_66_over_full_scale": 0.02196496340396158,
    "cov33": 0.32230392156862747,
    "cov66": 0.6544117647058824,
    "cov99": 0.9889705882352942
  },
  "pass": {
    "half_fwhm_over_mean": false,
    "half66_over_full_scale": false
  },
  "estimated_beam_factor_to_meet_half_fwhm": 7.844586148462887
}
