{
  "sample_dir": "/home/yyb/workspace/XRay-all/XRay-detectionCode/data/raw/batch_pbs_100w/sample_00072_ore",
  "blank_columns": [
    0,
    1,
    2,
    3,
    5,
    8,
    12,
    13,
    18,
    19,
    20,
    23,
    26,
    28,
    29,
    34,
    40,
    41,
    43,
    94,
    97,
    98,
    102,
    103,
    107,
    111,
    112,
    115,
    121,
    122,
    125,
    126
  ],
  "criteria": {
    "target_half_fwhm_over_mean": 0.01,
    "target_half66_over_full_scale": 0.01,
    "gaussian_central_targets": {
      "33": 0.33,
      "66": 0.66,
      "99": 0.99
    }
  },
  "low": {
    "mu": 1.0034034252166748,
    "sigma": 0.023956572636961937,
    "snr": 41.884264515724226,
    "half_fwhm": 0.028206708727508238,
    "half_fwhm_over_mean": 0.028111034922386563,
    "half_66": 0.02285852919466198,
    "half_66_over_full_scale": 0.02285852919466198,
    "cov33": 0.33088235294117646,
    "cov66": 0.6672794117647058,
    "cov99": 0.9852941176470589
  },
  "high": {
    "mu": 1.0036132335662842,
    "sigma": 0.022365793585777283,
    "snr": 44.87268603804408,
    "half_fwhm": 0.026333709529060386,
    "half_fwhm_over_mean": 0.026238902246720087,
    "half_66": 0.021340663098588713,
    "half_66_over_full_scale": 0.021340663098588713,
    "cov33": 0.35110294117647056,
    "cov66": 0.6734068627450981,
    "cov99": 0.9877450980392157
  },
  "pass": {
    "half_fwhm_over_mean": false,
    "half66_over_full_scale": false
  },
  "estimated_beam_factor_to_meet_half_fwhm": 7.9023028440763685
}
