{
  "sample_dir": "/home/yyb/workspace/XRay-all/XRay-detectionCode/data/raw/batch_pbs_100w/sample_00009_ore",
  "blank_columns": [
    0,
    1,
    3,
    12,
    13,
    17,
    18,
    21,
    31,
    32,
    33,
    34,
    36,
    41,
    42,
    45,
    46,
    80,
    81,
    83,
    84,
    86,
    94,
    102,
    111,
    113,
    117,
    118,
    119,
    121,
    125,
    126
  ],
  "criteria": {
    "target_half_fwhm_over_mean": 0.01,
    "target_half66_over_full_scale": 0.01,
    "gaussian_central_targets": {
      "33": 0.33,
      "66": 0.66,
      "99": 0.99
    }
  },
  "low": {
    "mu": 1.0036572217941284,
    "sigma": 0.02436854876577854,
    "snr": 41.18658158271589,
    "half_fwhm": 0.028691773550607657,
    "half_fwhm_over_mean": 0.02858722373293793,
    "half_66": 0.023251622501904465,
    "half_66_over_full_scale": 0.023251622501904465,
    "cov33": 0.34375,
    "cov66": 0.6691176470588235,
    "cov99": 0.9920343137254902
  },
  "high": {
    "mu": 1.0037283897399902,
    "sigma": 0.02189556136727333,
    "snr": 45.84163762251076,
    "half_fwhm": 0.02578005340209142,
    "half_fwhm_over_mean": 0.025684292350014716,
    "half_66": 0.02089198385478239,
    "half_66_over_full_scale": 0.02089198385478239,
    "cov33": 0.3118872549019608,
    "cov66": 0.6636029411764706,
    "cov99": 0.991421568627451
  },
  "pass": {
    "half_fwhm_over_mean": false,
    "half66_over_full_scale": false
  },
  "estimated_beam_factor_to_meet_half_fwhm": 8.172293607570497
}
