{
  "sample_dir": "/home/yyb/workspace/XRay-all/XRay-detectionCode/data/raw/batch_pbs_100w/sample_00031_ore",
  "blank_columns": [
    0,
    1,
    3,
    4,
    5,
    8,
    10,
    11,
    12,
    13,
    15,
    18,
    20,
    23,
    28,
    31,
    32,
    33,
    34,
    94,
    95,
    98,
    103,
    106,
    108,
    111,
    112,
    113,
    114,
    120,
    122,
    126
  ],
  "criteria": {
    "target_half_fwhm_over_mean": 0.01,
    "target_half66_over_full_scale": 0.01,
    "gaussian_central_targets": {
      "33": 0.33,
      "66": 0.66,
      "99": 0.99
    }
  },
  "low": {
    "mu": 1.00310480594635,
    "sigma": 0.02426452562212944,
    "snr": 41.34038396495625,
    "half_fwhm": 0.02856929565870325,
    "half_fwhm_over_mean": 0.028480868090099896,
    "half_66": 0.023152367232711458,
    "half_66_over_full_scale": 0.023152367232711458,
    "cov33": 0.3272058823529412,
    "cov66": 0.6709558823529411,
    "cov99": 0.9889705882352942
  },
  "high": {
    "mu": 1.003279685974121,
    "sigma": 0.02246040292084217,
    "snr": 44.66881958930158,
    "half_fwhm": 0.026445103508387843,
    "half_fwhm_over_mean": 0.026358655395988927,
    "half_66": 0.021430936038730895,
    "half_66_over_full_scale": 0.021430936038730895,
    "cov33": 0.32107843137254904,
    "cov66": 0.6593137254901961,
    "cov99": 0.9889705882352942
  },
  "pass": {
    "half_fwhm_over_mean": false,
    "half66_over_full_scale": false
  },
  "estimated_beam_factor_to_meet_half_fwhm": 8.111598471656706
}
