{
  "sample_dir": "/home/yyb/workspace/XRay-all/XRay-detectionCode/data/raw/batch_pbs_100w/sample_00041_ore",
  "blank_columns": [
    0,
    1,
    3,
    7,
    12,
    13,
    17,
    20,
    21,
    25,
    29,
    32,
    34,
    35,
    36,
    37,
    40,
    83,
    86,
    87,
    94,
    98,
    100,
    103,
    111,
    112,
    113,
    114,
    115,
    117,
    121,
    122
  ],
  "criteria": {
    "target_half_fwhm_over_mean": 0.01,
    "target_half66_over_full_scale": 0.01,
    "gaussian_central_targets": {
      "33": 0.33,
      "66": 0.66,
      "99": 0.99
    }
  },
  "low": {
    "mu": 1.0046734809875488,
    "sigma": 0.023823384195566177,
    "snr": 42.17173650645868,
    "half_fwhm": 0.028049891321727714,
    "half_fwhm_over_mean": 0.027919410487630202,
    "half_66": 0.022731445411761447,
    "half_66_over_full_scale": 0.022731445411761447,
    "cov33": 0.32659313725490197,
    "cov66": 0.6580882352941176,
    "cov99": 0.9895833333333334
  },
  "high": {
    "mu": 1.0032424926757812,
    "sigma": 0.02153880149126053,
    "snr": 46.57838056044352,
    "half_fwhm": 0.025360000748448092,
    "half_fwhm_over_mean": 0.025278036898945134,
    "half_66": 0.020551575977374233,
    "half_66_over_full_scale": 0.020551575977374233,
    "cov33": 0.3327205882352941,
    "cov66": 0.6580882352941176,
    "cov99": 0.9920343137254902
  },
  "pass": {
    "half_fwhm_over_mean": false,
    "half66_over_full_scale": false
  },
  "estimated_beam_factor_to_meet_half_fwhm": 7.7949348197679535
}
