{
  "sample_dir": "/home/yyb/workspace/XRay-all/XRay-detectionCode/data/raw/batch_pbs_100w/sample_00044_ore",
  "blank_columns": [
    0,
    1,
    3,
    6,
    8,
    11,
    12,
    14,
    18,
    19,
    21,
    25,
    27,
    28,
    29,
    32,
    33,
    34,
    37,
    40,
    43,
    93,
    94,
    95,
    103,
    106,
    108,
    109,
    112,
    122,
    124,
    126
  ],
  "criteria": {
    "target_half_fwhm_over_mean": 0.01,
    "target_half66_over_full_scale": 0.01,
    "gaussian_central_targets": {
      "33": 0.33,
      "66": 0.66,
      "99": 0.99
    }
  },
  "low": {
    "mu": 1.0023572444915771,
    "sigma": 0.028996432200074196,
    "snr": 34.568295767401764,
    "half_fwhm": 0.03414068988910908,
    "half_fwhm_over_mean": 0.03406040119600888,
    "half_66": 0.027667388070520257,
    "half_66_over_full_scale": 0.027667388070520257,
    "cov33": 0.38235294117647056,
    "cov66": 0.7144607843137255,
    "cov99": 0.9969362745098039
  },
  "high": {
    "mu": 1.0021542310714722,
    "sigma": 0.0272302757948637,
    "snr": 36.80294091110539,
    "half_fwhm": 0.032061199636311676,
    "half_fwhm_over_mean": 0.0319922808708125,
    "half_66": 0.025982182997046813,
    "half_66_over_full_scale": 0.025982182997046813,
    "cov33": 0.40808823529411764,
    "cov66": 0.7536764705882353,
    "cov99": 0.9950980392156863
  },
  "pass": {
    "half_fwhm_over_mean": false,
    "half66_over_full_scale": false
  },
  "estimated_beam_factor_to_meet_half_fwhm": 11.60110929633083
}
