{
  "sample_dir": "/home/yyb/workspace/XRay-all/XRay-detectionCode/data/raw/batch_pbs_100w/sample_00048_ore",
  "blank_columns": [
    0,
    1,
    5,
    6,
    10,
    12,
    16,
    17,
    18,
    20,
    21,
    23,
    28,
    29,
    35,
    37,
    38,
    94,
    95,
    98,
    100,
    106,
    107,
    110,
    111,
    113,
    114,
    120,
    124,
    125,
    126,
    127
  ],
  "criteria": {
    "target_half_fwhm_over_mean": 0.01,
    "target_half66_over_full_scale": 0.01,
    "gaussian_central_targets": {
      "33": 0.33,
      "66": 0.66,
      "99": 0.99
    }
  },
  "low": {
    "mu": 1.003493070602417,
    "sigma": 0.02391486056149006,
    "snr": 41.96106717922225,
    "half_fwhm": 0.028157596511788372,
    "half_fwhm_over_mean": 0.028059582409358148,
    "half_66": 0.022818728981610102,
    "half_66_over_full_scale": 0.022818728981610102,
    "cov33": 0.32659313725490197,
    "cov66": 0.6642156862745098,
    "cov99": 0.9908088235294118
  },
  "high": {
    "mu": 1.0024226903915405,
    "sigma": 0.0224353838711977,
    "snr": 44.680434092257265,
    "half_fwhm": 0.02641564582858302,
    "half_fwhm_over_mean": 0.026351803567280806,
    "half_66": 0.021407063730893402,
    "half_66_over_full_scale": 0.021407063730893402,
    "cov33": 0.33517156862745096,
    "cov66": 0.6544117647058824,
    "cov99": 0.9908088235294118
  },
  "pass": {
    "half_fwhm_over_mean": false,
    "half66_over_full_scale": false
  },
  "estimated_beam_factor_to_meet_half_fwhm": 7.873401649875612
}
