{
  "sample_dir": "/home/yyb/workspace/XRay-all/XRay-detectionCode/data/raw/batch_pbs_100w/sample_00022_ore",
  "blank_columns": [
    0,
    1,
    5,
    11,
    12,
    13,
    20,
    21,
    23,
    27,
    28,
    29,
    30,
    32,
    33,
    34,
    92,
    94,
    98,
    100,
    102,
    103,
    105,
    106,
    111,
    112,
    114,
    120,
    121,
    124,
    125,
    126
  ],
  "criteria": {
    "target_half_fwhm_over_mean": 0.01,
    "target_half66_over_full_scale": 0.01,
    "gaussian_central_targets": {
      "33": 0.33,
      "66": 0.66,
      "99": 0.99
    }
  },
  "low": {
    "mu": 1.004592776298523,
    "sigma": 0.023378655314445496,
    "snr": 42.9705114681165,
    "half_fwhm": 0.027526263079801015,
    "half_fwhm_over_mean": 0.02740041908446031,
    "half_66": 0.02230710056632551,
    "half_66_over_full_scale": 0.02230710056632551,
    "cov33": 0.3333333333333333,
    "cov66": 0.6678921568627451,
    "cov99": 0.9901960784313726
  },
  "high": {
    "mu": 1.0023274421691895,
    "sigma": 0.02220233716070652,
    "snr": 45.1451320153402,
    "half_fwhm": 0.02614125429594005,
    "half_fwhm_over_mean": 0.02608055331635577,
    "half_66": 0.021184698657382695,
    "half_66_over_full_scale": 0.021184698657382695,
    "cov33": 0.3118872549019608,
    "cov66": 0.6617647058823529,
    "cov99": 0.9895833333333334
  },
  "pass": {
    "half_fwhm_over_mean": false,
    "half66_over_full_scale": false
  },
  "estimated_beam_factor_to_meet_half_fwhm": 7.507829660040568
}
