{
  "sample_dir": "/home/yyb/workspace/XRay-all/XRay-detectionCode/data/raw/batch_pbs_100w/sample_00067_ore",
  "blank_columns": [
    0,
    1,
    11,
    12,
    13,
    18,
    20,
    25,
    26,
    27,
    28,
    31,
    32,
    36,
    37,
    86,
    89,
    94,
    95,
    97,
    98,
    102,
    103,
    104,
    109,
    111,
    114,
    115,
    119,
    120,
    121,
    122
  ],
  "criteria": {
    "target_half_fwhm_over_mean": 0.01,
    "target_half66_over_full_scale": 0.01,
    "gaussian_central_targets": {
      "33": 0.33,
      "66": 0.66,
      "99": 0.99
    }
  },
  "low": {
    "mu": 1.0044602155685425,
    "sigma": 0.02479640394449234,
    "snr": 40.50830184155184,
    "half_fwhm": 0.029195534526203812,
    "half_fwhm_over_mean": 0.02906589437161393,
    "half_66": 0.023659867046811826,
    "half_66_over_full_scale": 0.023659867046811826,
    "cov33": 0.31066176470588236,
    "cov66": 0.6384803921568627,
    "cov99": 0.9908088235294118
  },
  "high": {
    "mu": 1.0031489133834839,
    "sigma": 0.02271076664328575,
    "snr": 44.17063189190298,
    "half_fwhm": 0.026739884264463325,
    "half_fwhm_over_mean": 0.026655946996217497,
    "half_66": 0.021669824403334897,
    "half_66_over_full_scale": 0.021669824403334897,
    "cov33": 0.3321078431372549,
    "cov66": 0.6776960784313726,
    "cov99": 0.9877450980392157
  },
  "pass": {
    "half_fwhm_over_mean": false,
    "half66_over_full_scale": false
  },
  "estimated_beam_factor_to_meet_half_fwhm": 8.448262156218181
}
