{
  "sample_dir": "/home/yyb/workspace/XRay-all/XRay-detectionCode/data/raw/batch_pbs_100w/sample_00082_ore",
  "blank_columns": [
    0,
    6,
    7,
    8,
    12,
    18,
    20,
    21,
    23,
    25,
    27,
    31,
    32,
    35,
    36,
    37,
    40,
    41,
    94,
    95,
    97,
    98,
    102,
    105,
    111,
    112,
    115,
    116,
    121,
    122,
    125,
    126
  ],
  "criteria": {
    "target_half_fwhm_over_mean": 0.01,
    "target_half66_over_full_scale": 0.01,
    "gaussian_central_targets": {
      "33": 0.33,
      "66": 0.66,
      "99": 0.99
    }
  },
  "low": {
    "mu": 1.0033141374588013,
    "sigma": 0.023694900795817375,
    "snr": 42.34304022221973,
    "half_fwhm": 0.027898613679138602,
    "half_fwhm_over_mean": 0.027806459250938435,
    "half_66": 0.02260885101611505,
    "half_66_over_full_scale": 0.02260885101611505,
    "cov33": 0.3272058823529412,
    "cov66": 0.6654411764705882,
    "cov99": 0.9883578431372549
  },
  "high": {
    "mu": 1.0037341117858887,
    "sigma": 0.023116519674658775,
    "snr": 43.42064142493824,
    "half_fwhm": 0.02721762195026168,
    "half_fwhm_over_mean": 0.027116366406871307,
    "half_66": 0.022056979847229773,
    "half_66_over_full_scale": 0.022056979847229773,
    "cov33": 0.3443627450980392,
    "cov66": 0.65625,
    "cov99": 0.9932598039215687
  },
  "pass": {
    "half_fwhm_over_mean": false,
    "half66_over_full_scale": false
  },
  "estimated_beam_factor_to_meet_half_fwhm": 7.731991760740997
}
