{
  "sample_dir": "/home/yyb/workspace/XRay-all/XRay-detectionCode/data/raw/batch_pbs_100w/sample_00001_ore",
  "blank_columns": [
    0,
    5,
    6,
    8,
    11,
    12,
    14,
    19,
    20,
    21,
    23,
    24,
    25,
    27,
    28,
    29,
    30,
    31,
    32,
    35,
    36,
    85,
    88,
    94,
    98,
    102,
    103,
    107,
    111,
    114,
    118,
    121
  ],
  "criteria": {
    "target_half_fwhm_over_mean": 0.01,
    "target_half66_over_full_scale": 0.01,
    "gaussian_central_targets": {
      "33": 0.33,
      "66": 0.66,
      "99": 0.99
    }
  },
  "low": {
    "mu": 1.003128170967102,
    "sigma": 0.024465827271342278,
    "snr": 41.00119566126844,
    "half_fwhm": 0.028806310238032224,
    "half_fwhm_over_mean": 0.028716480178460603,
    "half_66": 0.02334444227179137,
    "half_66_over_full_scale": 0.02334444227179137,
    "cov33": 0.33517156862745096,
    "cov66": 0.6580882352941176,
    "cov99": 0.9889705882352942
  },
  "high": {
    "mu": 1.0031734704971313,
    "sigma": 0.022671813145279884,
    "snr": 44.247606667752784,
    "half_fwhm": 0.02669402002549978,
    "half_fwhm_over_mean": 0.02660957532327019,
    "half_66": 0.021632656329049198,
    "half_66_over_full_scale": 0.021632656329049198,
    "cov33": 0.3284313725490196,
    "cov66": 0.6550245098039216,
    "cov99": 0.9877450980392157
  },
  "pass": {
    "half_fwhm_over_mean": false,
    "half66_over_full_scale": false
  },
  "estimated_beam_factor_to_meet_half_fwhm": 8.246362338399207
}
