{
  "sample_dir": "/home/yyb/workspace/XRay-all/XRay-detectionCode/data/raw/batch_pbs_100w/sample_00074_ore",
  "blank_columns": [
    0,
    1,
    3,
    5,
    7,
    8,
    10,
    11,
    12,
    13,
    20,
    23,
    27,
    28,
    29,
    32,
    33,
    34,
    35,
    36,
    37,
    94,
    98,
    102,
    103,
    108,
    111,
    117,
    118,
    120,
    121,
    124
  ],
  "criteria": {
    "target_half_fwhm_over_mean": 0.01,
    "target_half66_over_full_scale": 0.01,
    "gaussian_central_targets": {
      "33": 0.33,
      "66": 0.66,
      "99": 0.99
    }
  },
  "low": {
    "mu": 1.0039349794387817,
    "sigma": 0.024943292140960693,
    "snr": 40.24869587243327,
    "half_fwhm": 0.0293684821609126,
    "half_fwhm_over_mean": 0.029253370748502185,
    "half_66": 0.023800022659979242,
    "half_66_over_full_scale": 0.023800022659979242,
    "cov33": 0.3278186274509804,
    "cov66": 0.6691176470588235,
    "cov99": 0.9859068627450981
  },
  "high": {
    "mu": 1.0036553144454956,
    "sigma": 0.021669110283255577,
    "snr": 46.31732919930047,
    "half_fwhm": 0.02551342762616293,
    "half_fwhm_over_mean": 0.025420507677238486,
    "half_66": 0.02067591209887536,
    "half_66_over_full_scale": 0.02067591209887536,
    "cov33": 0.31985294117647056,
    "cov66": 0.6513480392156863,
    "cov99": 0.991421568627451
  },
  "pass": {
    "half_fwhm_over_mean": false,
    "half66_over_full_scale": false
  },
  "estimated_beam_factor_to_meet_half_fwhm": 8.557597001493232
}
