{
  "sample_dir": "/home/yyb/workspace/XRay-all/XRay-detectionCode/data/raw/batch_pbs_100w/sample_00047_ore",
  "blank_columns": [
    0,
    3,
    5,
    7,
    12,
    13,
    19,
    20,
    23,
    25,
    27,
    28,
    32,
    34,
    37,
    94,
    95,
    96,
    97,
    98,
    99,
    102,
    103,
    106,
    109,
    111,
    117,
    120,
    121,
    122,
    125,
    126
  ],
  "criteria": {
    "target_half_fwhm_over_mean": 0.01,
    "target_half66_over_full_scale": 0.01,
    "gaussian_central_targets": {
      "33": 0.33,
      "66": 0.66,
      "99": 0.99
    }
  },
  "low": {
    "mu": 1.002233624458313,
    "sigma": 0.024495504796504974,
    "snr": 40.915001866028575,
    "half_fwhm": 0.028841252853601777,
    "half_fwhm_over_mean": 0.028776975896403288,
    "half_66": 0.023372759535100988,
    "half_66_over_full_scale": 0.023372759535100988,
    "cov33": 0.3278186274509804,
    "cov66": 0.6623774509803921,
    "cov99": 0.9901960784313726
  },
  "high": {
    "mu": 1.0029038190841675,
    "sigma": 0.02264510653913021,
    "snr": 44.28788256532038,
    "half_fwhm": 0.026662575399752197,
    "half_fwhm_over_mean": 0.02658537627675997,
    "half_66": 0.021607173813431718,
    "half_66_over_full_scale": 0.021607173813431718,
    "cov33": 0.3241421568627451,
    "cov66": 0.6537990196078431,
    "cov99": 0.9920343137254902
  },
  "pass": {
    "half_fwhm_over_mean": false,
    "half66_over_full_scale": false
  },
  "estimated_beam_factor_to_meet_half_fwhm": 8.28114341742176
}
