{
  "sample_dir": "/home/yyb/workspace/XRay-all/XRay-detectionCode/data/raw/batch_pbs_100w/sample_00061_ore",
  "blank_columns": [
    0,
    1,
    7,
    8,
    12,
    15,
    18,
    20,
    21,
    23,
    25,
    26,
    29,
    30,
    31,
    32,
    33,
    36,
    37,
    41,
    45,
    83,
    85,
    87,
    94,
    98,
    103,
    104,
    108,
    121,
    125,
    126
  ],
  "criteria": {
    "target_half_fwhm_over_mean": 0.01,
    "target_half66_over_full_scale": 0.01,
    "gaussian_central_targets": {
      "33": 0.33,
      "66": 0.66,
      "99": 0.99
    }
  },
  "low": {
    "mu": 1.0036028623580933,
    "sigma": 0.024407414719462395,
    "snr": 41.11876959905236,
    "half_fwhm": 0.02873753471400905,
    "half_fwhm_over_mean": 0.028634369023705787,
    "half_66": 0.023288707044439985,
    "half_66_over_full_scale": 0.023288707044439985,
    "cov33": 0.32598039215686275,
    "cov66": 0.6593137254901961,
    "cov99": 0.9926470588235294
  },
  "high": {
    "mu": 1.0039268732070923,
    "sigma": 0.022834373638033867,
    "snr": 43.9655971791103,
    "half_fwhm": 0.02688542037893086,
    "half_fwhm_over_mean": 0.026780257702479965,
    "half_66": 0.021787765902769374,
    "half_66_over_full_scale": 0.021787765902769374,
    "cov33": 0.32659313725490197,
    "cov66": 0.6544117647058824,
    "cov99": 0.9883578431372549
  },
  "pass": {
    "half_fwhm_over_mean": false,
    "half66_over_full_scale": false
  },
  "estimated_beam_factor_to_meet_half_fwhm": 8.199270893857616
}
