{
  "sample_dir": "/home/yyb/workspace/XRay-all/XRay-detectionCode/data/raw/batch_pbs_100w/sample_00083_ore",
  "blank_columns": [
    3,
    7,
    8,
    10,
    12,
    14,
    17,
    20,
    27,
    28,
    30,
    31,
    32,
    33,
    35,
    40,
    76,
    83,
    87,
    88,
    97,
    98,
    102,
    103,
    105,
    108,
    111,
    112,
    114,
    122,
    125,
    126
  ],
  "criteria": {
    "target_half_fwhm_over_mean": 0.01,
    "target_half66_over_full_scale": 0.01,
    "gaussian_central_targets": {
      "33": 0.33,
      "66": 0.66,
      "99": 0.99
    }
  },
  "low": {
    "mu": 1.0047942399978638,
    "sigma": 0.024024050682783127,
    "snr": 41.82451382846737,
    "half_fwhm": 0.02828615805495682,
    "half_fwhm_over_mean": 0.028151194472429458,
    "half_66": 0.022922914401334767,
    "half_66_over_full_scale": 0.022922914401334767,
    "cov33": 0.32598039215686275,
    "cov66": 0.6574754901960784,
    "cov99": 0.9901960784313726
  },
  "high": {
    "mu": 1.0042524337768555,
    "sigma": 0.02191896177828312,
    "snr": 45.81660591113623,
    "half_fwhm": 0.025807605280544967,
    "half_fwhm_over_mean": 0.025698324855919052,
    "half_66": 0.02091431171387727,
    "half_66_over_full_scale": 0.02091431171387727,
    "cov33": 0.3333333333333333,
    "cov66": 0.6672794117647058,
    "cov99": 0.9889705882352942
  },
  "pass": {
    "half_fwhm_over_mean": false,
    "half66_over_full_scale": false
  },
  "estimated_beam_factor_to_meet_half_fwhm": 7.924897502245427
}
