{
  "sample_dir": "/home/yyb/workspace/XRay-all/XRay-detectionCode/data/raw/batch_pbs_100w/sample_00034_ore",
  "blank_columns": [
    0,
    1,
    3,
    7,
    10,
    11,
    12,
    13,
    14,
    16,
    17,
    20,
    24,
    26,
    28,
    29,
    97,
    98,
    102,
    107,
    109,
    111,
    112,
    113,
    114,
    115,
    120,
    121,
    122,
    124,
    125,
    126
  ],
  "criteria": {
    "target_half_fwhm_over_mean": 0.01,
    "target_half66_over_full_scale": 0.01,
    "gaussian_central_targets": {
      "33": 0.33,
      "66": 0.66,
      "99": 0.99
    }
  },
  "low": {
    "mu": 1.0024292469024658,
    "sigma": 0.02671530470252037,
    "snr": 37.52265819404616,
    "half_fwhm": 0.03145486751088886,
    "half_fwhm_over_mean": 0.031378641044328345,
    "half_66": 0.025490815474358067,
    "half_66_over_full_scale": 0.025490815474358067,
    "cov33": 0.33455882352941174,
    "cov66": 0.7015931372549019,
    "cov99": 0.9926470588235294
  },
  "high": {
    "mu": 1.0009866952896118,
    "sigma": 0.0262208953499794,
    "snr": 38.175153133754385,
    "half_fwhm": 0.03087274498398939,
    "half_fwhm_over_mean": 0.030842313019012798,
    "half_66": 0.025019067249332966,
    "half_66_over_full_scale": 0.025019067249332966,
    "cov33": 0.3627450980392157,
    "cov66": 0.7408088235294118,
    "cov99": 0.9944852941176471
  },
  "pass": {
    "half_fwhm_over_mean": false,
    "half66_over_full_scale": false
  },
  "estimated_beam_factor_to_meet_half_fwhm": 9.846191137888074
}
