{
  "sample_dir": "/home/yyb/workspace/XRay-all/XRay-detectionCode/data/raw/batch_pbs_100w/sample_00081_ore",
  "blank_columns": [
    0,
    5,
    12,
    13,
    14,
    15,
    17,
    20,
    21,
    23,
    25,
    27,
    28,
    29,
    30,
    31,
    32,
    33,
    34,
    95,
    97,
    98,
    102,
    106,
    107,
    111,
    113,
    116,
    121,
    122,
    125,
    126
  ],
  "criteria": {
    "target_half_fwhm_over_mean": 0.01,
    "target_half66_over_full_scale": 0.01,
    "gaussian_central_targets": {
      "33": 0.33,
      "66": 0.66,
      "99": 0.99
    }
  },
  "low": {
    "mu": 1.0026565790176392,
    "sigma": 0.025216776877641678,
    "snr": 39.761488309262845,
    "half_fwhm": 0.029690485830881568,
    "half_fwhm_over_mean": 0.02961181969201365,
    "half_66": 0.024060972292986073,
    "half_66_over_full_scale": 0.024060972292986073,
    "cov33": 0.3327205882352941,
    "cov66": 0.6899509803921569,
    "cov99": 0.9859068627450981
  },
  "high": {
    "mu": 1.0025650262832642,
    "sigma": 0.02463678829371929,
    "snr": 40.69381992208985,
    "half_fwhm": 0.029007601459235765,
    "half_fwhm_over_mean": 0.028933386562239777,
    "half_66": 0.023507567338985867,
    "half_66_over_full_scale": 0.023507567338985867,
    "cov33": 0.3713235294117647,
    "cov66": 0.6985294117647058,
    "cov99": 0.9908088235294118
  },
  "pass": {
    "half_fwhm_over_mean": false,
    "half66_over_full_scale": false
  },
  "estimated_beam_factor_to_meet_half_fwhm": 8.768598654723272
}
