{
  "sample_dir": "/home/yyb/workspace/XRay-all/XRay-detectionCode/data/raw/batch_pbs_100w/sample_00005_ore",
  "blank_columns": [
    0,
    2,
    3,
    10,
    12,
    13,
    15,
    17,
    20,
    25,
    27,
    28,
    29,
    32,
    33,
    34,
    37,
    98,
    99,
    102,
    103,
    105,
    108,
    111,
    112,
    113,
    114,
    121,
    122,
    124,
    126,
    127
  ],
  "criteria": {
    "target_half_fwhm_over_mean": 0.01,
    "target_half66_over_full_scale": 0.01,
    "gaussian_central_targets": {
      "33": 0.33,
      "66": 0.66,
      "99": 0.99
    }
  },
  "low": {
    "mu": 1.0044878721237183,
    "sigma": 0.02597423456609249,
    "snr": 38.67247250608129,
    "half_fwhm": 0.030582324104883235,
    "half_fwhm_over_mean": 0.030445687751535687,
    "half_66": 0.024783712100034275,
    "half_66_over_full_scale": 0.024783712100034275,
    "cov33": 0.3333333333333333,
    "cov66": 0.6715686274509803,
    "cov99": 0.9865196078431373
  },
  "high": {
    "mu": 1.0030690431594849,
    "sigma": 0.023178445175290108,
    "snr": 43.27594174560202,
    "half_fwhm": 0.02729053365535334,
    "half_fwhm_over_mean": 0.027207034093478875,
    "half_66": 0.022116067008215872,
    "half_66_over_full_scale": 0.022116067008215872,
    "cov33": 0.32965686274509803,
    "cov66": 0.6801470588235294,
    "cov99": 0.9871323529411765
  },
  "pass": {
    "half_fwhm_over_mean": false,
    "half66_over_full_scale": false
  },
  "estimated_beam_factor_to_meet_half_fwhm": 9.269399026640102
}
