{
  "sample_dir": "/home/yyb/workspace/XRay-all/XRay-detectionCode/data/raw/batch_pbs_100w/sample_00073_ore",
  "blank_columns": [
    0,
    1,
    3,
    5,
    7,
    11,
    12,
    14,
    17,
    19,
    20,
    21,
    23,
    25,
    26,
    27,
    28,
    29,
    97,
    102,
    103,
    109,
    110,
    111,
    112,
    113,
    114,
    117,
    120,
    121,
    125,
    126
  ],
  "criteria": {
    "target_half_fwhm_over_mean": 0.01,
    "target_half66_over_full_scale": 0.01,
    "gaussian_central_targets": {
      "33": 0.33,
      "66": 0.66,
      "99": 0.99
    }
  },
  "low": {
    "mu": 1.0034921169281006,
    "sigma": 0.024837255477905273,
    "snr": 40.40269738420926,
    "half_fwhm": 0.029243633531078693,
    "half_fwhm_over_mean": 0.029141866724971967,
    "half_66": 0.023698846160532187,
    "half_66_over_full_scale": 0.023698846160532187,
    "cov33": 0.3449754901960784,
    "cov66": 0.65625,
    "cov99": 0.9883578431372549
  },
  "high": {
    "mu": 1.002237319946289,
    "sigma": 0.02266455627977848,
    "snr": 44.22046951082356,
    "half_fwhm": 0.026685475719326494,
    "half_fwhm_over_mean": 0.02662590505086819,
    "half_66": 0.021625732080141003,
    "half_66_over_full_scale": 0.021625732080141003,
    "cov33": 0.32659313725490197,
    "cov66": 0.6678921568627451,
    "cov99": 0.9901960784313726
  },
  "pass": {
    "half_fwhm_over_mean": false,
    "half66_over_full_scale": false
  },
  "estimated_beam_factor_to_meet_half_fwhm": 8.492483962160282
}
