{
  "sample_dir": "/home/yyb/workspace/XRay-all/XRay-detectionCode/data/raw/batch_pbs_100w/sample_00004_ore",
  "blank_columns": [
    0,
    1,
    3,
    7,
    9,
    10,
    12,
    14,
    17,
    19,
    21,
    23,
    25,
    28,
    30,
    31,
    32,
    33,
    94,
    97,
    98,
    99,
    102,
    103,
    105,
    111,
    112,
    120,
    121,
    124,
    125,
    126
  ],
  "criteria": {
    "target_half_fwhm_over_mean": 0.01,
    "target_half66_over_full_scale": 0.01,
    "gaussian_central_targets": {
      "33": 0.33,
      "66": 0.66,
      "99": 0.99
    }
  },
  "low": {
    "mu": 1.0034098625183105,
    "sigma": 0.024952253326773643,
    "snr": 40.21319635456157,
    "half_fwhm": 0.029379033150902255,
    "half_fwhm_over_mean": 0.02927919512089322,
    "half_66": 0.023808573112108943,
    "half_66_over_full_scale": 0.023808573112108943,
    "cov33": 0.3492647058823529,
    "cov66": 0.6580882352941176,
    "cov99": 0.9926470588235294
  },
  "high": {
    "mu": 1.0042470693588257,
    "sigma": 0.022176984697580338,
    "snr": 45.28330082080076,
    "half_fwhm": 0.02611140405176022,
    "half_fwhm_over_mean": 0.026000976102854227,
    "half_66": 0.021160508217986023,
    "half_66_over_full_scale": 0.021160508217986023,
    "cov33": 0.3180147058823529,
    "cov66": 0.6488970588235294,
    "cov99": 0.9920343137254902
  },
  "pass": {
    "half_fwhm_over_mean": false,
    "half66_over_full_scale": false
  },
  "estimated_beam_factor_to_meet_half_fwhm": 8.572712669273372
}
