{
  "sample_dir": "/home/yyb/workspace/XRay-all/XRay-detectionCode/data/raw/batch_pbs_10M/sample_00006_ore",
  "blank_columns": [
    0,
    1,
    4,
    6,
    9,
    14,
    18,
    19,
    25,
    27,
    28,
    29,
    34,
    36,
    37,
    38,
    39,
    89,
    92,
    96,
    98,
    99,
    100,
    102,
    106,
    113,
    117,
    119,
    121,
    123,
    125,
    126
  ],
  "criteria": {
    "target_half_fwhm_over_mean": 0.01,
    "target_half66_over_full_scale": 0.1,
    "gaussian_central_targets": {
      "33": 0.33,
      "66": 0.66,
      "99": 0.99
    }
  },
  "low": {
    "mu": 1.0057570934295654,
    "sigma": 0.06167077645659447,
    "snr": 16.30848760494274,
    "half_fwhm": 0.07261179029535136,
    "half_fwhm_over_mean": 0.07219615031274594,
    "half_66": 0.058844112029428824,
    "half_66_over_full_scale": 0.058844112029428824,
    "cov33": 0.3350409836065574,
    "cov66": 0.6577868852459017,
    "cov99": 0.9871926229508197
  },
  "high": {
    "mu": 1.0078613758087158,
    "sigma": 0.055455006659030914,
    "snr": 18.174398246954034,
    "half_fwhm": 0.06529328063814724,
    "half_fwhm_over_mean": 0.06478398935146751,
    "half_66": 0.05291324046703813,
    "half_66_over_full_scale": 0.05291324046703813,
    "cov33": 0.31915983606557374,
    "cov66": 0.6567622950819673,
    "cov99": 0.9861680327868853
  },
  "pass": {
    "half_fwhm_over_mean": false,
    "half66_over_full_scale": true
  },
  "estimated_beam_factor_to_meet_half_fwhm": 52.122841199806054
}
