{
  "sample_dir": "/home/yyb/workspace/XRay-all/XRay-detectionCode/data/raw/batch_pbs_10M/sample_00085_ore",
  "blank_columns": [
    0,
    1,
    2,
    4,
    6,
    9,
    11,
    14,
    17,
    18,
    20,
    21,
    23,
    24,
    26,
    27,
    28,
    30,
    92,
    93,
    96,
    97,
    98,
    100,
    106,
    109,
    111,
    118,
    121,
    123,
    126,
    127
  ],
  "criteria": {
    "target_half_fwhm_over_mean": 0.01,
    "target_half66_over_full_scale": 0.1,
    "gaussian_central_targets": {
      "33": 0.33,
      "66": 0.66,
      "99": 0.99
    }
  },
  "low": {
    "mu": 1.0047091245651245,
    "sigma": 0.05999745801091194,
    "snr": 16.745861539373795,
    "half_fwhm": 0.07064160838657063,
    "half_fwhm_over_mean": 0.07031050744875732,
    "half_66": 0.05724748971110996,
    "half_66_over_full_scale": 0.05724748971110996,
    "cov33": 0.32735655737704916,
    "cov66": 0.6582991803278688,
    "cov99": 0.992827868852459
  },
  "high": {
    "mu": 1.0082175731658936,
    "sigma": 0.05657753348350525,
    "snr": 17.820104749879768,
    "half_fwhm": 0.06661495497180842,
    "half_fwhm_over_mean": 0.06607200344924706,
    "half_66": 0.053984316558676075,
    "half_66_over_full_scale": 0.053984316558676075,
    "cov33": 0.3145491803278688,
    "cov66": 0.6598360655737705,
    "cov99": 0.9892418032786885
  },
  "pass": {
    "half_fwhm_over_mean": false,
    "half66_over_full_scale": true
  },
  "estimated_beam_factor_to_meet_half_fwhm": 49.43567457701758
}
