{
  "sample_dir": "/home/yyb/workspace/XRay-all/XRay-detectionCode/data/raw/batch_pbs_10M/sample_00009_ore",
  "blank_columns": [
    0,
    2,
    4,
    6,
    9,
    11,
    14,
    18,
    19,
    20,
    21,
    26,
    36,
    37,
    38,
    84,
    86,
    88,
    90,
    91,
    97,
    98,
    100,
    102,
    104,
    106,
    113,
    117,
    120,
    121,
    123,
    126
  ],
  "criteria": {
    "target_half_fwhm_over_mean": 0.01,
    "target_half66_over_full_scale": 0.1,
    "gaussian_central_targets": {
      "33": 0.33,
      "66": 0.66,
      "99": 0.99
    }
  },
  "low": {
    "mu": 1.0083823204040527,
    "sigma": 0.060143787413835526,
    "snr": 16.76619254895949,
    "half_fwhm": 0.0708138980921593,
    "half_fwhm_over_mean": 0.07022524756660212,
    "half_66": 0.05738711214289327,
    "half_66_over_full_scale": 0.05738711214289327,
    "cov33": 0.3391393442622951,
    "cov66": 0.6582991803278688,
    "cov99": 0.9897540983606558
  },
  "high": {
    "mu": 1.006446123123169,
    "sigma": 0.057813528925180435,
    "snr": 17.408487975637406,
    "half_fwhm": 0.06807022839260109,
    "half_fwhm_over_mean": 0.06763424969174495,
    "half_66": 0.05516366046216962,
    "half_66_over_full_scale": 0.05516366046216962,
    "cov33": 0.336577868852459,
    "cov66": 0.6557377049180327,
    "cov99": 0.9892418032786885
  },
  "pass": {
    "half_fwhm_over_mean": false,
    "half66_over_full_scale": true
  },
  "estimated_beam_factor_to_meet_half_fwhm": 49.31585395790557
}
