{
  "sample_dir": "/home/yyb/workspace/XRay-all/XRay-detectionCode/data/raw/batch_pbs_10M/sample_00071_ore",
  "blank_columns": [
    0,
    2,
    4,
    7,
    9,
    15,
    18,
    20,
    21,
    22,
    28,
    34,
    36,
    40,
    41,
    42,
    43,
    86,
    89,
    90,
    92,
    98,
    99,
    100,
    102,
    106,
    107,
    108,
    110,
    121,
    123,
    126
  ],
  "criteria": {
    "target_half_fwhm_over_mean": 0.01,
    "target_half66_over_full_scale": 0.1,
    "gaussian_central_targets": {
      "33": 0.33,
      "66": 0.66,
      "99": 0.99
    }
  },
  "low": {
    "mu": 1.006488561630249,
    "sigma": 0.0606364905834198,
    "snr": 16.598727135199002,
    "half_fwhm": 0.07139401174214534,
    "half_fwhm_over_mean": 0.07093375370953611,
    "half_66": 0.057857232387425586,
    "half_66_over_full_scale": 0.057857232387425586,
    "cov33": 0.3391393442622951,
    "cov66": 0.6644467213114754,
    "cov99": 0.9912909836065574
  },
  "high": {
    "mu": 1.0107587575912476,
    "sigma": 0.05561433359980583,
    "snr": 18.174429003582926,
    "half_fwhm": 0.06548087377506989,
    "half_fwhm_over_mean": 0.06478387971737017,
    "half_66": 0.05306526469781563,
    "half_66_over_full_scale": 0.05306526469781563,
    "cov33": 0.32633196721311475,
    "cov66": 0.6582991803278688,
    "cov99": 0.9887295081967213
  },
  "pass": {
    "half_fwhm_over_mean": false,
    "half66_over_full_scale": true
  },
  "estimated_beam_factor_to_meet_half_fwhm": 50.315974153251275
}
