{
  "sample_dir": "/home/yyb/workspace/XRay-all/XRay-detectionCode/data/raw/batch_pbs_10M/sample_00043_ore",
  "blank_columns": [
    0,
    2,
    4,
    7,
    9,
    11,
    18,
    19,
    20,
    24,
    26,
    30,
    36,
    37,
    38,
    41,
    42,
    90,
    91,
    92,
    95,
    96,
    97,
    99,
    100,
    106,
    113,
    119,
    121,
    123,
    126,
    127
  ],
  "criteria": {
    "target_half_fwhm_over_mean": 0.01,
    "target_half66_over_full_scale": 0.1,
    "gaussian_central_targets": {
      "33": 0.33,
      "66": 0.66,
      "99": 0.99
    }
  },
  "low": {
    "mu": 1.0066109895706177,
    "sigma": 0.06283418834209442,
    "snr": 16.020116056727357,
    "half_fwhm": 0.07398160310963463,
    "half_fwhm_over_mean": 0.07349572364711852,
    "half_66": 0.05995419922567018,
    "half_66_over_full_scale": 0.05995419922567018,
    "cov33": 0.3360655737704918,
    "cov66": 0.6823770491803278,
    "cov99": 0.9897540983606558
  },
  "high": {
    "mu": 1.006508469581604,
    "sigma": 0.05810588598251343,
    "snr": 17.321970959783762,
    "half_fwhm": 0.06841445252205357,
    "half_fwhm_over_mean": 0.06797205844725063,
    "half_66": 0.05544261740778883,
    "half_66_over_full_scale": 0.05544261740778883,
    "cov33": 0.3473360655737705,
    "cov66": 0.6639344262295082,
    "cov99": 0.9892418032786885
  },
  "pass": {
    "half_fwhm_over_mean": false,
    "half66_over_full_scale": true
  },
  "estimated_beam_factor_to_meet_half_fwhm": 54.01621394413616
}
