{
  "sample_dir": "/home/yyb/workspace/XRay-all/XRay-detectionCode/data/raw/batch_pbs_10M/sample_00070_ore",
  "blank_columns": [
    0,
    1,
    2,
    4,
    5,
    11,
    12,
    18,
    19,
    21,
    26,
    27,
    36,
    37,
    38,
    40,
    43,
    86,
    89,
    91,
    92,
    96,
    99,
    100,
    106,
    107,
    111,
    113,
    116,
    117,
    121,
    126
  ],
  "criteria": {
    "target_half_fwhm_over_mean": 0.01,
    "target_half66_over_full_scale": 0.1,
    "gaussian_central_targets": {
      "33": 0.33,
      "66": 0.66,
      "99": 0.99
    }
  },
  "low": {
    "mu": 1.0085715055465698,
    "sigma": 0.06159936264157295,
    "snr": 16.37308345891703,
    "half_fwhm": 0.07252770695380006,
    "half_fwhm_over_mean": 0.07191131868681488,
    "half_66": 0.05877597144854069,
    "half_66_over_full_scale": 0.05877597144854069,
    "cov33": 0.31813524590163933,
    "cov66": 0.6828893442622951,
    "cov99": 0.9866803278688525
  },
  "high": {
    "mu": 1.008339762687683,
    "sigma": 0.05744847282767296,
    "snr": 17.552072545294283,
    "half_fwhm": 0.06764040768462105,
    "half_fwhm_over_mean": 0.06708096832790633,
    "half_66": 0.05481533661847884,
    "half_66_over_full_scale": 0.05481533661847884,
    "cov33": 0.33811475409836067,
    "cov66": 0.6685450819672131,
    "cov99": 0.9866803278688525
  },
  "pass": {
    "half_fwhm_over_mean": false,
    "half66_over_full_scale": true
  },
  "estimated_beam_factor_to_meet_half_fwhm": 51.71237755276651
}
