{
  "sample_dir": "/home/yyb/workspace/XRay-all/XRay-detectionCode/data/raw/batch_pbs_10M/sample_00021_ore",
  "blank_columns": [
    0,
    3,
    4,
    9,
    12,
    19,
    20,
    21,
    22,
    23,
    24,
    40,
    42,
    43,
    45,
    47,
    48,
    49,
    52,
    86,
    88,
    89,
    92,
    96,
    97,
    98,
    102,
    104,
    106,
    113,
    121,
    127
  ],
  "criteria": {
    "target_half_fwhm_over_mean": 0.01,
    "target_half66_over_full_scale": 0.1,
    "gaussian_central_targets": {
      "33": 0.33,
      "66": 0.66,
      "99": 0.99
    }
  },
  "low": {
    "mu": 1.0095021724700928,
    "sigma": 0.06050296872854233,
    "snr": 16.685167582427393,
    "half_fwhm": 0.07123680177198981,
    "half_fwhm_over_mean": 0.07056626891419616,
    "half_66": 0.05772983047296587,
    "half_66_over_full_scale": 0.05772983047296587,
    "cov33": 0.32991803278688525,
    "cov66": 0.6536885245901639,
    "cov99": 0.9897540983606558
  },
  "high": {
    "mu": 1.0061897039413452,
    "sigma": 0.05601699277758598,
    "snr": 17.962222783654155,
    "half_fwhm": 0.06595496872663985,
    "half_fwhm_over_mean": 0.065549238347687,
    "half_66": 0.05344946809411387,
    "half_66_over_full_scale": 0.05344946809411387,
    "cov33": 0.33299180327868855,
    "cov66": 0.6685450819672131,
    "cov99": 0.9871926229508197
  },
  "pass": {
    "half_fwhm_over_mean": false,
    "half66_over_full_scale": true
  },
  "estimated_beam_factor_to_meet_half_fwhm": 49.79598308470647
}
