{
  "sample_dir": "/home/yyb/workspace/XRay-all/XRay-detectionCode/data/raw/batch_pbs_10M/sample_00045_ore",
  "blank_columns": [
    0,
    4,
    6,
    7,
    19,
    21,
    23,
    26,
    27,
    28,
    34,
    36,
    37,
    43,
    44,
    45,
    88,
    89,
    90,
    93,
    95,
    96,
    97,
    100,
    102,
    109,
    110,
    111,
    113,
    119,
    121,
    126
  ],
  "criteria": {
    "target_half_fwhm_over_mean": 0.01,
    "target_half66_over_full_scale": 0.1,
    "gaussian_central_targets": {
      "33": 0.33,
      "66": 0.66,
      "99": 0.99
    }
  },
  "low": {
    "mu": 1.0067931413650513,
    "sigma": 0.06129582226276398,
    "snr": 16.425151082060914,
    "half_fwhm": 0.07217031546955693,
    "half_fwhm_over_mean": 0.0716833602697228,
    "half_66": 0.05848634376615433,
    "half_66_over_full_scale": 0.05848634376615433,
    "cov33": 0.32684426229508196,
    "cov66": 0.6572745901639344,
    "cov99": 0.9902663934426229
  },
  "high": {
    "mu": 1.007379412651062,
    "sigma": 0.05573546141386032,
    "snr": 18.07429932571701,
    "half_fwhm": 0.06562349087734116,
    "half_fwhm_over_mean": 0.06514277545601575,
    "half_66": 0.053180840649175984,
    "half_66_over_full_scale": 0.053180840649175984,
    "cov33": 0.32735655737704916,
    "cov66": 0.6664959016393442,
    "cov99": 0.9892418032786885
  },
  "pass": {
    "half_fwhm_over_mean": false,
    "half66_over_full_scale": true
  },
  "estimated_beam_factor_to_meet_half_fwhm": 51.38504139558873
}
