{
  "sample_dir": "/home/yyb/workspace/XRay-all/XRay-detectionCode/data/raw/batch_pbs_10M/sample_00100_ore",
  "blank_columns": [
    0,
    2,
    9,
    10,
    11,
    14,
    15,
    23,
    26,
    31,
    34,
    36,
    37,
    38,
    42,
    87,
    88,
    89,
    90,
    91,
    92,
    98,
    100,
    106,
    107,
    110,
    111,
    117,
    119,
    120,
    123,
    127
  ],
  "criteria": {
    "target_half_fwhm_over_mean": 0.01,
    "target_half66_over_full_scale": 0.1,
    "gaussian_central_targets": {
      "33": 0.33,
      "66": 0.66,
      "99": 0.99
    }
  },
  "low": {
    "mu": 1.007138967514038,
    "sigma": 0.06050867214798927,
    "snr": 16.644539233166856,
    "half_fwhm": 0.07124351703520918,
    "half_fwhm_over_mean": 0.07073851705992712,
    "half_66": 0.05773527247762627,
    "half_66_over_full_scale": 0.05773527247762627,
    "cov33": 0.33452868852459017,
    "cov66": 0.6572745901639344,
    "cov99": 0.985655737704918
  },
  "high": {
    "mu": 1.008460283279419,
    "sigma": 0.055416643619537354,
    "snr": 18.197787116141445,
    "half_fwhm": 0.06524811161095395,
    "half_fwhm_over_mean": 0.06470072514781958,
    "half_66": 0.052876635787748295,
    "half_66_over_full_scale": 0.052876635787748295,
    "cov33": 0.3078893442622951,
    "cov66": 0.6516393442622951,
    "cov99": 0.9912909836065574
  },
  "pass": {
    "half_fwhm_over_mean": false,
    "half66_over_full_scale": true
  },
  "estimated_beam_factor_to_meet_half_fwhm": 50.039377958376
}
