{
  "sample_dir": "/home/yyb/workspace/XRay-all/XRay-detectionCode/data/raw/batch_pbs_10M/sample_00079_ore",
  "blank_columns": [
    0,
    2,
    3,
    4,
    5,
    6,
    9,
    10,
    11,
    12,
    18,
    19,
    20,
    26,
    27,
    30,
    31,
    32,
    34,
    37,
    88,
    91,
    93,
    96,
    97,
    98,
    104,
    108,
    113,
    121,
    123,
    126
  ],
  "criteria": {
    "target_half_fwhm_over_mean": 0.01,
    "target_half66_over_full_scale": 0.1,
    "gaussian_central_targets": {
      "33": 0.33,
      "66": 0.66,
      "99": 0.99
    }
  },
  "low": {
    "mu": 1.007246732711792,
    "sigma": 0.0590740405023098,
    "snr": 17.05058134075675,
    "half_fwhm": 0.06955436735699048,
    "half_fwhm_over_mean": 0.06905395182541871,
    "half_66": 0.056366396810254966,
    "half_66_over_full_scale": 0.056366396810254966,
    "cov33": 0.33811475409836067,
    "cov66": 0.6793032786885246,
    "cov99": 0.9882172131147541
  },
  "high": {
    "mu": 1.0071618556976318,
    "sigma": 0.05481806397438049,
    "snr": 18.37280966668823,
    "half_fwhm": 0.06454333793748178,
    "half_fwhm_over_mean": 0.0640843748920321,
    "half_66": 0.05230549188909904,
    "half_66_over_full_scale": 0.05230549188909904,
    "cov33": 0.3130122950819672,
    "cov66": 0.6629098360655737,
    "cov99": 0.9923155737704918
  },
  "pass": {
    "half_fwhm_over_mean": false,
    "half66_over_full_scale": true
  },
  "estimated_beam_factor_to_meet_half_fwhm": 47.68448262707248
}
