{
  "sample_dir": "/home/yyb/workspace/XRay-all/XRay-detectionCode/data/raw/batch_pbs_10M/sample_00028_ore",
  "blank_columns": [
    0,
    1,
    2,
    4,
    5,
    6,
    9,
    11,
    12,
    18,
    19,
    24,
    26,
    28,
    34,
    37,
    38,
    39,
    91,
    96,
    97,
    98,
    108,
    110,
    111,
    113,
    119,
    121,
    123,
    124,
    125,
    126
  ],
  "criteria": {
    "target_half_fwhm_over_mean": 0.01,
    "target_half66_over_full_scale": 0.1,
    "gaussian_central_targets": {
      "33": 0.33,
      "66": 0.66,
      "99": 0.99
    }
  },
  "low": {
    "mu": 1.003456711769104,
    "sigma": 0.06628071516752243,
    "snr": 15.13949735202613,
    "half_fwhm": 0.07803957833670867,
    "half_fwhm_over_mean": 0.07777074727929631,
    "half_66": 0.06324275536652985,
    "half_66_over_full_scale": 0.06324275536652985,
    "cov33": 0.3406762295081967,
    "cov66": 0.6895491803278688,
    "cov99": 0.9918032786885246
  },
  "high": {
    "mu": 1.006413459777832,
    "sigma": 0.0627693235874176,
    "snr": 16.03352405695785,
    "half_fwhm": 0.07390523069737114,
    "half_fwhm_over_mean": 0.07343426300527209,
    "half_66": 0.059892307530603706,
    "half_66_over_full_scale": 0.059892307530603706,
    "cov33": 0.36219262295081966,
    "cov66": 0.7100409836065574,
    "cov99": 0.9923155737704918
  },
  "pass": {
    "half_fwhm_over_mean": false,
    "half66_over_full_scale": true
  },
  "estimated_beam_factor_to_meet_half_fwhm": 60.482891323801745
}
