{
  "sample_dir": "/home/yyb/workspace/XRay-all/XRay-detectionCode/data/raw/batch_pbs_10M/sample_00017_ore",
  "blank_columns": [
    0,
    1,
    4,
    6,
    9,
    12,
    13,
    14,
    15,
    17,
    18,
    20,
    21,
    24,
    26,
    27,
    28,
    90,
    92,
    96,
    97,
    98,
    99,
    100,
    102,
    107,
    110,
    111,
    118,
    120,
    121,
    126
  ],
  "criteria": {
    "target_half_fwhm_over_mean": 0.01,
    "target_half66_over_full_scale": 0.1,
    "gaussian_central_targets": {
      "33": 0.33,
      "66": 0.66,
      "99": 0.99
    }
  },
  "low": {
    "mu": 1.0063127279281616,
    "sigma": 0.059550654143095016,
    "snr": 16.89843281167122,
    "half_fwhm": 0.07011553703451122,
    "half_fwhm_over_mean": 0.06967569333925448,
    "half_66": 0.05682116498546773,
    "half_66_over_full_scale": 0.05682116498546773,
    "cov33": 0.3176229508196721,
    "cov66": 0.649077868852459,
    "cov99": 0.9918032786885246
  },
  "high": {
    "mu": 1.0067882537841797,
    "sigma": 0.05732174217700958,
    "snr": 17.56381113950125,
    "half_fwhm": 0.06749119374637205,
    "half_fwhm_over_mean": 0.06703613544625225,
    "half_66": 0.054694414635107234,
    "half_66_over_full_scale": 0.054694414635107234,
    "cov33": 0.3417008196721312,
    "cov66": 0.6690573770491803,
    "cov99": 0.9918032786885246
  },
  "pass": {
    "half_fwhm_over_mean": false,
    "half66_over_full_scale": true
  },
  "estimated_beam_factor_to_meet_half_fwhm": 48.547022423058316
}
