{
  "sample_dir": "/home/yyb/workspace/XRay-all/XRay-detectionCode/data/raw/batch_pbs_10M/sample_00067_ore",
  "blank_columns": [
    0,
    2,
    10,
    11,
    17,
    18,
    19,
    21,
    22,
    24,
    26,
    28,
    36,
    38,
    39,
    86,
    87,
    88,
    89,
    90,
    91,
    92,
    98,
    99,
    100,
    103,
    113,
    121,
    123,
    124,
    125,
    126
  ],
  "criteria": {
    "target_half_fwhm_over_mean": 0.01,
    "target_half66_over_full_scale": 0.1,
    "gaussian_central_targets": {
      "33": 0.33,
      "66": 0.66,
      "99": 0.99
    }
  },
  "low": {
    "mu": 1.0066900253295898,
    "sigma": 0.061725035309791565,
    "snr": 16.30926609077041,
    "half_fwhm": 0.07267567521291497,
    "half_fwhm_over_mean": 0.07219270419325054,
    "half_66": 0.05889588394182506,
    "half_66_over_full_scale": 0.05889588394182506,
    "cov33": 0.32223360655737704,
    "cov66": 0.6531762295081968,
    "cov99": 0.9907786885245902
  },
  "high": {
    "mu": 1.0104838609695435,
    "sigma": 0.0557868517935276,
    "snr": 18.113297819877694,
    "half_fwhm": 0.0656839984254215,
    "half_fwhm_over_mean": 0.06500252103224957,
    "half_66": 0.053229875563800495,
    "half_66_over_full_scale": 0.053229875563800495,
    "cov33": 0.32786885245901637,
    "cov66": 0.6511270491803278,
    "cov99": 0.9969262295081968
  },
  "pass": {
    "half_fwhm_over_mean": false,
    "half66_over_full_scale": true
  },
  "estimated_beam_factor_to_meet_half_fwhm": 52.11786538734174
}
