{
  "sample_dir": "/home/yyb/workspace/XRay-all/XRay-detectionCode/data/raw/batch_pbs_10M/sample_00034_ore",
  "blank_columns": [
    0,
    1,
    4,
    9,
    11,
    12,
    17,
    18,
    21,
    26,
    27,
    28,
    34,
    36,
    37,
    43,
    89,
    90,
    91,
    97,
    99,
    100,
    103,
    106,
    113,
    117,
    119,
    121,
    123,
    124,
    126,
    127
  ],
  "criteria": {
    "target_half_fwhm_over_mean": 0.01,
    "target_half66_over_full_scale": 0.1,
    "gaussian_central_targets": {
      "33": 0.33,
      "66": 0.66,
      "99": 0.99
    }
  },
  "low": {
    "mu": 1.0085082054138184,
    "sigma": 0.061149079352617264,
    "snr": 16.492614706400364,
    "half_fwhm": 0.07199753889641937,
    "half_fwhm_over_mean": 0.07139013694675575,
    "half_66": 0.05834632678014678,
    "half_66_over_full_scale": 0.05834632678014678,
    "cov33": 0.32581967213114754,
    "cov66": 0.6608606557377049,
    "cov99": 0.9912909836065574
  },
  "high": {
    "mu": 1.0079553127288818,
    "sigma": 0.05686198174953461,
    "snr": 17.72634863780722,
    "half_fwhm": 0.06694986721111412,
    "half_fwhm_over_mean": 0.06642146369550629,
    "half_66": 0.054255727210438975,
    "half_66_over_full_scale": 0.054255727210438975,
    "cov33": 0.33043032786885246,
    "cov66": 0.6598360655737705,
    "cov99": 0.9912909836065574
  },
  "pass": {
    "half_fwhm_over_mean": false,
    "half66_over_full_scale": true
  },
  "estimated_beam_factor_to_meet_half_fwhm": 50.965516532765406
}
