{
  "sample_dir": "/home/yyb/workspace/XRay-all/XRay-detectionCode/data/raw/batch_pbs_10M/sample_00048_ore",
  "blank_columns": [
    0,
    2,
    4,
    5,
    9,
    11,
    17,
    20,
    21,
    22,
    23,
    24,
    27,
    35,
    36,
    38,
    86,
    91,
    92,
    96,
    97,
    99,
    100,
    102,
    104,
    106,
    107,
    113,
    117,
    121,
    123,
    126
  ],
  "criteria": {
    "target_half_fwhm_over_mean": 0.01,
    "target_half66_over_full_scale": 0.1,
    "gaussian_central_targets": {
      "33": 0.33,
      "66": 0.66,
      "99": 0.99
    }
  },
  "low": {
    "mu": 1.0072765350341797,
    "sigma": 0.05874747782945633,
    "snr": 17.145868593002394,
    "half_fwhm": 0.06916986919299842,
    "half_fwhm_over_mean": 0.06867018816302645,
    "half_66": 0.05605480205484364,
    "half_66_over_full_scale": 0.05605480205484364,
    "cov33": 0.33452868852459017,
    "cov66": 0.6618852459016393,
    "cov99": 0.9923155737704918
  },
  "high": {
    "mu": 1.009024977684021,
    "sigma": 0.056915707886219025,
    "snr": 17.728409522748567,
    "half_fwhm": 0.06701312490291657,
    "half_fwhm_over_mean": 0.0664137423602034,
    "half_66": 0.05430699082324903,
    "half_66_over_full_scale": 0.05430699082324903,
    "cov33": 0.34375,
    "cov66": 0.6680327868852459,
    "cov99": 0.9887295081967213
  },
  "pass": {
    "half_fwhm_over_mean": false,
    "half66_over_full_scale": true
  },
  "estimated_beam_factor_to_meet_half_fwhm": 47.15594742345458
}
