{
  "sample_dir": "/home/yyb/workspace/XRay-all/XRay-detectionCode/data/raw/batch_pbs_10M/sample_00086_ore",
  "blank_columns": [
    0,
    2,
    4,
    5,
    7,
    9,
    11,
    12,
    13,
    17,
    18,
    20,
    21,
    22,
    24,
    26,
    28,
    31,
    36,
    38,
    40,
    96,
    99,
    104,
    105,
    106,
    110,
    116,
    119,
    121,
    123,
    126
  ],
  "criteria": {
    "target_half_fwhm_over_mean": 0.01,
    "target_half66_over_full_scale": 0.1,
    "gaussian_central_targets": {
      "33": 0.33,
      "66": 0.66,
      "99": 0.99
    }
  },
  "low": {
    "mu": 1.0039840936660767,
    "sigma": 0.05934768170118332,
    "snr": 16.91698925530327,
    "half_fwhm": 0.06987655524711309,
    "half_fwhm_over_mean": 0.06959926525524607,
    "half_66": 0.05662749573404935,
    "half_66_over_full_scale": 0.05662749573404935,
    "cov33": 0.3150614754098361,
    "cov66": 0.6516393442622951,
    "cov99": 0.9912909836065574
  },
  "high": {
    "mu": 1.0058295726776123,
    "sigma": 0.05581916123628616,
    "snr": 18.019431865338674,
    "half_fwhm": 0.06572203988714681,
    "half_fwhm_over_mean": 0.06534112902664872,
    "half_66": 0.053260704111429226,
    "half_66_over_full_scale": 0.053260704111429226,
    "cov33": 0.33452868852459017,
    "cov66": 0.6680327868852459,
    "cov99": 0.9877049180327869
  },
  "pass": {
    "half_fwhm_over_mean": false,
    "half66_over_full_scale": true
  },
  "estimated_beam_factor_to_meet_half_fwhm": 48.44057724070102
}
