{
  "sample_dir": "/home/yyb/workspace/XRay-all/XRay-detectionCode/data/raw/batch_pbs_10M/sample_00093_ore",
  "blank_columns": [
    0,
    1,
    2,
    4,
    5,
    6,
    7,
    9,
    11,
    13,
    15,
    17,
    19,
    20,
    22,
    24,
    26,
    27,
    30,
    99,
    100,
    104,
    106,
    108,
    110,
    113,
    119,
    120,
    121,
    123,
    125,
    127
  ],
  "criteria": {
    "target_half_fwhm_over_mean": 0.01,
    "target_half66_over_full_scale": 0.1,
    "gaussian_central_targets": {
      "33": 0.33,
      "66": 0.66,
      "99": 0.99
    }
  },
  "low": {
    "mu": 1.0067296028137207,
    "sigma": 0.06045829877257347,
    "snr": 16.65163630555905,
    "half_fwhm": 0.07118420691812745,
    "half_fwhm_over_mean": 0.07070836768798082,
    "half_66": 0.057687207953120816,
    "half_66_over_full_scale": 0.057687207953120816,
    "cov33": 0.3094262295081967,
    "cov66": 0.6439549180327869,
    "cov99": 0.9933401639344263
  },
  "high": {
    "mu": 1.006633996963501,
    "sigma": 0.05662841722369194,
    "snr": 17.776128069889793,
    "half_fwhm": 0.06667486599748651,
    "half_fwhm_over_mean": 0.06623546015593594,
    "half_66": 0.054032868055512336,
    "half_66_over_full_scale": 0.054032868055512336,
    "cov33": 0.3483606557377049,
    "cov66": 0.6629098360655737,
    "cov99": 0.9861680327868853
  },
  "pass": {
    "half_fwhm_over_mean": false,
    "half66_over_full_scale": true
  },
  "estimated_beam_factor_to_meet_half_fwhm": 49.9967326109869
}
