{
  "sample_dir": "/home/yyb/workspace/XRay-all/XRay-detectionCode/data/raw/batch_pbs_10M/sample_00002_ore",
  "blank_columns": [
    0,
    1,
    2,
    3,
    4,
    5,
    6,
    9,
    10,
    17,
    19,
    21,
    26,
    27,
    88,
    90,
    91,
    102,
    103,
    104,
    106,
    107,
    109,
    113,
    114,
    117,
    120,
    121,
    123,
    124,
    126,
    127
  ],
  "criteria": {
    "target_half_fwhm_over_mean": 0.01,
    "target_half66_over_full_scale": 0.1,
    "gaussian_central_targets": {
      "33": 0.33,
      "66": 0.66,
      "99": 0.99
    }
  },
  "low": {
    "mu": 1.0046669244766235,
    "sigma": 0.059606682509183884,
    "snr": 16.854937771814924,
    "half_fwhm": 0.07018150539428855,
    "half_fwhm_over_mean": 0.06985549507449872,
    "half_66": 0.056874625305580274,
    "half_66_over_full_scale": 0.056874625305580274,
    "cov33": 0.33145491803278687,
    "cov66": 0.6639344262295082,
    "cov99": 0.9866803278688525
  },
  "high": {
    "mu": 1.0059258937835693,
    "sigma": 0.05711684376001358,
    "snr": 17.61172059874567,
    "half_fwhm": 0.06724994429660656,
    "half_fwhm_over_mean": 0.06685377592146542,
    "half_66": 0.05449890768518499,
    "half_66_over_full_scale": 0.05449890768518499,
    "cov33": 0.32940573770491804,
    "cov66": 0.6685450819672131,
    "cov99": 0.9902663934426229
  },
  "pass": {
    "half_fwhm_over_mean": false,
    "half66_over_full_scale": true
  },
  "estimated_beam_factor_to_meet_half_fwhm": 48.79790192103314
}
