{
  "sample_dir": "/home/yyb/workspace/XRay-all/XRay-detectionCode/data/raw/batch_pbs_10M/sample_00038_ore",
  "blank_columns": [
    0,
    1,
    2,
    4,
    11,
    12,
    17,
    21,
    24,
    27,
    31,
    36,
    40,
    84,
    85,
    86,
    88,
    89,
    91,
    93,
    97,
    100,
    102,
    106,
    109,
    110,
    113,
    121,
    122,
    123,
    124,
    126
  ],
  "criteria": {
    "target_half_fwhm_over_mean": 0.01,
    "target_half66_over_full_scale": 0.1,
    "gaussian_central_targets": {
      "33": 0.33,
      "66": 0.66,
      "99": 0.99
    }
  },
  "low": {
    "mu": 1.0076005458831787,
    "sigma": 0.05964365229010582,
    "snr": 16.893676144817977,
    "half_fwhm": 0.07022503398487566,
    "half_fwhm_over_mean": 0.06969531157143453,
    "half_66": 0.05690990058595242,
    "half_66_over_full_scale": 0.05690990058595242,
    "cov33": 0.33299180327868855,
    "cov66": 0.6629098360655737,
    "cov99": 0.9887295081967213
  },
  "high": {
    "mu": 1.0051472187042236,
    "sigma": 0.055070485919713974,
    "snr": 18.252012887077214,
    "half_fwhm": 0.06484054206581635,
    "half_fwhm_over_mean": 0.06450850269416747,
    "half_66": 0.052546344138467815,
    "half_66_over_full_scale": 0.052546344138467815,
    "cov33": 0.3391393442622951,
    "cov66": 0.6629098360655737,
    "cov99": 0.9912909836065574
  },
  "pass": {
    "half_fwhm_over_mean": false,
    "half66_over_full_scale": true
  },
  "estimated_beam_factor_to_meet_half_fwhm": 48.57436455039337
}
