{
  "sample_dir": "/home/yyb/workspace/XRay-all/XRay-detectionCode/data/raw/batch_pbs_10M/sample_00098_ore",
  "blank_columns": [
    0,
    4,
    5,
    6,
    9,
    10,
    12,
    17,
    18,
    19,
    21,
    23,
    24,
    26,
    27,
    28,
    29,
    30,
    33,
    97,
    98,
    100,
    102,
    106,
    108,
    110,
    111,
    113,
    121,
    123,
    125,
    126
  ],
  "criteria": {
    "target_half_fwhm_over_mean": 0.01,
    "target_half66_over_full_scale": 0.1,
    "gaussian_central_targets": {
      "33": 0.33,
      "66": 0.66,
      "99": 0.99
    }
  },
  "low": {
    "mu": 1.0038809776306152,
    "sigma": 0.07015906274318695,
    "snr": 14.308642937623917,
    "half_fwhm": 0.08260598364303466,
    "half_fwhm_over_mean": 0.0822866310685589,
    "half_66": 0.06694333986285271,
    "half_66_over_full_scale": 0.06694333986285271,
    "cov33": 0.3790983606557377,
    "cov66": 0.7254098360655737,
    "cov99": 0.992827868852459
  },
  "high": {
    "mu": 1.0032693147659302,
    "sigma": 0.06599772721529007,
    "snr": 15.201573707124524,
    "half_fwhm": 0.07770638548550354,
    "half_fwhm_over_mean": 0.07745316670393033,
    "half_66": 0.06297273809545073,
    "half_66_over_full_scale": 0.06297273809545073,
    "cov33": 0.39190573770491804,
    "cov66": 0.7392418032786885,
    "cov99": 0.9897540983606558
  },
  "pass": {
    "half_fwhm_over_mean": false,
    "half66_over_full_scale": true
  },
  "estimated_beam_factor_to_meet_half_fwhm": 67.71089652613121
}
