{
  "sample_dir": "/home/yyb/workspace/XRay-all/XRay-detectionCode/data/raw/batch_pbs_10M/sample_00091_ore",
  "blank_columns": [
    0,
    1,
    3,
    4,
    9,
    10,
    11,
    18,
    19,
    20,
    21,
    24,
    26,
    28,
    33,
    34,
    36,
    37,
    38,
    39,
    40,
    88,
    89,
    91,
    96,
    99,
    103,
    104,
    120,
    121,
    124,
    125
  ],
  "criteria": {
    "target_half_fwhm_over_mean": 0.01,
    "target_half66_over_full_scale": 0.1,
    "gaussian_central_targets": {
      "33": 0.33,
      "66": 0.66,
      "99": 0.99
    }
  },
  "low": {
    "mu": 1.008528232574463,
    "sigma": 0.06115851178765297,
    "snr": 16.49039852500254,
    "half_fwhm": 0.07200864473996699,
    "half_fwhm_over_mean": 0.07139973122631484,
    "half_66": 0.05835532688191041,
    "half_66_over_full_scale": 0.05835532688191041,
    "cov33": 0.3386270491803279,
    "cov66": 0.6598360655737705,
    "cov99": 0.9887295081967213
  },
  "high": {
    "mu": 1.0046948194503784,
    "sigma": 0.05523458495736122,
    "snr": 18.1895966128099,
    "half_fwhm": 0.06503375391742483,
    "half_fwhm_over_mean": 0.06472985891676217,
    "half_66": 0.05270292173826555,
    "half_66_over_full_scale": 0.05270292173826555,
    "cov33": 0.3237704918032787,
    "cov66": 0.65625,
    "cov99": 0.9892418032786885
  },
  "pass": {
    "half_fwhm_over_mean": false,
    "half66_over_full_scale": true
  },
  "estimated_beam_factor_to_meet_half_fwhm": 50.97921619189997
}
