{
  "sample_dir": "/home/yyb/workspace/XRay-all/XRay-detectionCode/data/raw/batch_pbs_10M/sample_00023_ore",
  "blank_columns": [
    0,
    4,
    9,
    10,
    11,
    12,
    18,
    19,
    20,
    21,
    24,
    26,
    27,
    31,
    36,
    38,
    40,
    86,
    87,
    88,
    90,
    91,
    93,
    98,
    100,
    104,
    111,
    117,
    120,
    121,
    123,
    126
  ],
  "criteria": {
    "target_half_fwhm_over_mean": 0.01,
    "target_half66_over_full_scale": 0.1,
    "gaussian_central_targets": {
      "33": 0.33,
      "66": 0.66,
      "99": 0.99
    }
  },
  "low": {
    "mu": 1.008646011352539,
    "sigma": 0.06142338737845421,
    "snr": 16.4212045997702,
    "half_fwhm": 0.07232051191529199,
    "half_fwhm_over_mean": 0.07170058781902497,
    "half_66": 0.05860806196705952,
    "half_66_over_full_scale": 0.05860806196705952,
    "cov33": 0.32838114754098363,
    "cov66": 0.6521516393442623,
    "cov99": 0.9912909836065574
  },
  "high": {
    "mu": 1.006208062171936,
    "sigma": 0.0556233674287796,
    "snr": 18.089664626297377,
    "half_fwhm": 0.06549151029584516,
    "half_fwhm_over_mean": 0.06508744340060185,
    "half_66": 0.053073884463525275,
    "half_66_over_full_scale": 0.053073884463525275,
    "cov33": 0.3160860655737705,
    "cov66": 0.6521516393442623,
    "cov99": 0.9897540983606558
  },
  "pass": {
    "half_fwhm_over_mean": false,
    "half66_over_full_scale": true
  },
  "estimated_beam_factor_to_meet_half_fwhm": 51.40974293593711
}
