{
  "sample_dir": "/home/yyb/workspace/XRay-all/XRay-detectionCode/data/raw/batch_pbs_10M/sample_00061_ore",
  "blank_columns": [
    0,
    2,
    4,
    6,
    9,
    10,
    13,
    18,
    19,
    21,
    23,
    24,
    28,
    29,
    30,
    34,
    36,
    93,
    95,
    97,
    98,
    99,
    100,
    104,
    107,
    110,
    112,
    113,
    121,
    123,
    124,
    126
  ],
  "criteria": {
    "target_half_fwhm_over_mean": 0.01,
    "target_half66_over_full_scale": 0.1,
    "gaussian_central_targets": {
      "33": 0.33,
      "66": 0.66,
      "99": 0.99
    }
  },
  "low": {
    "mu": 1.008732795715332,
    "sigma": 0.059501565992832184,
    "snr": 16.953046174227556,
    "half_fwhm": 0.07005774015440577,
    "half_fwhm_over_mean": 0.06945123669219566,
    "half_66": 0.056774326778145714,
    "half_66_over_full_scale": 0.056774326778145714,
    "cov33": 0.32325819672131145,
    "cov66": 0.6623975409836066,
    "cov99": 0.9897540983606558
  },
  "high": {
    "mu": 1.0046740770339966,
    "sigma": 0.05526486411690712,
    "snr": 18.179255356689417,
    "half_fwhm": 0.06506940490334705,
    "half_fwhm_over_mean": 0.06476668044968896,
    "half_66": 0.052731813060198716,
    "half_66_over_full_scale": 0.052731813060198716,
    "cov33": 0.32735655737704916,
    "cov66": 0.6582991803278688,
    "cov99": 0.9892418032786885
  },
  "pass": {
    "half_fwhm_over_mean": false,
    "half66_over_full_scale": true
  },
  "estimated_beam_factor_to_meet_half_fwhm": 48.23474278075384
}
