{
  "sample_dir": "/home/yyb/workspace/XRay-all/XRay-detectionCode/data/raw/batch_pbs_10M/sample_00082_ore",
  "blank_columns": [
    0,
    2,
    4,
    8,
    11,
    12,
    18,
    19,
    21,
    23,
    24,
    26,
    35,
    36,
    37,
    38,
    40,
    42,
    86,
    89,
    90,
    91,
    92,
    97,
    100,
    103,
    116,
    121,
    123,
    124,
    126,
    127
  ],
  "criteria": {
    "target_half_fwhm_over_mean": 0.01,
    "target_half66_over_full_scale": 0.1,
    "gaussian_central_targets": {
      "33": 0.33,
      "66": 0.66,
      "99": 0.99
    }
  },
  "low": {
    "mu": 1.0089714527130127,
    "sigma": 0.06033441051840782,
    "snr": 16.72298517618199,
    "half_fwhm": 0.07103833964600278,
    "half_fwhm_over_mean": 0.07040668936171439,
    "half_66": 0.057568998085723015,
    "half_66_over_full_scale": 0.057568998085723015,
    "cov33": 0.32991803278688525,
    "cov66": 0.6623975409836066,
    "cov99": 0.9887295081967213
  },
  "high": {
    "mu": 1.006983995437622,
    "sigma": 0.05532358959317207,
    "snr": 18.20171111170816,
    "half_fwhm": 0.06513854886767749,
    "half_fwhm_over_mean": 0.06468677671423083,
    "half_66": 0.052787846869125195,
    "half_66_over_full_scale": 0.052787846869125195,
    "cov33": 0.33094262295081966,
    "cov66": 0.6685450819672131,
    "cov99": 0.9902663934426229
  },
  "pass": {
    "half_fwhm_over_mean": false,
    "half66_over_full_scale": true
  },
  "estimated_beam_factor_to_meet_half_fwhm": 49.571019068769466
}
