{
  "sample_dir": "/home/yyb/workspace/XRay-all/XRay-detectionCode/data/raw/batch_pbs_10M/sample_00080_ore",
  "blank_columns": [
    0,
    1,
    3,
    4,
    6,
    9,
    11,
    12,
    17,
    18,
    19,
    20,
    21,
    24,
    26,
    27,
    30,
    36,
    37,
    41,
    92,
    95,
    97,
    98,
    100,
    107,
    108,
    116,
    120,
    121,
    124,
    126
  ],
  "criteria": {
    "target_half_fwhm_over_mean": 0.01,
    "target_half66_over_full_scale": 0.1,
    "gaussian_central_targets": {
      "33": 0.33,
      "66": 0.66,
      "99": 0.99
    }
  },
  "low": {
    "mu": 1.0013233423233032,
    "sigma": 0.08687926083803177,
    "snr": 11.525458811051136,
    "half_fwhm": 0.10229251245809035,
    "half_fwhm_over_mean": 0.10215732334846794,
    "half_66": 0.08289717191067483,
    "half_66_over_full_scale": 0.08289717191067483,
    "cov33": 0.44313524590163933,
    "cov66": 0.8165983606557377,
    "cov99": 0.9897540983606558
  },
  "high": {
    "mu": 0.9991129040718079,
    "sigma": 0.08417895436286926,
    "snr": 11.868915593379114,
    "half_fwhm": 0.09911314455041237,
    "half_fwhm_over_mean": 0.09920114548264201,
    "half_66": 0.08032063329922909,
    "half_66_over_full_scale": 0.08032063329922909,
    "cov33": 0.47540983606557374,
    "cov66": 0.8406762295081968,
    "cov99": 0.9902663934426229
  },
  "pass": {
    "half_fwhm_over_mean": false,
    "half66_over_full_scale": true
  },
  "estimated_beam_factor_to_meet_half_fwhm": 104.36118713723434
}
