{
  "sample_dir": "/home/yyb/workspace/XRay-all/XRay-detectionCode/data/raw/batch_pbs_10M/sample_00062_ore",
  "blank_columns": [
    2,
    4,
    9,
    10,
    16,
    17,
    18,
    19,
    21,
    23,
    27,
    32,
    37,
    88,
    89,
    90,
    92,
    97,
    98,
    100,
    102,
    106,
    107,
    110,
    111,
    113,
    121,
    123,
    124,
    125,
    126,
    127
  ],
  "criteria": {
    "target_half_fwhm_over_mean": 0.01,
    "target_half66_over_full_scale": 0.1,
    "gaussian_central_targets": {
      "33": 0.33,
      "66": 0.66,
      "99": 0.99
    }
  },
  "low": {
    "mu": 1.003217339515686,
    "sigma": 0.07259562611579895,
    "snr": 13.819253213897914,
    "half_fwhm": 0.08547481777840442,
    "half_fwhm_over_mean": 0.08520069820530446,
    "half_66": 0.06926822397008779,
    "half_66_over_full_scale": 0.06926822397008779,
    "cov33": 0.38575819672131145,
    "cov66": 0.7310450819672131,
    "cov99": 0.9912909836065574
  },
  "high": {
    "mu": 1.0018832683563232,
    "sigma": 0.06444698572158813,
    "snr": 15.545851479919833,
    "half_fwhm": 0.07588052690851226,
    "half_fwhm_over_mean": 0.07573789213288377,
    "half_66": 0.061493074445548315,
    "half_66_over_full_scale": 0.061493074445548315,
    "cov33": 0.38831967213114754,
    "cov66": 0.735655737704918,
    "cov99": 0.9907786885245902
  },
  "pass": {
    "half_fwhm_over_mean": false,
    "half66_over_full_scale": true
  },
  "estimated_beam_factor_to_meet_half_fwhm": 72.59158974671372
}
