{
  "sample_dir": "/home/yyb/workspace/XRay-all/XRay-detectionCode/data/raw/batch_pbs_10M/sample_00042_ore",
  "blank_columns": [
    0,
    1,
    2,
    4,
    6,
    9,
    10,
    14,
    18,
    19,
    21,
    24,
    26,
    28,
    36,
    37,
    89,
    90,
    92,
    95,
    97,
    100,
    107,
    113,
    116,
    117,
    118,
    121,
    123,
    124,
    125,
    126
  ],
  "criteria": {
    "target_half_fwhm_over_mean": 0.01,
    "target_half66_over_full_scale": 0.1,
    "gaussian_central_targets": {
      "33": 0.33,
      "66": 0.66,
      "99": 0.99
    }
  },
  "low": {
    "mu": 1.0001693964004517,
    "sigma": 0.07823383808135986,
    "snr": 12.784358033927953,
    "half_fwhm": 0.09211330505563527,
    "half_fwhm_over_mean": 0.0920977040360817,
    "half_66": 0.07464800991749912,
    "half_66_over_full_scale": 0.07464800991749912,
    "cov33": 0.4339139344262295,
    "cov66": 0.7843237704918032,
    "cov99": 0.9892418032786885
  },
  "high": {
    "mu": 0.9987032413482666,
    "sigma": 0.07925926148891449,
    "snr": 12.600461101797537,
    "half_fwhm": 0.0933206488529962,
    "half_fwhm_over_mean": 0.09344182034195835,
    "half_66": 0.07562643330275051,
    "half_66_over_full_scale": 0.07562643330275051,
    "cov33": 0.4677254098360656,
    "cov66": 0.8237704918032787,
    "cov99": 0.9882172131147541
  },
  "pass": {
    "half_fwhm_over_mean": false,
    "half66_over_full_scale": true
  },
  "estimated_beam_factor_to_meet_half_fwhm": 87.31373788818819
}
