{
  "sample_dir": "/home/yyb/workspace/XRay-all/XRay-detectionCode/data/raw/batch_pbs_10M/sample_00008_ore",
  "blank_columns": [
    0,
    4,
    5,
    6,
    11,
    14,
    17,
    18,
    19,
    20,
    21,
    22,
    23,
    30,
    34,
    36,
    37,
    38,
    39,
    45,
    48,
    53,
    82,
    89,
    90,
    98,
    105,
    113,
    115,
    119,
    121,
    126
  ],
  "criteria": {
    "target_half_fwhm_over_mean": 0.01,
    "target_half66_over_full_scale": 0.1,
    "gaussian_central_targets": {
      "33": 0.33,
      "66": 0.66,
      "99": 0.99
    }
  },
  "low": {
    "mu": 1.006962776184082,
    "sigma": 0.05987682566046715,
    "snr": 16.817237137688068,
    "half_fwhm": 0.07049957464811919,
    "half_fwhm_over_mean": 0.07001209609284625,
    "half_66": 0.057132386513910186,
    "half_66_over_full_scale": 0.057132386513910186,
    "cov33": 0.3237704918032787,
    "cov66": 0.6613729508196722,
    "cov99": 0.9912909836065574
  },
  "high": {
    "mu": 1.0107471942901611,
    "sigma": 0.054358601570129395,
    "snr": 18.59406175094793,
    "half_fwhm": 0.06400236229775458,
    "half_fwhm_over_mean": 0.06332183028487443,
    "half_66": 0.05186708882783563,
    "half_66_over_full_scale": 0.05186708882783563,
    "cov33": 0.32581967213114754,
    "cov66": 0.6613729508196722,
    "cov99": 0.9877049180327869
  },
  "pass": {
    "half_fwhm_over_mean": false,
    "half66_over_full_scale": true
  },
  "estimated_beam_factor_to_meet_half_fwhm": 49.01693599313938
}
