{
  "sample_dir": "/home/yyb/workspace/XRay-all/XRay-detectionCode/data/raw/batch_pbs_10M/sample_00056_ore",
  "blank_columns": [
    0,
    3,
    5,
    6,
    9,
    10,
    11,
    12,
    18,
    21,
    22,
    24,
    28,
    36,
    37,
    38,
    39,
    40,
    86,
    87,
    88,
    89,
    90,
    92,
    96,
    97,
    103,
    106,
    107,
    110,
    121,
    126
  ],
  "criteria": {
    "target_half_fwhm_over_mean": 0.01,
    "target_half66_over_full_scale": 0.1,
    "gaussian_central_targets": {
      "33": 0.33,
      "66": 0.66,
      "99": 0.99
    }
  },
  "low": {
    "mu": 1.0056140422821045,
    "sigma": 0.0605337955057621,
    "snr": 16.612439941691445,
    "half_fwhm": 0.07127309752844975,
    "half_fwhm_over_mean": 0.07087520115242736,
    "half_66": 0.05775924431265546,
    "half_66_over_full_scale": 0.05775924431265546,
    "cov33": 0.3089139344262295,
    "cov66": 0.6618852459016393,
    "cov99": 0.9912909836065574
  },
  "high": {
    "mu": 1.0078165531158447,
    "sigma": 0.055428072810173035,
    "snr": 18.182420965047054,
    "half_fwhm": 0.06526156845455747,
    "half_fwhm_over_mean": 0.06475540439655379,
    "half_66": 0.05288754112432445,
    "half_66_over_full_scale": 0.05288754112432445,
    "cov33": 0.32274590163934425,
    "cov66": 0.65625,
    "cov99": 0.992827868852459
  },
  "pass": {
    "half_fwhm_over_mean": false,
    "half66_over_full_scale": true
  },
  "estimated_beam_factor_to_meet_half_fwhm": 50.232941383970406
}
