{
  "sample_dir": "/home/yyb/workspace/XRay-all/XRay-detectionCode/data/raw/batch_pbs_10M/sample_00019_ore",
  "blank_columns": [
    0,
    4,
    11,
    12,
    15,
    17,
    19,
    22,
    23,
    26,
    34,
    36,
    37,
    39,
    41,
    45,
    47,
    48,
    84,
    85,
    86,
    88,
    89,
    91,
    96,
    99,
    110,
    113,
    120,
    121,
    123,
    126
  ],
  "criteria": {
    "target_half_fwhm_over_mean": 0.01,
    "target_half66_over_full_scale": 0.1,
    "gaussian_central_targets": {
      "33": 0.33,
      "66": 0.66,
      "99": 0.99
    }
  },
  "low": {
    "mu": 1.0076746940612793,
    "sigma": 0.05972755327820778,
    "snr": 16.87118655886646,
    "half_fwhm": 0.07032381984916457,
    "half_fwhm_over_mean": 0.06978821663739032,
    "half_66": 0.05698995599350394,
    "half_66_over_full_scale": 0.05698995599350394,
    "cov33": 0.3140368852459016,
    "cov66": 0.6603483606557377,
    "cov99": 0.9887295081967213
  },
  "high": {
    "mu": 1.0094631910324097,
    "sigma": 0.05572738125920296,
    "snr": 18.11431235817679,
    "half_fwhm": 0.06561397722226422,
    "half_fwhm_over_mean": 0.0649988804001449,
    "half_66": 0.053173130846361875,
    "half_66_over_full_scale": 0.053173130846361875,
    "cov33": 0.32684426229508196,
    "cov66": 0.6675204918032787,
    "cov99": 0.9892418032786885
  },
  "pass": {
    "half_fwhm_over_mean": false,
    "half66_over_full_scale": true
  },
  "estimated_beam_factor_to_meet_half_fwhm": 48.703951814273225
}
