{
  "sample_dir": "/home/yyb/workspace/XRay-all/XRay-detectionCode/data/raw/batch_pbs_10M/sample_00026_ore",
  "blank_columns": [
    0,
    2,
    3,
    4,
    6,
    9,
    14,
    17,
    18,
    19,
    21,
    24,
    26,
    27,
    28,
    93,
    96,
    97,
    98,
    100,
    102,
    103,
    105,
    106,
    110,
    113,
    115,
    117,
    120,
    121,
    124,
    126
  ],
  "criteria": {
    "target_half_fwhm_over_mean": 0.01,
    "target_half66_over_full_scale": 0.1,
    "gaussian_central_targets": {
      "33": 0.33,
      "66": 0.66,
      "99": 0.99
    }
  },
  "low": {
    "mu": 1.0087987184524536,
    "sigma": 0.06158490478992462,
    "snr": 16.380616676986314,
    "half_fwhm": 0.0725106841343655,
    "half_fwhm_over_mean": 0.07187824767025916,
    "half_66": 0.0587621762688627,
    "half_66_over_full_scale": 0.0587621762688627,
    "cov33": 0.32940573770491804,
    "cov66": 0.6767418032786885,
    "cov99": 0.9877049180327869
  },
  "high": {
    "mu": 1.0043340921401978,
    "sigma": 0.0555453822016716,
    "snr": 18.081324717394292,
    "half_fwhm": 0.06539968970784125,
    "half_fwhm_over_mean": 0.06511746461625832,
    "half_66": 0.0529994736695601,
    "half_66_over_full_scale": 0.0529994736695601,
    "cov33": 0.33401639344262296,
    "cov66": 0.6664959016393442,
    "cov99": 0.9912909836065574
  },
  "pass": {
    "half_fwhm_over_mean": false,
    "half66_over_full_scale": true
  },
  "estimated_beam_factor_to_meet_half_fwhm": 51.66482488147116
}
