{
  "sample_dir": "/home/yyb/workspace/XRay-all/XRay-detectionCode/data/raw/batch_pbs_10M/sample_00088_ore",
  "blank_columns": [
    0,
    1,
    4,
    9,
    12,
    14,
    18,
    19,
    20,
    21,
    23,
    24,
    27,
    36,
    79,
    80,
    85,
    86,
    88,
    90,
    93,
    99,
    100,
    102,
    108,
    113,
    117,
    119,
    120,
    121,
    123,
    127
  ],
  "criteria": {
    "target_half_fwhm_over_mean": 0.01,
    "target_half66_over_full_scale": 0.1,
    "gaussian_central_targets": {
      "33": 0.33,
      "66": 0.66,
      "99": 0.99
    }
  },
  "low": {
    "mu": 1.0064705610275269,
    "sigma": 0.0642857551574707,
    "snr": 15.656198773151754,
    "half_fwhm": 0.07569069242638707,
    "half_fwhm_over_mean": 0.07520407983827451,
    "half_66": 0.06133923384352231,
    "half_66_over_full_scale": 0.06133923384352231,
    "cov33": 0.35860655737704916,
    "cov66": 0.6951844262295082,
    "cov99": 0.9933401639344263
  },
  "high": {
    "mu": 1.00669527053833,
    "sigma": 0.06251533329486847,
    "snr": 16.103173693244376,
    "half_fwhm": 0.07360617998130609,
    "half_fwhm_over_mean": 0.07311664426708313,
    "half_66": 0.059649958818816885,
    "half_66_over_full_scale": 0.059649958818816885,
    "cov33": 0.36014344262295084,
    "cov66": 0.7161885245901639,
    "cov99": 0.9923155737704918
  },
  "pass": {
    "half_fwhm_over_mean": false,
    "half66_over_full_scale": true
  },
  "estimated_beam_factor_to_meet_half_fwhm": 56.55653624321567
}
