{
  "sample_dir": "/home/yyb/workspace/XRay-all/XRay-detectionCode/data/raw/batch_pbs_10M/sample_00094_ore",
  "blank_columns": [
    0,
    2,
    4,
    5,
    6,
    7,
    9,
    11,
    12,
    13,
    18,
    19,
    21,
    23,
    26,
    27,
    96,
    98,
    99,
    100,
    102,
    105,
    108,
    110,
    112,
    117,
    119,
    120,
    121,
    123,
    124,
    126
  ],
  "criteria": {
    "target_half_fwhm_over_mean": 0.01,
    "target_half66_over_full_scale": 0.1,
    "gaussian_central_targets": {
      "33": 0.33,
      "66": 0.66,
      "99": 0.99
    }
  },
  "low": {
    "mu": 1.0061650276184082,
    "sigma": 0.059448178857564926,
    "snr": 16.92507738595547,
    "half_fwhm": 0.06999488160626954,
    "half_fwhm_over_mean": 0.06956600526252375,
    "half_66": 0.056723386628708676,
    "half_66_over_full_scale": 0.056723386628708676,
    "cov33": 0.32991803278688525,
    "cov66": 0.663422131147541,
    "cov99": 0.9892418032786885
  },
  "high": {
    "mu": 1.0064213275909424,
    "sigma": 0.056567974388599396,
    "snr": 17.791362311777856,
    "half_fwhm": 0.06660369999766023,
    "half_fwhm_over_mean": 0.06617874459903254,
    "half_66": 0.05397519560246538,
    "half_66_over_full_scale": 0.05397519560246538,
    "cov33": 0.32940573770491804,
    "cov66": 0.6746926229508197,
    "cov99": 0.9887295081967213
  },
  "pass": {
    "half_fwhm_over_mean": false,
    "half66_over_full_scale": true
  },
  "estimated_beam_factor_to_meet_half_fwhm": 48.39429088185482
}
