{
  "sample_dir": "/home/yyb/workspace/XRay-all/XRay-detectionCode/data/raw/batch_pbs_10M/sample_00053_ore",
  "blank_columns": [
    0,
    2,
    11,
    14,
    15,
    19,
    20,
    21,
    22,
    23,
    24,
    27,
    28,
    30,
    33,
    90,
    92,
    93,
    97,
    98,
    99,
    100,
    103,
    106,
    110,
    113,
    117,
    120,
    121,
    123,
    125,
    126
  ],
  "criteria": {
    "target_half_fwhm_over_mean": 0.01,
    "target_half66_over_full_scale": 0.1,
    "gaussian_central_targets": {
      "33": 0.33,
      "66": 0.66,
      "99": 0.99
    }
  },
  "low": {
    "mu": 1.0030291080474854,
    "sigma": 0.0610923208296299,
    "snr": 16.41825182652112,
    "half_fwhm": 0.07193071084259176,
    "half_fwhm_over_mean": 0.0717134829542618,
    "half_66": 0.058292169769692335,
    "half_66_over_full_scale": 0.058292169769692335,
    "cov33": 0.32479508196721313,
    "cov66": 0.6618852459016393,
    "cov99": 0.9897540983606558
  },
  "high": {
    "mu": 1.005769968032837,
    "sigma": 0.05515124648809433,
    "snr": 18.236577268474896,
    "half_fwhm": 0.06493563036845018,
    "half_fwhm_over_mean": 0.0645631033261575,
    "half_66": 0.05262340306664069,
    "half_66_over_full_scale": 0.05262340306664069,
    "cov33": 0.35348360655737704,
    "cov66": 0.6782786885245902,
    "cov99": 0.9892418032786885
  },
  "pass": {
    "half_fwhm_over_mean": false,
    "half66_over_full_scale": true
  },
  "estimated_beam_factor_to_meet_half_fwhm": 51.428236374311986
}
