{
  "sample_dir": "/home/yyb/workspace/XRay-all/XRay-detectionCode/data/raw/batch_PbS_1M/sample_00018_ore",
  "blank_columns": [
    3,
    4,
    6,
    10,
    11,
    12,
    13,
    15,
    16,
    18,
    20,
    23,
    24,
    29,
    31,
    81,
    83,
    85,
    86,
    88,
    89,
    92,
    95,
    96,
    97,
    99,
    101,
    104,
    113,
    121,
    123,
    125
  ],
  "criteria": {
    "target_half_fwhm_over_mean": 0.01,
    "target_half66_over_full_scale": 0.01,
    "gaussian_central_targets": {
      "33": 0.33,
      "66": 0.66,
      "99": 0.99
    }
  },
  "low": {
    "mu": 1.001333475112915,
    "sigma": 0.024598894640803337,
    "snr": 40.706441884260784,
    "half_fwhm": 0.028962985092503384,
    "half_fwhm_over_mean": 0.028924415104805503,
    "half_66": 0.02347141053205868,
    "half_66_over_full_scale": 0.02347141053205868,
    "cov33": 0.3396516393442623,
    "cov66": 0.6572745901639344,
    "cov99": 0.9907786885245902
  },
  "high": {
    "mu": 1.0028259754180908,
    "sigma": 0.02231939323246479,
    "snr": 44.93070062314351,
    "half_fwhm": 0.026279077288022715,
    "half_fwhm_over_mean": 0.026205022538498404,
    "half_66": 0.021296389493724224,
    "half_66_over_full_scale": 0.021296389493724224,
    "cov33": 0.33145491803278687,
    "cov66": 0.6603483606557377,
    "cov99": 0.9882172131147541
  },
  "pass": {
    "half_fwhm_over_mean": false,
    "half66_over_full_scale": false
  },
  "estimated_beam_factor_to_meet_half_fwhm": 8.366217891551006
}
