{
  "sample_dir": "/home/yyb/workspace/XRay-all/XRay-detectionCode/data/raw/batch_PbS_1M/sample_00212_waste",
  "blank_columns": [
    0,
    1,
    6,
    10,
    12,
    17,
    18,
    22,
    24,
    27,
    29,
    31,
    35,
    37,
    89,
    91,
    92,
    93,
    96,
    97,
    99,
    102,
    104,
    105,
    107,
    108,
    109,
    110,
    116,
    117,
    118,
    125
  ],
  "criteria": {
    "target_half_fwhm_over_mean": 0.01,
    "target_half66_over_full_scale": 0.01,
    "gaussian_central_targets": {
      "33": 0.33,
      "66": 0.66,
      "99": 0.99
    }
  },
  "low": {
    "mu": 1.0019121170043945,
    "sigma": 0.024321572855114937,
    "snr": 41.1943801074398,
    "half_fwhm": 0.028636463642576264,
    "half_fwhm_over_mean": 0.02858181187407544,
    "half_66": 0.023206799720214354,
    "half_66_over_full_scale": 0.023206799720214354,
    "cov33": 0.32735655737704916,
    "cov66": 0.6572745901639344,
    "cov99": 0.9882172131147541
  },
  "high": {
    "mu": 1.0020984411239624,
    "sigma": 0.022854609414935112,
    "snr": 43.84666668024996,
    "half_fwhm": 0.026909246185467462,
    "half_fwhm_over_mean": 0.02685289696218449,
    "half_66": 0.02180707417795896,
    "half_66_over_full_scale": 0.02180707417795896,
    "cov33": 0.33401639344262296,
    "cov66": 0.6593237704918032,
    "cov99": 0.9912909836065574
  },
  "pass": {
    "half_fwhm_over_mean": false,
    "half66_over_full_scale": false
  },
  "estimated_beam_factor_to_meet_half_fwhm": 8.169199700050397
}
