{
  "sample_dir": "/home/yyb/workspace/XRay-all/XRay-detectionCode/data/raw/batch_PbS_1M/sample_00063_waste",
  "blank_columns": [
    2,
    3,
    5,
    6,
    7,
    8,
    11,
    12,
    15,
    17,
    18,
    19,
    20,
    22,
    23,
    29,
    31,
    92,
    94,
    95,
    96,
    97,
    99,
    103,
    105,
    107,
    108,
    115,
    117,
    118,
    121,
    123
  ],
  "criteria": {
    "target_half_fwhm_over_mean": 0.01,
    "target_half66_over_full_scale": 0.01,
    "gaussian_central_targets": {
      "33": 0.33,
      "66": 0.66,
      "99": 0.99
    }
  },
  "low": {
    "mu": 0.9973000884056091,
    "sigma": 0.05061095580458641,
    "snr": 19.705221380451245,
    "half_fwhm": 0.059589846612624585,
    "half_fwhm_over_mean": 0.05975116948790339,
    "half_66": 0.048291215457254046,
    "half_66_over_full_scale": 0.048291215457254046,
    "cov33": 0.5896516393442623,
    "cov66": 0.9339139344262295,
    "cov99": 0.9871926229508197
  },
  "high": {
    "mu": 0.9973623752593994,
    "sigma": 0.047425564378499985,
    "snr": 21.030058120121097,
    "half_fwhm": 0.05583933482196486,
    "half_fwhm_over_mean": 0.05598700753819981,
    "half_66": 0.04525182564081258,
    "half_66_over_full_scale": 0.04525182564081258,
    "cov33": 0.6024590163934426,
    "cov66": 0.9252049180327869,
    "cov99": 0.9846311475409836
  },
  "pass": {
    "half_fwhm_over_mean": false,
    "half66_over_full_scale": false
  },
  "estimated_beam_factor_to_meet_half_fwhm": 35.70202255172157
}
