{
  "sample_dir": "/home/yyb/workspace/XRay-all/XRay-detectionCode/data/raw/batch_PbS_1M/sample_00071_ore",
  "blank_columns": [
    0,
    6,
    8,
    11,
    12,
    13,
    14,
    15,
    17,
    18,
    19,
    20,
    29,
    33,
    37,
    41,
    44,
    89,
    91,
    93,
    95,
    97,
    103,
    107,
    109,
    111,
    112,
    117,
    121,
    123,
    125,
    127
  ],
  "criteria": {
    "target_half_fwhm_over_mean": 0.01,
    "target_half66_over_full_scale": 0.01,
    "gaussian_central_targets": {
      "33": 0.33,
      "66": 0.66,
      "99": 0.99
    }
  },
  "low": {
    "mu": 1.001784324645996,
    "sigma": 0.024249184876680374,
    "snr": 41.312082436609174,
    "half_fwhm": 0.028551233311258896,
    "half_fwhm_over_mean": 0.02850037938190752,
    "half_66": 0.0231377296264466,
    "half_66_over_full_scale": 0.0231377296264466,
    "cov33": 0.33094262295081966,
    "cov66": 0.6567622950819673,
    "cov99": 0.9877049180327869
  },
  "high": {
    "mu": 1.0024583339691162,
    "sigma": 0.022559957578778267,
    "snr": 44.43529339399601,
    "half_fwhm": 0.026562320160428362,
    "half_fwhm_over_mean": 0.026497181239700976,
    "half_66": 0.021525927634122373,
    "half_66_over_full_scale": 0.021525927634122373,
    "cov33": 0.33299180327868855,
    "cov66": 0.6629098360655737,
    "cov99": 0.9892418032786885
  },
  "pass": {
    "half_fwhm_over_mean": false,
    "half66_over_full_scale": false
  },
  "estimated_beam_factor_to_meet_half_fwhm": 8.12271624912659
}
