{
  "sample_dir": "/home/yyb/workspace/XRay-all/XRay-detectionCode/data/raw/batch_PbS_1M/sample_00277_ore",
  "blank_columns": [
    2,
    6,
    10,
    11,
    12,
    13,
    15,
    16,
    18,
    19,
    20,
    22,
    23,
    29,
    31,
    91,
    96,
    97,
    98,
    99,
    100,
    101,
    103,
    106,
    108,
    111,
    113,
    115,
    117,
    122,
    123,
    126
  ],
  "criteria": {
    "target_half_fwhm_over_mean": 0.01,
    "target_half66_over_full_scale": 0.01,
    "gaussian_central_targets": {
      "33": 0.33,
      "66": 0.66,
      "99": 0.99
    }
  },
  "low": {
    "mu": 0.9975478649139404,
    "sigma": 0.06156305596232414,
    "snr": 16.203676853280772,
    "half_fwhm": 0.07248495910576883,
    "half_fwhm_over_mean": 0.07266313893822246,
    "half_66": 0.058741328876744346,
    "half_66_over_full_scale": 0.058741328876744346,
    "cov33": 0.6967213114754098,
    "cov66": 0.9784836065573771,
    "cov99": 0.9943647540983607
  },
  "high": {
    "mu": 0.9977688789367676,
    "sigma": 0.0604463666677475,
    "snr": 16.506680780685357,
    "half_fwhm": 0.07117015793831583,
    "half_fwhm_over_mean": 0.07132930224698475,
    "half_66": 0.05767582275329898,
    "half_66_over_full_scale": 0.05767582275329898,
    "cov33": 0.7392418032786885,
    "cov66": 0.9815573770491803,
    "cov99": 0.9943647540983607
  },
  "pass": {
    "half_fwhm_over_mean": false,
    "half66_over_full_scale": false
  },
  "estimated_beam_factor_to_meet_half_fwhm": 52.79931760355421
}
