{
  "sample_dir": "/home/yyb/workspace/XRay-all/XRay-detectionCode/data/raw/batch_PbS_1M/sample_00157_ore",
  "blank_columns": [
    2,
    3,
    4,
    5,
    6,
    8,
    9,
    12,
    13,
    15,
    17,
    18,
    19,
    20,
    22,
    24,
    29,
    31,
    32,
    33,
    34,
    36,
    37,
    95,
    96,
    97,
    99,
    107,
    111,
    115,
    116,
    117
  ],
  "criteria": {
    "target_half_fwhm_over_mean": 0.01,
    "target_half66_over_full_scale": 0.01,
    "gaussian_central_targets": {
      "33": 0.33,
      "66": 0.66,
      "99": 0.99
    }
  },
  "low": {
    "mu": 1.0025358200073242,
    "sigma": 0.02404751442372799,
    "snr": 41.68978973636084,
    "half_fwhm": 0.028313784498710644,
    "half_fwhm_over_mean": 0.028242167445452264,
    "half_66": 0.022945302687653178,
    "half_66_over_full_scale": 0.022945302687653178,
    "cov33": 0.33401639344262296,
    "cov66": 0.6649590163934426,
    "cov99": 0.9887295081967213
  },
  "high": {
    "mu": 1.0019690990447998,
    "sigma": 0.022860830649733543,
    "snr": 43.82907665940294,
    "half_fwhm": 0.026916571129671458,
    "half_fwhm_over_mean": 0.02686367389506487,
    "half_66": 0.021813010264035287,
    "half_66_over_full_scale": 0.021813010264035287,
    "cov33": 0.31915983606557374,
    "cov66": 0.6588114754098361,
    "cov99": 0.9887295081967213
  },
  "pass": {
    "half_fwhm_over_mean": false,
    "half66_over_full_scale": false
  },
  "estimated_beam_factor_to_meet_half_fwhm": 7.976200220169636
}
