{
  "sample_dir": "/home/yyb/workspace/XRay-all/XRay-detectionCode/data/raw/batch_PbS_1M/sample_00036_ore",
  "blank_columns": [
    6,
    8,
    10,
    11,
    12,
    13,
    16,
    20,
    23,
    29,
    31,
    34,
    39,
    41,
    88,
    89,
    91,
    93,
    94,
    95,
    96,
    97,
    99,
    100,
    104,
    107,
    108,
    111,
    116,
    117,
    118,
    125
  ],
  "criteria": {
    "target_half_fwhm_over_mean": 0.01,
    "target_half66_over_full_scale": 0.01,
    "gaussian_central_targets": {
      "33": 0.33,
      "66": 0.66,
      "99": 0.99
    }
  },
  "low": {
    "mu": 1.0022588968276978,
    "sigma": 0.024615300819277763,
    "snr": 40.71690629280333,
    "half_fwhm": 0.028982301891470098,
    "half_fwhm_over_mean": 0.028916981413887672,
    "half_66": 0.023487064737495893,
    "half_66_over_full_scale": 0.023487064737495893,
    "cov33": 0.32530737704918034,
    "cov66": 0.6772540983606558,
    "cov99": 0.9892418032786885
  },
  "high": {
    "mu": 1.0023022890090942,
    "sigma": 0.022412633523344994,
    "snr": 44.72041574075159,
    "half_fwhm": 0.02638885934100588,
    "half_fwhm_over_mean": 0.026328244113953576,
    "half_66": 0.02138535613947536,
    "half_66_over_full_scale": 0.02138535613947536,
    "cov33": 0.3324795081967213,
    "cov66": 0.6506147540983607,
    "cov99": 0.9943647540983607
  },
  "pass": {
    "half_fwhm_over_mean": false,
    "half66_over_full_scale": false
  },
  "estimated_beam_factor_to_meet_half_fwhm": 8.361918140911252
}
