{
  "sample_dir": "/home/yyb/workspace/XRay-all/XRay-detectionCode/data/raw/batch_PbS_1M/sample_00232_ore",
  "blank_columns": [
    3,
    8,
    10,
    12,
    14,
    15,
    16,
    23,
    26,
    29,
    31,
    34,
    36,
    37,
    39,
    41,
    43,
    44,
    80,
    81,
    82,
    88,
    89,
    91,
    96,
    99,
    107,
    108,
    115,
    122,
    123,
    127
  ],
  "criteria": {
    "target_half_fwhm_over_mean": 0.01,
    "target_half66_over_full_scale": 0.01,
    "gaussian_central_targets": {
      "33": 0.33,
      "66": 0.66,
      "99": 0.99
    }
  },
  "low": {
    "mu": 1.0023905038833618,
    "sigma": 0.024233028292655945,
    "snr": 41.36464051367224,
    "half_fwhm": 0.02853221038729917,
    "half_fwhm_over_mean": 0.028464166686298916,
    "half_66": 0.023122313575360952,
    "half_66_over_full_scale": 0.023122313575360952,
    "cov33": 0.3447745901639344,
    "cov66": 0.6536885245901639,
    "cov99": 0.992827868852459
  },
  "high": {
    "mu": 1.0024685859680176,
    "sigma": 0.022696584463119507,
    "snr": 44.16825745728238,
    "half_fwhm": 0.02672318602339469,
    "half_fwhm_over_mean": 0.026657379989209213,
    "half_66": 0.021656292259806406,
    "half_66_over_full_scale": 0.021656292259806406,
    "cov33": 0.33299180327868855,
    "cov66": 0.6567622950819673,
    "cov99": 0.9912909836065574
  },
  "pass": {
    "half_fwhm_over_mean": false,
    "half66_over_full_scale": false
  },
  "estimated_beam_factor_to_meet_half_fwhm": 8.10208785145409
}
