{
  "sample_dir": "/home/yyb/workspace/XRay-all/XRay-detectionCode/data/raw/batch_PbS_1M/sample_00220_waste",
  "blank_columns": [
    2,
    3,
    6,
    8,
    11,
    12,
    13,
    15,
    16,
    19,
    20,
    28,
    33,
    34,
    92,
    93,
    95,
    96,
    99,
    102,
    104,
    107,
    108,
    109,
    111,
    115,
    116,
    118,
    121,
    123,
    124,
    125
  ],
  "criteria": {
    "target_half_fwhm_over_mean": 0.01,
    "target_half66_over_full_scale": 0.01,
    "gaussian_central_targets": {
      "33": 0.33,
      "66": 0.66,
      "99": 0.99
    }
  },
  "low": {
    "mu": 1.0021967887878418,
    "sigma": 0.02448192797601223,
    "snr": 40.93618728761108,
    "half_fwhm": 0.02882526736907994,
    "half_fwhm_over_mean": 0.028762083147306963,
    "half_66": 0.023359805004738606,
    "half_66_over_full_scale": 0.023359805004738606,
    "cov33": 0.35911885245901637,
    "cov66": 0.6654713114754098,
    "cov99": 0.9897540983606558
  },
  "high": {
    "mu": 1.0021772384643555,
    "sigma": 0.02228265255689621,
    "snr": 44.97567046407111,
    "half_fwhm": 0.02623581844837485,
    "half_fwhm_over_mean": 0.02617882091253261,
    "half_66": 0.021261332817719567,
    "half_66_over_full_scale": 0.021261332817719567,
    "cov33": 0.3473360655737705,
    "cov66": 0.6582991803278688,
    "cov99": 0.9933401639344263
  },
  "pass": {
    "half_fwhm_over_mean": false,
    "half66_over_full_scale": false
  },
  "estimated_beam_factor_to_meet_half_fwhm": 8.272574269725991
}
