{
  "sample_dir": "/home/yyb/workspace/XRay-all/XRay-detectionCode/data/raw/batch_PbS_1M/sample_00264_ore",
  "blank_columns": [
    3,
    11,
    12,
    13,
    15,
    18,
    19,
    22,
    29,
    31,
    33,
    38,
    41,
    44,
    80,
    89,
    91,
    92,
    94,
    96,
    98,
    99,
    101,
    103,
    104,
    105,
    107,
    108,
    109,
    111,
    116,
    121
  ],
  "criteria": {
    "target_half_fwhm_over_mean": 0.01,
    "target_half66_over_full_scale": 0.01,
    "gaussian_central_targets": {
      "33": 0.33,
      "66": 0.66,
      "99": 0.99
    }
  },
  "low": {
    "mu": 1.002858281135559,
    "sigma": 0.02446657605469227,
    "snr": 40.988909886441924,
    "half_fwhm": 0.028807191863053184,
    "half_fwhm_over_mean": 0.028725087487370748,
    "half_66": 0.023345156734846065,
    "half_66_over_full_scale": 0.023345156734846065,
    "cov33": 0.33760245901639346,
    "cov66": 0.6613729508196722,
    "cov99": 0.9918032786885246
  },
  "high": {
    "mu": 1.0018622875213623,
    "sigma": 0.02219502255320549,
    "snr": 45.139052466367936,
    "half_fwhm": 0.026132642003757683,
    "half_fwhm_over_mean": 0.02608406597318942,
    "half_66": 0.02117771931306481,
    "half_66_over_full_scale": 0.02117771931306481,
    "cov33": 0.32991803278688525,
    "cov66": 0.6603483606557377,
    "cov99": 0.9912909836065574
  },
  "pass": {
    "half_fwhm_over_mean": false,
    "half66_over_full_scale": false
  },
  "estimated_beam_factor_to_meet_half_fwhm": 8.251306511571036
}
