{
  "sample_dir": "/home/yyb/workspace/XRay-all/XRay-detectionCode/data/raw/batch_PbS_1M/sample_00129_ore",
  "blank_columns": [
    5,
    6,
    8,
    9,
    12,
    15,
    16,
    17,
    19,
    24,
    31,
    34,
    36,
    41,
    89,
    94,
    95,
    96,
    99,
    100,
    101,
    103,
    105,
    108,
    109,
    111,
    113,
    114,
    116,
    117,
    123,
    125
  ],
  "criteria": {
    "target_half_fwhm_over_mean": 0.01,
    "target_half66_over_full_scale": 0.01,
    "gaussian_central_targets": {
      "33": 0.33,
      "66": 0.66,
      "99": 0.99
    }
  },
  "low": {
    "mu": 1.0033625364303589,
    "sigma": 0.024529263377189636,
    "snr": 40.90471535983467,
    "half_fwhm": 0.028881000544845273,
    "half_fwhm_over_mean": 0.02878421258142105,
    "half_66": 0.023404970799785825,
    "half_66_over_full_scale": 0.023404970799785825,
    "cov33": 0.3442622950819672,
    "cov66": 0.6716188524590164,
    "cov99": 0.9912909836065574
  },
  "high": {
    "mu": 1.0024112462997437,
    "sigma": 0.022282032296061516,
    "snr": 44.987424530253726,
    "half_fwhm": 0.026235088147051513,
    "half_fwhm_over_mean": 0.026171981054576705,
    "half_66": 0.021260740986383215,
    "half_66_over_full_scale": 0.021260740986383215,
    "cov33": 0.32581967213114754,
    "cov66": 0.6685450819672131,
    "cov99": 0.9882172131147541
  },
  "pass": {
    "half_fwhm_over_mean": false,
    "half66_over_full_scale": false
  },
  "estimated_beam_factor_to_meet_half_fwhm": 8.285308939324379
}
