{
  "sample_dir": "/home/yyb/workspace/XRay-all/XRay-detectionCode/data/raw/batch_PbS_1M/sample_00226_waste",
  "blank_columns": [
    2,
    6,
    8,
    10,
    12,
    13,
    16,
    22,
    24,
    31,
    34,
    36,
    39,
    89,
    90,
    92,
    93,
    95,
    96,
    97,
    99,
    100,
    101,
    107,
    109,
    111,
    116,
    117,
    118,
    121,
    123,
    127
  ],
  "criteria": {
    "target_half_fwhm_over_mean": 0.01,
    "target_half66_over_full_scale": 0.01,
    "gaussian_central_targets": {
      "33": 0.33,
      "66": 0.66,
      "99": 0.99
    }
  },
  "low": {
    "mu": 1.002921223640442,
    "sigma": 0.02455885335803032,
    "snr": 40.8374613024229,
    "half_fwhm": 0.02891584008485268,
    "half_fwhm_over_mean": 0.028831616485184005,
    "half_66": 0.023433204531345266,
    "half_66_over_full_scale": 0.023433204531345266,
    "cov33": 0.3176229508196721,
    "cov66": 0.6603483606557377,
    "cov99": 0.9882172131147541
  },
  "high": {
    "mu": 1.0026906728744507,
    "sigma": 0.022601129487156868,
    "snr": 44.36462670789225,
    "half_fwhm": 0.02661079637799878,
    "half_fwhm_over_mean": 0.02653938756776566,
    "half_66": 0.021565212438502953,
    "half_66_over_full_scale": 0.021565212438502953,
    "cov33": 0.32325819672131145,
    "cov66": 0.6531762295081968,
    "cov99": 0.9897540983606558
  },
  "pass": {
    "half_fwhm_over_mean": false,
    "half66_over_full_scale": false
  },
  "estimated_beam_factor_to_meet_half_fwhm": 8.312621091487342
}
