{
  "sample_dir": "/home/yyb/workspace/XRay-all/XRay-detectionCode/data/raw/batch_PbS_1M/sample_00137_ore",
  "blank_columns": [
    3,
    4,
    5,
    6,
    8,
    12,
    15,
    29,
    31,
    34,
    35,
    36,
    37,
    88,
    89,
    93,
    94,
    96,
    97,
    99,
    102,
    104,
    105,
    106,
    107,
    108,
    109,
    115,
    117,
    123,
    126,
    127
  ],
  "criteria": {
    "target_half_fwhm_over_mean": 0.01,
    "target_half66_over_full_scale": 0.01,
    "gaussian_central_targets": {
      "33": 0.33,
      "66": 0.66,
      "99": 0.99
    }
  },
  "low": {
    "mu": 1.0032082796096802,
    "sigma": 0.024412130936980247,
    "snr": 41.094662411874474,
    "half_fwhm": 0.028743087635782857,
    "half_fwhm_over_mean": 0.028651166681923693,
    "half_66": 0.023293207095321802,
    "half_66_over_full_scale": 0.023293207095321802,
    "cov33": 0.33350409836065575,
    "cov66": 0.6695696721311475,
    "cov99": 0.9892418032786885
  },
  "high": {
    "mu": 1.0026090145111084,
    "sigma": 0.0220350194722414,
    "snr": 45.5007092584667,
    "half_fwhm": 0.025944252772599687,
    "half_fwhm_over_mean": 0.025876739982485204,
    "half_66": 0.02102504993281254,
    "half_66_over_full_scale": 0.02102504993281254,
    "cov33": 0.3355532786885246,
    "cov66": 0.6603483606557377,
    "cov99": 0.985655737704918
  },
  "pass": {
    "half_fwhm_over_mean": false,
    "half66_over_full_scale": false
  },
  "estimated_beam_factor_to_meet_half_fwhm": 8.208893522353744
}
