{
  "sample_dir": "/home/yyb/workspace/XRay-all/XRay-detectionCode/data/raw/batch_PbS_1M/sample_00114_ore",
  "blank_columns": [
    4,
    8,
    9,
    12,
    14,
    15,
    16,
    20,
    27,
    29,
    31,
    34,
    36,
    37,
    39,
    89,
    91,
    93,
    94,
    95,
    96,
    97,
    99,
    100,
    105,
    111,
    113,
    115,
    121,
    122,
    123,
    126
  ],
  "criteria": {
    "target_half_fwhm_over_mean": 0.01,
    "target_half66_over_full_scale": 0.01,
    "gaussian_central_targets": {
      "33": 0.33,
      "66": 0.66,
      "99": 0.99
    }
  },
  "low": {
    "mu": 1.0019093751907349,
    "sigma": 0.02426174283027649,
    "snr": 41.29585340177794,
    "half_fwhm": 0.028566019171685053,
    "half_fwhm_over_mean": 0.028511579868435607,
    "half_66": 0.023149711989418634,
    "half_66_over_full_scale": 0.023149711989418634,
    "cov33": 0.3483606557377049,
    "cov66": 0.6659836065573771,
    "cov99": 0.9902663934426229
  },
  "high": {
    "mu": 1.0019978284835815,
    "sigma": 0.022359386086463928,
    "snr": 44.81329785213457,
    "half_fwhm": 0.02632616527514968,
    "half_fwhm_over_mean": 0.02627367497890845,
    "half_66": 0.02133454928538435,
    "half_66_over_full_scale": 0.02133454928538435,
    "cov33": 0.32581967213114754,
    "cov66": 0.6526639344262295,
    "cov99": 0.9892418032786885
  },
  "pass": {
    "half_fwhm_over_mean": false,
    "half66_over_full_scale": false
  },
  "estimated_beam_factor_to_meet_half_fwhm": 8.129101865941827
}
