{
  "sample_dir": "/home/yyb/workspace/XRay-all/XRay-detectionCode/data/raw/batch_PbS_1M/sample_00204_ore",
  "blank_columns": [
    2,
    6,
    8,
    11,
    12,
    13,
    16,
    19,
    23,
    29,
    31,
    32,
    36,
    37,
    41,
    42,
    88,
    89,
    91,
    92,
    95,
    96,
    97,
    99,
    103,
    105,
    109,
    111,
    116,
    122,
    123,
    127
  ],
  "criteria": {
    "target_half_fwhm_over_mean": 0.01,
    "target_half66_over_full_scale": 0.01,
    "gaussian_central_targets": {
      "33": 0.33,
      "66": 0.66,
      "99": 0.99
    }
  },
  "low": {
    "mu": 1.0024582147598267,
    "sigma": 0.024413995444774628,
    "snr": 41.06080125342141,
    "half_fwhm": 0.02874528292594699,
    "half_fwhm_over_mean": 0.028674794123796882,
    "half_66": 0.02329498614387342,
    "half_66_over_full_scale": 0.02329498614387342,
    "cov33": 0.32991803278688525,
    "cov66": 0.6547131147540983,
    "cov99": 0.9897540983606558
  },
  "high": {
    "mu": 1.0027363300323486,
    "sigma": 0.022257184609770775,
    "snr": 45.05225380536913,
    "half_fwhm": 0.02620583223217686,
    "half_fwhm_over_mean": 0.026134320107192535,
    "half_66": 0.021237032187503512,
    "half_66_over_full_scale": 0.021237032187503512,
    "cov33": 0.32889344262295084,
    "cov66": 0.65625,
    "cov99": 0.9892418032786885
  },
  "pass": {
    "half_fwhm_over_mean": false,
    "half66_over_full_scale": false
  },
  "estimated_beam_factor_to_meet_half_fwhm": 8.222438180421362
}
