{
  "sample_dir": "/home/yyb/workspace/XRay-all/XRay-detectionCode/data/raw/batch_PbS_1M/sample_00152_ore",
  "blank_columns": [
    0,
    5,
    10,
    11,
    12,
    13,
    15,
    16,
    19,
    20,
    22,
    23,
    29,
    31,
    32,
    33,
    34,
    36,
    92,
    94,
    95,
    96,
    99,
    100,
    103,
    105,
    106,
    109,
    115,
    117,
    123,
    125
  ],
  "criteria": {
    "target_half_fwhm_over_mean": 0.01,
    "target_half66_over_full_scale": 0.01,
    "gaussian_central_targets": {
      "33": 0.33,
      "66": 0.66,
      "99": 0.99
    }
  },
  "low": {
    "mu": 1.002007246017456,
    "sigma": 0.02460405044257641,
    "snr": 40.7252963635418,
    "half_fwhm": 0.028969055585185022,
    "half_fwhm_over_mean": 0.028911024047305493,
    "half_66": 0.023476330018962654,
    "half_66_over_full_scale": 0.023476330018962654,
    "cov33": 0.3176229508196721,
    "cov66": 0.6536885245901639,
    "cov99": 0.9912909836065574
  },
  "high": {
    "mu": 1.001501202583313,
    "sigma": 0.02220849320292473,
    "snr": 45.09541432785819,
    "half_fwhm": 0.0261485024817467,
    "half_fwhm_over_mean": 0.026109307122445972,
    "half_66": 0.02119057253896421,
    "half_66_over_full_scale": 0.02119057253896421,
    "cov33": 0.32223360655737704,
    "cov66": 0.6577868852459017,
    "cov99": 0.9892418032786885
  },
  "pass": {
    "half_fwhm_over_mean": false,
    "half66_over_full_scale": false
  },
  "estimated_beam_factor_to_meet_half_fwhm": 8.358473114638764
}
