{
  "sample_dir": "/home/yyb/workspace/XRay-all/XRay-detectionCode/data/raw/batch_PbS_1M/sample_00289_waste",
  "blank_columns": [
    3,
    8,
    11,
    12,
    17,
    19,
    20,
    23,
    31,
    33,
    34,
    36,
    37,
    79,
    80,
    81,
    82,
    89,
    95,
    96,
    97,
    99,
    107,
    108,
    109,
    111,
    112,
    115,
    116,
    117,
    118,
    123
  ],
  "criteria": {
    "target_half_fwhm_over_mean": 0.01,
    "target_half66_over_full_scale": 0.01,
    "gaussian_central_targets": {
      "33": 0.33,
      "66": 0.66,
      "99": 0.99
    }
  },
  "low": {
    "mu": 1.003381371498108,
    "sigma": 0.024239012971520424,
    "snr": 41.3953065117391,
    "half_fwhm": 0.028539256808175654,
    "half_fwhm_over_mean": 0.028443080187511207,
    "half_66": 0.023128023947984674,
    "half_66_over_full_scale": 0.023128023947984674,
    "cov33": 0.33350409836065575,
    "cov66": 0.6659836065573771,
    "cov99": 0.9918032786885246
  },
  "high": {
    "mu": 1.0025368928909302,
    "sigma": 0.021990880370140076,
    "snr": 45.58875661259142,
    "half_fwhm": 0.025892282951401432,
    "half_fwhm_over_mean": 0.025826763219394415,
    "half_66": 0.02098293393528238,
    "half_66_over_full_scale": 0.02098293393528238,
    "cov33": 0.3391393442622951,
    "cov66": 0.6639344262295082,
    "cov99": 0.9882172131147541
  },
  "pass": {
    "half_fwhm_over_mean": false,
    "half66_over_full_scale": false
  },
  "estimated_beam_factor_to_meet_half_fwhm": 8.090088105531924
}
