{
  "sample_dir": "/home/yyb/workspace/XRay-all/XRay-detectionCode/data/raw/batch_PbS_1M/sample_00145_ore",
  "blank_columns": [
    5,
    8,
    9,
    10,
    11,
    12,
    13,
    15,
    16,
    17,
    19,
    25,
    27,
    29,
    31,
    34,
    37,
    87,
    89,
    92,
    95,
    96,
    97,
    98,
    99,
    103,
    105,
    111,
    117,
    124,
    126,
    127
  ],
  "criteria": {
    "target_half_fwhm_over_mean": 0.01,
    "target_half66_over_full_scale": 0.01,
    "gaussian_central_targets": {
      "33": 0.33,
      "66": 0.66,
      "99": 0.99
    }
  },
  "low": {
    "mu": 1.000809907913208,
    "sigma": 0.03211284801363945,
    "snr": 31.165404808945286,
    "half_fwhm": 0.037809989102278306,
    "half_fwhm_over_mean": 0.03777939127432905,
    "half_66": 0.030640963754179552,
    "half_66_over_full_scale": 0.030640963754179552,
    "cov33": 0.41649590163934425,
    "cov66": 0.7797131147540983,
    "cov99": 0.9959016393442623
  },
  "high": {
    "mu": 1.0003297328948975,
    "sigma": 0.033081743866205215,
    "snr": 30.23811975996792,
    "half_fwhm": 0.038950776789847916,
    "half_fwhm_over_mean": 0.03893793767093834,
    "half_66": 0.03156545051061526,
    "half_66_over_full_scale": 0.03156545051061526,
    "cov33": 0.46260245901639346,
    "cov66": 0.8422131147540983,
    "cov99": 0.9959016393442623
  },
  "pass": {
    "half_fwhm_over_mean": false,
    "half66_over_full_scale": false
  },
  "estimated_beam_factor_to_meet_half_fwhm": 15.16162990065879
}
