{
  "sample_dir": "/home/yyb/workspace/XRay-all/XRay-detectionCode/data/raw/batch_PbS_1M/sample_00298_ore",
  "blank_columns": [
    6,
    12,
    15,
    16,
    22,
    24,
    25,
    29,
    31,
    35,
    36,
    39,
    41,
    42,
    44,
    86,
    89,
    90,
    91,
    95,
    96,
    97,
    99,
    100,
    104,
    111,
    112,
    117,
    122,
    123,
    125,
    127
  ],
  "criteria": {
    "target_half_fwhm_over_mean": 0.01,
    "target_half66_over_full_scale": 0.01,
    "gaussian_central_targets": {
      "33": 0.33,
      "66": 0.66,
      "99": 0.99
    }
  },
  "low": {
    "mu": 1.0024995803833008,
    "sigma": 0.02439691126346588,
    "snr": 41.09125001755994,
    "half_fwhm": 0.028725167839647864,
    "half_fwhm_over_mean": 0.02865354599815886,
    "half_66": 0.023278685011690163,
    "half_66_over_full_scale": 0.023278685011690163,
    "cov33": 0.32633196721311475,
    "cov66": 0.6547131147540983,
    "cov99": 0.9877049180327869
  },
  "high": {
    "mu": 1.003090262413025,
    "sigma": 0.022612717002630234,
    "snr": 44.3595637930793,
    "half_fwhm": 0.026624439634852993,
    "half_fwhm_over_mean": 0.026542416602475513,
    "half_66": 0.02157626884313793,
    "half_66_over_full_scale": 0.02157626884313793,
    "cov33": 0.32581967213114754,
    "cov66": 0.6470286885245902,
    "cov99": 0.9897540983606558
  },
  "pass": {
    "half_fwhm_over_mean": false,
    "half66_over_full_scale": false
  },
  "estimated_beam_factor_to_meet_half_fwhm": 8.210256982686055
}
