{
  "sample_dir": "/home/yyb/workspace/XRay-all/XRay-detectionCode/data/raw/batch_PbS_1M/sample_00288_waste",
  "blank_columns": [
    10,
    12,
    13,
    16,
    17,
    18,
    19,
    23,
    25,
    26,
    29,
    31,
    33,
    34,
    36,
    42,
    89,
    90,
    91,
    92,
    95,
    97,
    105,
    106,
    107,
    109,
    111,
    113,
    117,
    121,
    122,
    123
  ],
  "criteria": {
    "target_half_fwhm_over_mean": 0.01,
    "target_half66_over_full_scale": 0.01,
    "gaussian_central_targets": {
      "33": 0.33,
      "66": 0.66,
      "99": 0.99
    }
  },
  "low": {
    "mu": 1.0014516115188599,
    "sigma": 0.03195720538496971,
    "snr": 31.33727118673112,
    "half_fwhm": 0.03762673391135431,
    "half_fwhm_over_mean": 0.03757219368221637,
    "half_66": 0.03049245496599455,
    "half_66_over_full_scale": 0.03049245496599455,
    "cov33": 0.4144467213114754,
    "cov66": 0.7807377049180327,
    "cov99": 0.9948770491803278
  },
  "high": {
    "mu": 1.0015277862548828,
    "sigma": 0.02893020585179329,
    "snr": 34.61875768826586,
    "half_fwhm": 0.03406271432288956,
    "half_fwhm_over_mean": 0.03401075316169092,
    "half_66": 0.027604197190147856,
    "half_66_over_full_scale": 0.027604197190147856,
    "cov33": 0.39549180327868855,
    "cov66": 0.7971311475409836,
    "cov99": 0.9948770491803278
  },
  "pass": {
    "half_fwhm_over_mean": false,
    "half66_over_full_scale": false
  },
  "estimated_beam_factor_to_meet_half_fwhm": 14.116697380939796
}
