{
  "sample_dir": "/home/yyb/workspace/XRay-all/XRay-detectionCode/data/raw/batch_PbS_1M/sample_00210_ore",
  "blank_columns": [
    3,
    4,
    5,
    8,
    11,
    12,
    13,
    15,
    16,
    18,
    19,
    20,
    21,
    22,
    31,
    34,
    36,
    39,
    41,
    42,
    88,
    95,
    96,
    97,
    100,
    105,
    106,
    107,
    111,
    117,
    118,
    123
  ],
  "criteria": {
    "target_half_fwhm_over_mean": 0.01,
    "target_half66_over_full_scale": 0.01,
    "gaussian_central_targets": {
      "33": 0.33,
      "66": 0.66,
      "99": 0.99
    }
  },
  "low": {
    "mu": 1.0028622150421143,
    "sigma": 0.02424575574696064,
    "snr": 41.362382163229924,
    "half_fwhm": 0.02854719581955843,
    "half_fwhm_over_mean": 0.02846572080528492,
    "half_66": 0.023134457670019495,
    "half_66_over_full_scale": 0.023134457670019495,
    "cov33": 0.33760245901639346,
    "cov66": 0.6659836065573771,
    "cov99": 0.9871926229508197
  },
  "high": {
    "mu": 1.0024000406265259,
    "sigma": 0.02213032729923725,
    "snr": 45.29531023524785,
    "half_fwhm": 0.026056469163327295,
    "half_fwhm_over_mean": 0.025994082309734674,
    "half_66": 0.02111598934968485,
    "half_66_over_full_scale": 0.02111598934968485,
    "cov33": 0.31915983606557374,
    "cov66": 0.6629098360655737,
    "cov99": 0.9912909836065574
  },
  "pass": {
    "half_fwhm_over_mean": false,
    "half66_over_full_scale": false
  },
  "estimated_beam_factor_to_meet_half_fwhm": 8.102972609644308
}
