{
  "sample_dir": "/home/yyb/workspace/XRay-all/XRay-detectionCode/data/raw/batch_PbS_1M/sample_00087_ore",
  "blank_columns": [
    2,
    6,
    8,
    10,
    13,
    15,
    18,
    19,
    22,
    23,
    24,
    31,
    33,
    34,
    38,
    41,
    44,
    81,
    87,
    89,
    91,
    92,
    96,
    97,
    99,
    100,
    105,
    107,
    116,
    121,
    122,
    123
  ],
  "criteria": {
    "target_half_fwhm_over_mean": 0.01,
    "target_half66_over_full_scale": 0.01,
    "gaussian_central_targets": {
      "33": 0.33,
      "66": 0.66,
      "99": 0.99
    }
  },
  "low": {
    "mu": 1.0017894506454468,
    "sigma": 0.02606378309428692,
    "snr": 38.436072270146965,
    "half_fwhm": 0.03068775943947948,
    "half_fwhm_over_mean": 0.030632943299320575,
    "half_66": 0.02486915619410778,
    "half_66_over_full_scale": 0.02486915619410778,
    "cov33": 0.3442622950819672,
    "cov66": 0.6793032786885246,
    "cov99": 0.9923155737704918
  },
  "high": {
    "mu": 1.0023815631866455,
    "sigma": 0.025657331570982933,
    "snr": 39.06803637835375,
    "half_fwhm": 0.030209199342280973,
    "half_fwhm_over_mean": 0.03013742515997968,
    "half_66": 0.024481334273482775,
    "half_66_over_full_scale": 0.024481334273482775,
    "cov33": 0.36526639344262296,
    "cov66": 0.7110655737704918,
    "cov99": 0.9918032786885246
  },
  "pass": {
    "half_fwhm_over_mean": false,
    "half66_over_full_scale": false
  },
  "estimated_beam_factor_to_meet_half_fwhm": 9.383772151793892
}
