{
  "sample_dir": "/home/yyb/workspace/XRay-all/XRay-detectionCode/data/raw/batch_PbS_1M/sample_00099_ore",
  "blank_columns": [
    2,
    4,
    6,
    8,
    10,
    11,
    12,
    13,
    15,
    17,
    20,
    22,
    29,
    31,
    36,
    37,
    89,
    91,
    92,
    96,
    97,
    99,
    100,
    106,
    108,
    109,
    111,
    114,
    116,
    121,
    123,
    125
  ],
  "criteria": {
    "target_half_fwhm_over_mean": 0.01,
    "target_half66_over_full_scale": 0.01,
    "gaussian_central_targets": {
      "33": 0.33,
      "66": 0.66,
      "99": 0.99
    }
  },
  "low": {
    "mu": 1.002225637435913,
    "sigma": 0.023792754858732224,
    "snr": 42.12314393127471,
    "half_fwhm": 0.02801382803355689,
    "half_fwhm_over_mean": 0.02795161786643901,
    "half_66": 0.022702219962827577,
    "half_66_over_full_scale": 0.022702219962827577,
    "cov33": 0.3386270491803279,
    "cov66": 0.6690573770491803,
    "cov99": 0.9902663934426229
  },
  "high": {
    "mu": 1.0031763315200806,
    "sigma": 0.022548813372850418,
    "snr": 44.48909638535307,
    "half_fwhm": 0.02654919886067611,
    "half_fwhm_over_mean": 0.026465136812435525,
    "half_66": 0.021515294220052113,
    "half_66_over_full_scale": 0.021515294220052113,
    "cov33": 0.33145491803278687,
    "cov66": 0.6485655737704918,
    "cov99": 0.9902663934426229
  },
  "pass": {
    "half_fwhm_over_mean": false,
    "half66_over_full_scale": false
  },
  "estimated_beam_factor_to_meet_half_fwhm": 7.812929413514325
}
