{
  "sample_dir": "/home/yyb/workspace/XRay-all/XRay-detectionCode/data/raw/batch_PbS_1M/sample_00153_ore",
  "blank_columns": [
    2,
    6,
    7,
    8,
    9,
    11,
    15,
    16,
    19,
    20,
    23,
    24,
    25,
    31,
    34,
    41,
    42,
    89,
    92,
    95,
    96,
    97,
    98,
    99,
    100,
    107,
    109,
    113,
    115,
    116,
    121,
    126
  ],
  "criteria": {
    "target_half_fwhm_over_mean": 0.01,
    "target_half66_over_full_scale": 0.01,
    "gaussian_central_targets": {
      "33": 0.33,
      "66": 0.66,
      "99": 0.99
    }
  },
  "low": {
    "mu": 1.001957654953003,
    "sigma": 0.025197172537446022,
    "snr": 39.76468603625957,
    "half_fwhm": 0.0296674034842507,
    "half_fwhm_over_mean": 0.02960943842047123,
    "half_66": 0.02404226651276052,
    "half_66_over_full_scale": 0.02404226651276052,
    "cov33": 0.3478483606557377,
    "cov66": 0.6623975409836066,
    "cov99": 0.9877049180327869
  },
  "high": {
    "mu": 1.0032083988189697,
    "sigma": 0.02271369844675064,
    "snr": 44.167549427094116,
    "half_fwhm": 0.026743336199246886,
    "half_fwhm_over_mean": 0.02665780732171956,
    "half_66": 0.021672621828330147,
    "half_66_over_full_scale": 0.021672621828330147,
    "cov33": 0.3360655737704918,
    "cov66": 0.6700819672131147,
    "cov99": 0.9912909836065574
  },
  "pass": {
    "half_fwhm_over_mean": false,
    "half66_over_full_scale": false
  },
  "estimated_beam_factor_to_meet_half_fwhm": 8.767188435756777
}
