{
  "sample_dir": "/home/yyb/workspace/XRay-all/XRay-detectionCode/data/raw/batch_PbS_1M/sample_00047_waste",
  "blank_columns": [
    3,
    4,
    5,
    6,
    7,
    8,
    11,
    12,
    13,
    15,
    16,
    19,
    22,
    26,
    29,
    31,
    97,
    100,
    102,
    103,
    104,
    105,
    107,
    108,
    109,
    111,
    114,
    115,
    116,
    117,
    121,
    123
  ],
  "criteria": {
    "target_half_fwhm_over_mean": 0.01,
    "target_half66_over_full_scale": 0.01,
    "gaussian_central_targets": {
      "33": 0.33,
      "66": 0.66,
      "99": 0.99
    }
  },
  "low": {
    "mu": 0.9995771050453186,
    "sigma": 0.038952138274908066,
    "snr": 25.66167479666244,
    "half_fwhm": 0.045862638002682615,
    "half_fwhm_over_mean": 0.04588204128645314,
    "half_66": 0.03716677687766322,
    "half_66_over_full_scale": 0.03716677687766322,
    "cov33": 0.49077868852459017,
    "cov66": 0.8504098360655737,
    "cov99": 0.9918032786885246
  },
  "high": {
    "mu": 0.9979537725448608,
    "sigma": 0.03502525016665459,
    "snr": 28.492409555862416,
    "half_fwhm": 0.04123908058678891,
    "half_fwhm_over_mean": 0.041323638149717096,
    "half_66": 0.033419876691774764,
    "half_66_over_full_scale": 0.033419876691774764,
    "cov33": 0.4964139344262295,
    "cov66": 0.8539959016393442,
    "cov99": 0.9897540983606558
  },
  "pass": {
    "half_fwhm_over_mean": false,
    "half66_over_full_scale": false
  },
  "estimated_beam_factor_to_meet_half_fwhm": 21.051617126117897
}
