{
  "sample_dir": "/home/yyb/workspace/XRay-all/XRay-detectionCode/data/raw/batch_PbS_1M/sample_00268_ore",
  "blank_columns": [
    4,
    5,
    10,
    11,
    12,
    13,
    16,
    17,
    19,
    22,
    25,
    29,
    31,
    33,
    34,
    36,
    37,
    38,
    39,
    40,
    41,
    87,
    89,
    95,
    97,
    99,
    100,
    105,
    107,
    109,
    113,
    123
  ],
  "criteria": {
    "target_half_fwhm_over_mean": 0.01,
    "target_half66_over_full_scale": 0.01,
    "gaussian_central_targets": {
      "33": 0.33,
      "66": 0.66,
      "99": 0.99
    }
  },
  "low": {
    "mu": 1.0024077892303467,
    "sigma": 0.02423650212585926,
    "snr": 41.359424888330835,
    "half_fwhm": 0.028536300513329248,
    "half_fwhm_over_mean": 0.028467756156643147,
    "half_66": 0.02312562818629878,
    "half_66_over_full_scale": 0.02312562818629878,
    "cov33": 0.3130122950819672,
    "cov66": 0.65625,
    "cov99": 0.9887295081967213
  },
  "high": {
    "mu": 1.0019292831420898,
    "sigma": 0.022007474675774574,
    "snr": 45.52677205826779,
    "half_fwhm": 0.02591182125317192,
    "half_fwhm_over_mean": 0.025861926274788002,
    "half_66": 0.020998767645118908,
    "half_66_over_full_scale": 0.020998767645118908,
    "cov33": 0.32530737704918034,
    "cov66": 0.6485655737704918,
    "cov99": 0.992827868852459
  },
  "pass": {
    "half_fwhm_over_mean": false,
    "half66_over_full_scale": false
  },
  "estimated_beam_factor_to_meet_half_fwhm": 8.104131405940938
}
