{
  "sample_dir": "/home/yyb/workspace/XRay-all/XRay-detectionCode/data/raw/batch_PbS_1M/sample_00189_ore",
  "blank_columns": [
    0,
    2,
    3,
    6,
    8,
    11,
    12,
    16,
    17,
    19,
    22,
    23,
    25,
    29,
    31,
    32,
    34,
    85,
    86,
    89,
    90,
    91,
    92,
    93,
    95,
    96,
    105,
    109,
    115,
    117,
    121,
    126
  ],
  "criteria": {
    "target_half_fwhm_over_mean": 0.01,
    "target_half66_over_full_scale": 0.01,
    "gaussian_central_targets": {
      "33": 0.33,
      "66": 0.66,
      "99": 0.99
    }
  },
  "low": {
    "mu": 1.0019922256469727,
    "sigma": 0.023929161950945854,
    "snr": 41.873268595909465,
    "half_fwhm": 0.0281744351110693,
    "half_fwhm_over_mean": 0.028118416879809077,
    "half_66": 0.022832374870500535,
    "half_66_over_full_scale": 0.022832374870500535,
    "cov33": 0.33811475409836067,
    "cov66": 0.6567622950819673,
    "cov99": 0.9912909836065574
  },
  "high": {
    "mu": 1.0018341541290283,
    "sigma": 0.022924024611711502,
    "snr": 43.70236776038043,
    "half_fwhm": 0.026990976333865793,
    "half_fwhm_over_mean": 0.026941561357858804,
    "half_66": 0.021873307746763295,
    "half_66_over_full_scale": 0.021873307746763295,
    "cov33": 0.3355532786885246,
    "cov66": 0.6623975409836066,
    "cov99": 0.9892418032786885
  },
  "pass": {
    "half_fwhm_over_mean": false,
    "half66_over_full_scale": false
  },
  "estimated_beam_factor_to_meet_half_fwhm": 7.90645367826732
}
