{
  "sample_dir": "/home/yyb/workspace/XRay-all/XRay-detectionCode/data/raw/batch_PbS_1M/sample_00148_waste",
  "blank_columns": [
    3,
    5,
    6,
    8,
    10,
    11,
    12,
    13,
    16,
    19,
    21,
    22,
    23,
    27,
    29,
    31,
    95,
    96,
    97,
    98,
    99,
    100,
    103,
    104,
    105,
    111,
    113,
    114,
    115,
    116,
    117,
    118
  ],
  "criteria": {
    "target_half_fwhm_over_mean": 0.01,
    "target_half66_over_full_scale": 0.01,
    "gaussian_central_targets": {
      "33": 0.33,
      "66": 0.66,
      "99": 0.99
    }
  },
  "low": {
    "mu": 1.0036418437957764,
    "sigma": 0.02429092489182949,
    "snr": 41.31756399828818,
    "half_fwhm": 0.02860037842343477,
    "half_fwhm_over_mean": 0.028496598263846845,
    "half_66": 0.02317755649856768,
    "half_66_over_full_scale": 0.02317755649856768,
    "cov33": 0.33094262295081966,
    "cov66": 0.6495901639344263,
    "cov99": 0.9897540983606558
  },
  "high": {
    "mu": 1.0016053915023804,
    "sigma": 0.02237583138048649,
    "snr": 44.762823533603324,
    "half_fwhm": 0.0263455281291548,
    "half_fwhm_over_mean": 0.026303301033191562,
    "half_66": 0.02135024081351845,
    "half_66_over_full_scale": 0.02135024081351845,
    "cov33": 0.32838114754098363,
    "cov66": 0.6629098360655737,
    "cov99": 0.9887295081967213
  },
  "pass": {
    "half_fwhm_over_mean": false,
    "half66_over_full_scale": false
  },
  "estimated_beam_factor_to_meet_half_fwhm": 8.120561126110792
}
