{
  "sample_dir": "/home/yyb/workspace/XRay-all/XRay-detectionCode/data/raw/batch_PbS_1M/sample_00031_ore",
  "blank_columns": [
    5,
    6,
    8,
    9,
    10,
    11,
    12,
    13,
    15,
    16,
    18,
    24,
    29,
    31,
    32,
    36,
    37,
    39,
    42,
    88,
    89,
    92,
    95,
    96,
    101,
    104,
    107,
    115,
    116,
    117,
    124,
    127
  ],
  "criteria": {
    "target_half_fwhm_over_mean": 0.01,
    "target_half66_over_full_scale": 0.01,
    "gaussian_central_targets": {
      "33": 0.33,
      "66": 0.66,
      "99": 0.99
    }
  },
  "low": {
    "mu": 1.0031553506851196,
    "sigma": 0.025035379454493523,
    "snr": 40.06950853325558,
    "half_fwhm": 0.029476906686811254,
    "half_fwhm_over_mean": 0.029384189265081993,
    "half_66": 0.023887889174807844,
    "half_66_over_full_scale": 0.023887889174807844,
    "cov33": 0.3386270491803279,
    "cov66": 0.6593237704918032,
    "cov99": 0.9897540983606558
  },
  "high": {
    "mu": 1.0014972686767578,
    "sigma": 0.022395320236682892,
    "snr": 44.71904210757094,
    "half_fwhm": 0.026368474503767506,
    "half_fwhm_over_mean": 0.02632905283766497,
    "half_66": 0.021368836402924623,
    "half_66_over_full_scale": 0.021368836402924623,
    "cov33": 0.3391393442622951,
    "cov66": 0.6623975409836066,
    "cov99": 0.9882172131147541
  },
  "pass": {
    "half_fwhm_over_mean": false,
    "half66_over_full_scale": false
  },
  "estimated_beam_factor_to_meet_half_fwhm": 8.634305787661598
}
