{
  "sample_dir": "/home/yyb/workspace/XRay-all/XRay-detectionCode/data/raw/batch_PbS_1M/sample_00090_waste",
  "blank_columns": [
    2,
    3,
    10,
    12,
    13,
    15,
    16,
    18,
    19,
    20,
    23,
    24,
    29,
    31,
    32,
    35,
    36,
    37,
    90,
    91,
    92,
    96,
    97,
    106,
    107,
    113,
    114,
    117,
    121,
    123,
    125,
    126
  ],
  "criteria": {
    "target_half_fwhm_over_mean": 0.01,
    "target_half66_over_full_scale": 0.01,
    "gaussian_central_targets": {
      "33": 0.33,
      "66": 0.66,
      "99": 0.99
    }
  },
  "low": {
    "mu": 1.0026241540908813,
    "sigma": 0.024403654038906097,
    "snr": 41.085001143370754,
    "half_fwhm": 0.028733106851030643,
    "half_fwhm_over_mean": 0.02865790409476428,
    "half_66": 0.023285118733724984,
    "half_66_over_full_scale": 0.023285118733724984,
    "cov33": 0.32940573770491804,
    "cov66": 0.6639344262295082,
    "cov99": 0.9877049180327869
  },
  "high": {
    "mu": 1.0017223358154297,
    "sigma": 0.02256358042359352,
    "snr": 44.39553993691456,
    "half_fwhm": 0.026566585734223807,
    "half_fwhm_over_mean": 0.02652090782481941,
    "half_66": 0.021529384426762627,
    "half_66_over_full_scale": 0.021529384426762627,
    "cov33": 0.3350409836065574,
    "cov66": 0.6659836065573771,
    "cov99": 0.9907786885245902
  },
  "pass": {
    "half_fwhm_over_mean": false,
    "half66_over_full_scale": false
  },
  "estimated_beam_factor_to_meet_half_fwhm": 8.212754671047072
}
