{
  "sample_dir": "/home/yyb/workspace/XRay-all/XRay-detectionCode/data/raw/batch_PbS_1M/sample_00066_ore",
  "blank_columns": [
    0,
    8,
    10,
    12,
    16,
    17,
    18,
    19,
    20,
    22,
    24,
    25,
    26,
    33,
    37,
    39,
    41,
    89,
    90,
    92,
    95,
    96,
    97,
    99,
    100,
    109,
    116,
    117,
    118,
    123,
    124,
    126
  ],
  "criteria": {
    "target_half_fwhm_over_mean": 0.01,
    "target_half66_over_full_scale": 0.01,
    "gaussian_central_targets": {
      "33": 0.33,
      "66": 0.66,
      "99": 0.99
    }
  },
  "low": {
    "mu": 1.0019458532333374,
    "sigma": 0.024525081738829613,
    "snr": 40.85392513277521,
    "half_fwhm": 0.028876077041929713,
    "half_fwhm_over_mean": 0.02881999755649962,
    "half_66": 0.023400980825761468,
    "half_66_over_full_scale": 0.023400980825761468,
    "cov33": 0.32530737704918034,
    "cov66": 0.649077868852459,
    "cov99": 0.9918032786885246
  },
  "high": {
    "mu": 1.0022528171539307,
    "sigma": 0.022758567705750465,
    "snr": 44.03848388493661,
    "half_fwhm": 0.02679616571449543,
    "half_fwhm_over_mean": 0.026735934542531644,
    "half_66": 0.021715434516202198,
    "half_66_over_full_scale": 0.021715434516202198,
    "cov33": 0.33760245901639346,
    "cov66": 0.6685450819672131,
    "cov99": 0.9887295081967213
  },
  "pass": {
    "half_fwhm_over_mean": false,
    "half66_over_full_scale": false
  },
  "estimated_beam_factor_to_meet_half_fwhm": 8.305922591566441
}
