{
  "sample_dir": "/home/yyb/workspace/XRay-all/XRay-detectionCode/data/raw/batch_PbS_1M/sample_00177_ore",
  "blank_columns": [
    0,
    3,
    5,
    6,
    9,
    12,
    16,
    19,
    20,
    22,
    29,
    34,
    36,
    38,
    89,
    90,
    91,
    92,
    94,
    96,
    97,
    107,
    109,
    111,
    113,
    114,
    117,
    119,
    121,
    123,
    124,
    125
  ],
  "criteria": {
    "target_half_fwhm_over_mean": 0.01,
    "target_half66_over_full_scale": 0.01,
    "gaussian_central_targets": {
      "33": 0.33,
      "66": 0.66,
      "99": 0.99
    }
  },
  "low": {
    "mu": 1.0017921924591064,
    "sigma": 0.024889091029763222,
    "snr": 40.25025225955939,
    "half_fwhm": 0.02930466522935806,
    "half_fwhm_over_mean": 0.02925223958615977,
    "half_66": 0.0237483058429927,
    "half_66_over_full_scale": 0.0237483058429927,
    "cov33": 0.33094262295081966,
    "cov66": 0.6526639344262295,
    "cov99": 0.9918032786885246
  },
  "high": {
    "mu": 1.003085732460022,
    "sigma": 0.022546615451574326,
    "snr": 44.4894150350172,
    "half_fwhm": 0.026546611006136974,
    "half_fwhm_over_mean": 0.0264649472593261,
    "half_66": 0.021513197039941315,
    "half_66_over_full_scale": 0.021513197039941315,
    "cov33": 0.3406762295081967,
    "cov66": 0.6608606557377049,
    "cov99": 0.9887295081967213
  },
  "pass": {
    "half_fwhm_over_mean": false,
    "half66_over_full_scale": false
  },
  "estimated_beam_factor_to_meet_half_fwhm": 8.556935208060926
}
