{
  "sample_dir": "/home/yyb/workspace/XRay-all/XRay-detectionCode/data/raw/batch_PbS_1M/sample_00256_waste",
  "blank_columns": [
    0,
    1,
    6,
    8,
    10,
    11,
    12,
    15,
    16,
    18,
    20,
    22,
    29,
    31,
    33,
    34,
    89,
    91,
    95,
    96,
    97,
    99,
    107,
    108,
    109,
    111,
    117,
    121,
    123,
    124,
    125,
    126
  ],
  "criteria": {
    "target_half_fwhm_over_mean": 0.01,
    "target_half66_over_full_scale": 0.01,
    "gaussian_central_targets": {
      "33": 0.33,
      "66": 0.66,
      "99": 0.99
    }
  },
  "low": {
    "mu": 1.0022494792938232,
    "sigma": 0.024657495319843292,
    "snr": 40.646848607013865,
    "half_fwhm": 0.029031982119330335,
    "half_fwhm_over_mean": 0.028966821853363328,
    "half_66": 0.02352732526380938,
    "half_66_over_full_scale": 0.02352732526380938,
    "cov33": 0.3360655737704918,
    "cov66": 0.6680327868852459,
    "cov99": 0.9877049180327869
  },
  "high": {
    "mu": 1.0031646490097046,
    "sigma": 0.022491956129670143,
    "snr": 44.601040622090906,
    "half_fwhm": 0.026482254572703933,
    "half_fwhm_over_mean": 0.02639871191518407,
    "half_66": 0.021461043014219812,
    "half_66_over_full_scale": 0.021461043014219812,
    "cov33": 0.3319672131147541,
    "cov66": 0.6582991803278688,
    "cov99": 0.9907786885245902
  },
  "pass": {
    "half_fwhm_over_mean": false,
    "half66_over_full_scale": false
  },
  "estimated_beam_factor_to_meet_half_fwhm": 8.390767682844873
}
