{
  "sample_dir": "/home/yyb/workspace/XRay-all/XRay-detectionCode/data/raw/batch_PbS_1M/sample_00271_ore",
  "blank_columns": [
    6,
    11,
    12,
    16,
    19,
    23,
    24,
    25,
    29,
    31,
    35,
    39,
    41,
    44,
    46,
    79,
    80,
    81,
    89,
    91,
    92,
    96,
    97,
    99,
    100,
    106,
    109,
    111,
    115,
    117,
    122,
    125
  ],
  "criteria": {
    "target_half_fwhm_over_mean": 0.01,
    "target_half66_over_full_scale": 0.01,
    "gaussian_central_targets": {
      "33": 0.33,
      "66": 0.66,
      "99": 0.99
    }
  },
  "low": {
    "mu": 1.0030637979507446,
    "sigma": 0.024381183087825775,
    "snr": 41.140899288501025,
    "half_fwhm": 0.028706649328013565,
    "half_fwhm_over_mean": 0.028618966596801854,
    "half_66": 0.023263677732998995,
    "half_66_over_full_scale": 0.023263677732998995,
    "cov33": 0.32274590163934425,
    "cov66": 0.6485655737704918,
    "cov99": 0.9887295081967213
  },
  "high": {
    "mu": 1.0033316612243652,
    "sigma": 0.022674767300486565,
    "snr": 44.24881843011617,
    "half_fwhm": 0.026697498277448148,
    "half_fwhm_over_mean": 0.026608846614956015,
    "half_66": 0.021635475081299812,
    "half_66_over_full_scale": 0.021635475081299812,
    "cov33": 0.3401639344262295,
    "cov66": 0.6690573770491803,
    "cov99": 0.9887295081967213
  },
  "pass": {
    "half_fwhm_over_mean": false,
    "half66_over_full_scale": false
  },
  "estimated_beam_factor_to_meet_half_fwhm": 8.190452490688603
}
