{
  "sample_dir": "/home/yyb/workspace/XRay-all/XRay-detectionCode/data/raw/batch_PbS_1M/sample_00001_ore",
  "blank_columns": [
    3,
    4,
    5,
    6,
    8,
    13,
    15,
    18,
    23,
    29,
    31,
    34,
    37,
    39,
    41,
    42,
    43,
    44,
    88,
    89,
    92,
    97,
    99,
    105,
    106,
    107,
    108,
    111,
    116,
    117,
    118,
    125
  ],
  "criteria": {
    "target_half_fwhm_over_mean": 0.01,
    "target_half66_over_full_scale": 0.01,
    "gaussian_central_targets": {
      "33": 0.33,
      "66": 0.66,
      "99": 0.99
    }
  },
  "low": {
    "mu": 1.0026472806930542,
    "sigma": 0.02477932721376419,
    "snr": 40.46305503145836,
    "half_fwhm": 0.029175428212292957,
    "half_fwhm_over_mean": 0.02909839658880458,
    "half_66": 0.023643573023713692,
    "half_66_over_full_scale": 0.023643573023713692,
    "cov33": 0.32633196721311475,
    "cov66": 0.6700819672131147,
    "cov99": 0.9918032786885246
  },
  "high": {
    "mu": 1.0028854608535767,
    "sigma": 0.022231802344322205,
    "snr": 45.11039839780261,
    "half_fwhm": 0.026175946898443957,
    "half_fwhm_over_mean": 0.026100634539227504,
    "half_66": 0.021212813311766353,
    "half_66_over_full_scale": 0.021212813311766353,
    "cov33": 0.3452868852459016,
    "cov66": 0.6623975409836066,
    "cov99": 0.9918032786885246
  },
  "pass": {
    "half_fwhm_over_mean": false,
    "half66_over_full_scale": false
  },
  "estimated_beam_factor_to_meet_half_fwhm": 8.46716684039354
}
