{
  "sample_dir": "/home/yyb/workspace/XRay-all/XRay-detectionCode/data/raw/batch_PbS_1M/sample_00033_ore",
  "blank_columns": [
    0,
    1,
    2,
    3,
    4,
    6,
    8,
    11,
    12,
    13,
    15,
    16,
    17,
    18,
    19,
    22,
    23,
    25,
    31,
    97,
    99,
    103,
    104,
    106,
    108,
    109,
    116,
    117,
    118,
    121,
    123,
    126
  ],
  "criteria": {
    "target_half_fwhm_over_mean": 0.01,
    "target_half66_over_full_scale": 0.01,
    "gaussian_central_targets": {
      "33": 0.33,
      "66": 0.66,
      "99": 0.99
    }
  },
  "low": {
    "mu": 1.0015956163406372,
    "sigma": 0.024638855829834938,
    "snr": 40.65106039249661,
    "half_fwhm": 0.029010035796980208,
    "half_fwhm_over_mean": 0.02896382065146145,
    "half_66": 0.02350954011010704,
    "half_66_over_full_scale": 0.02350954011010704,
    "cov33": 0.32889344262295084,
    "cov66": 0.6613729508196722,
    "cov99": 0.9897540983606558
  },
  "high": {
    "mu": 1.00070059299469,
    "sigma": 0.02307162620127201,
    "snr": 43.37364797196299,
    "half_fwhm": 0.027164763924751267,
    "half_fwhm_over_mean": 0.027145745805404367,
    "half_66": 0.02201414405483108,
    "half_66_over_full_scale": 0.02201414405483108,
    "cov33": 0.35040983606557374,
    "cov66": 0.6752049180327869,
    "cov99": 0.9892418032786885
  },
  "pass": {
    "half_fwhm_over_mean": false,
    "half66_over_full_scale": false
  },
  "estimated_beam_factor_to_meet_half_fwhm": 8.389029067300248
}
