{
  "sample_dir": "/home/yyb/workspace/XRay-all/XRay-detectionCode/data/raw/batch_PbS_1M/sample_00229_ore",
  "blank_columns": [
    0,
    1,
    3,
    4,
    5,
    6,
    8,
    9,
    10,
    12,
    13,
    15,
    16,
    17,
    19,
    21,
    22,
    29,
    31,
    33,
    95,
    96,
    97,
    99,
    107,
    109,
    113,
    116,
    117,
    119,
    121,
    123
  ],
  "criteria": {
    "target_half_fwhm_over_mean": 0.01,
    "target_half66_over_full_scale": 0.01,
    "gaussian_central_targets": {
      "33": 0.33,
      "66": 0.66,
      "99": 0.99
    }
  },
  "low": {
    "mu": 1.0021246671676636,
    "sigma": 0.024838412180542946,
    "snr": 40.345762035170395,
    "half_fwhm": 0.029244995444357342,
    "half_fwhm_over_mean": 0.029182991300886137,
    "half_66": 0.023699949845997277,
    "half_66_over_full_scale": 0.023699949845997277,
    "cov33": 0.3473360655737705,
    "cov66": 0.6588114754098361,
    "cov99": 0.9902663934426229
  },
  "high": {
    "mu": 1.0010814666748047,
    "sigma": 0.023441610857844353,
    "snr": 42.705318877000686,
    "half_fwhm": 0.027600387567570762,
    "half_fwhm_over_mean": 0.027570570913922017,
    "half_66": 0.022367170558329635,
    "half_66_over_full_scale": 0.022367170558329635,
    "cov33": 0.3237704918032787,
    "cov66": 0.6675204918032787,
    "cov99": 0.9902663934426229
  },
  "pass": {
    "half_fwhm_over_mean": false,
    "half66_over_full_scale": false
  },
  "estimated_beam_factor_to_meet_half_fwhm": 8.516469812675961
}
