{
  "sample_dir": "/home/yyb/workspace/XRay-all/XRay-detectionCode/data/raw/batch_PbS_1M/sample_00190_ore",
  "blank_columns": [
    3,
    4,
    7,
    8,
    11,
    12,
    13,
    15,
    17,
    19,
    23,
    26,
    27,
    29,
    31,
    33,
    34,
    42,
    89,
    90,
    95,
    99,
    100,
    103,
    104,
    109,
    111,
    115,
    116,
    121,
    122,
    123
  ],
  "criteria": {
    "target_half_fwhm_over_mean": 0.01,
    "target_half66_over_full_scale": 0.01,
    "gaussian_central_targets": {
      "33": 0.33,
      "66": 0.66,
      "99": 0.99
    }
  },
  "low": {
    "mu": 0.9980456829071045,
    "sigma": 0.05466675013303757,
    "snr": 18.25690534883179,
    "half_fwhm": 0.06436517950414164,
    "half_fwhm_over_mean": 0.06449121578950068,
    "half_66": 0.052161113479369546,
    "half_66_over_full_scale": 0.052161113479369546,
    "cov33": 0.6577868852459017,
    "cov66": 0.9656762295081968,
    "cov99": 0.9948770491803278
  },
  "high": {
    "mu": 0.9992085695266724,
    "sigma": 0.05249125137925148,
    "snr": 19.035716300747886,
    "half_fwhm": 0.061803725467497635,
    "half_fwhm_over_mean": 0.061852677561376614,
    "half_66": 0.05008532816024401,
    "half_66_over_full_scale": 0.05008532816024401,
    "cov33": 0.6885245901639344,
    "cov66": 0.9692622950819673,
    "cov99": 0.9948770491803278
  },
  "pass": {
    "half_fwhm_over_mean": false,
    "half66_over_full_scale": false
  },
  "estimated_beam_factor_to_meet_half_fwhm": 41.59116914007941
}
