{
  "sample_dir": "/home/yyb/workspace/XRay-all/XRay-detectionCode/data/raw/batch_PbS_1M/sample_00021_ore",
  "blank_columns": [
    4,
    5,
    6,
    10,
    12,
    13,
    15,
    16,
    18,
    19,
    20,
    22,
    23,
    24,
    31,
    91,
    94,
    95,
    96,
    97,
    99,
    105,
    106,
    107,
    108,
    111,
    115,
    116,
    117,
    121,
    122,
    123
  ],
  "criteria": {
    "target_half_fwhm_over_mean": 0.01,
    "target_half66_over_full_scale": 0.01,
    "gaussian_central_targets": {
      "33": 0.33,
      "66": 0.66,
      "99": 0.99
    }
  },
  "low": {
    "mu": 1.0023808479309082,
    "sigma": 0.024219879880547523,
    "snr": 41.38669774064329,
    "half_fwhm": 0.028516729315102754,
    "half_fwhm_over_mean": 0.028448996580457755,
    "half_66": 0.02310976781739305,
    "half_66_over_full_scale": 0.02310976781739305,
    "cov33": 0.33401639344262296,
    "cov66": 0.6644467213114754,
    "cov99": 0.9871926229508197
  },
  "high": {
    "mu": 1.0028660297393799,
    "sigma": 0.0215055700391531,
    "snr": 46.63285036916293,
    "half_fwhm": 0.025320873703674574,
    "half_fwhm_over_mean": 0.02524851072107293,
    "half_66": 0.02051986768046173,
    "half_66_over_full_scale": 0.02051986768046173,
    "cov33": 0.31813524590163933,
    "cov66": 0.6567622950819673,
    "cov99": 0.9907786885245902
  },
  "pass": {
    "half_fwhm_over_mean": false,
    "half66_over_full_scale": false
  },
  "estimated_beam_factor_to_meet_half_fwhm": 8.09345406434897
}
