{
  "sample_dir": "/home/yyb/workspace/XRay-all/XRay-detectionCode/data/raw/batch_PbS_1M/sample_00040_waste",
  "blank_columns": [
    1,
    3,
    6,
    8,
    10,
    11,
    12,
    13,
    17,
    19,
    27,
    29,
    31,
    33,
    34,
    82,
    89,
    91,
    92,
    94,
    95,
    96,
    97,
    99,
    100,
    105,
    107,
    109,
    114,
    115,
    123,
    127
  ],
  "criteria": {
    "target_half_fwhm_over_mean": 0.01,
    "target_half66_over_full_scale": 0.01,
    "gaussian_central_targets": {
      "33": 0.33,
      "66": 0.66,
      "99": 0.99
    }
  },
  "low": {
    "mu": 1.0015031099319458,
    "sigma": 0.030300183221697807,
    "snr": 33.05270805144091,
    "half_fwhm": 0.035675739408813335,
    "half_fwhm_over_mean": 0.035622195333210274,
    "half_66": 0.02891138199410736,
    "half_66_over_full_scale": 0.02891138199410736,
    "cov33": 0.4082991803278688,
    "cov66": 0.7653688524590164,
    "cov99": 0.9964139344262295
  },
  "high": {
    "mu": 1.001875877380371,
    "sigma": 0.027582338079810143,
    "snr": 36.32309467317164,
    "half_fwhm": 0.03247572129915186,
    "half_fwhm_over_mean": 0.03241491489351646,
    "half_66": 0.02631810859628596,
    "half_66_over_full_scale": 0.02631810859628596,
    "cov33": 0.4082991803278688,
    "cov66": 0.7622950819672131,
    "cov99": 0.9964139344262295
  },
  "pass": {
    "half_fwhm_over_mean": false,
    "half66_over_full_scale": false
  },
  "estimated_beam_factor_to_meet_half_fwhm": 12.689408003573876
}
