{
  "sample_dir": "/home/yyb/workspace/XRay-all/XRay-detectionCode/data/raw/batch_PbS_1M/sample_00254_ore",
  "blank_columns": [
    3,
    4,
    6,
    8,
    11,
    12,
    13,
    15,
    16,
    19,
    20,
    22,
    23,
    29,
    31,
    36,
    37,
    99,
    100,
    102,
    106,
    107,
    108,
    109,
    111,
    114,
    115,
    116,
    117,
    121,
    122,
    123
  ],
  "criteria": {
    "target_half_fwhm_over_mean": 0.01,
    "target_half66_over_full_scale": 0.01,
    "gaussian_central_targets": {
      "33": 0.33,
      "66": 0.66,
      "99": 0.99
    }
  },
  "low": {
    "mu": 0.9997378587722778,
    "sigma": 0.03431246802210808,
    "snr": 29.136285333020364,
    "half_fwhm": 0.0403998437459408,
    "half_fwhm_over_mean": 0.040410436987505495,
    "half_66": 0.03273976473638546,
    "half_66_over_full_scale": 0.03273976473638546,
    "cov33": 0.4672131147540984,
    "cov66": 0.8283811475409836,
    "cov99": 0.9938524590163934
  },
  "high": {
    "mu": 1.0002806186676025,
    "sigma": 0.03417442366480827,
    "snr": 29.269860655986992,
    "half_fwhm": 0.04023730893610644,
    "half_fwhm_over_mean": 0.04022602076375677,
    "half_66": 0.03260804760725708,
    "half_66_over_full_scale": 0.03260804760725708,
    "cov33": 0.4728483606557377,
    "cov66": 0.8370901639344263,
    "cov99": 0.9938524590163934
  },
  "pass": {
    "half_fwhm_over_mean": false,
    "half66_over_full_scale": false
  },
  "estimated_beam_factor_to_meet_half_fwhm": 16.33003417521152
}
