{
  "sample_dir": "/home/yyb/workspace/XRay-all/XRay-detectionCode/data/raw/batch_PbS_1M/sample_00218_ore",
  "blank_columns": [
    5,
    6,
    7,
    10,
    11,
    13,
    14,
    15,
    16,
    19,
    29,
    31,
    35,
    36,
    38,
    39,
    89,
    91,
    92,
    93,
    97,
    99,
    100,
    103,
    105,
    106,
    108,
    113,
    114,
    117,
    121,
    122
  ],
  "criteria": {
    "target_half_fwhm_over_mean": 0.01,
    "target_half66_over_full_scale": 0.01,
    "gaussian_central_targets": {
      "33": 0.33,
      "66": 0.66,
      "99": 0.99
    }
  },
  "low": {
    "mu": 1.0034347772598267,
    "sigma": 0.02499796450138092,
    "snr": 40.14065934065934,
    "half_fwhm": 0.029432853946025107,
    "half_fwhm_over_mean": 0.029332104699819315,
    "half_66": 0.023852189126599706,
    "half_66_over_full_scale": 0.023852189126599706,
    "cov33": 0.32889344262295084,
    "cov66": 0.6572745901639344,
    "cov99": 0.9897540983606558
  },
  "high": {
    "mu": 1.0027329921722412,
    "sigma": 0.022769659757614136,
    "snr": 44.03811927127848,
    "half_fwhm": 0.026809225607529803,
    "half_fwhm_over_mean": 0.026736155902731817,
    "half_66": 0.021726018166676606,
    "half_66_over_full_scale": 0.021726018166676606,
    "cov33": 0.33401639344262296,
    "cov66": 0.6557377049180327,
    "cov99": 0.9912909836065574
  },
  "pass": {
    "half_fwhm_over_mean": false,
    "half66_over_full_scale": false
  },
  "estimated_beam_factor_to_meet_half_fwhm": 8.603723661211623
}
