{
  "sample_dir": "/home/yyb/workspace/XRay-all/XRay-detectionCode/data/raw/batch_PbS_1M/sample_00248_ore",
  "blank_columns": [
    6,
    8,
    10,
    11,
    12,
    16,
    19,
    20,
    22,
    29,
    31,
    33,
    36,
    92,
    94,
    96,
    97,
    98,
    103,
    105,
    106,
    107,
    108,
    111,
    112,
    113,
    118,
    121,
    123,
    125,
    126,
    127
  ],
  "criteria": {
    "target_half_fwhm_over_mean": 0.01,
    "target_half66_over_full_scale": 0.01,
    "gaussian_central_targets": {
      "33": 0.33,
      "66": 0.66,
      "99": 0.99
    }
  },
  "low": {
    "mu": 1.0016872882843018,
    "sigma": 0.024195576086640358,
    "snr": 41.399604816079815,
    "half_fwhm": 0.028488113784571684,
    "half_fwhm_over_mean": 0.028440127091326435,
    "half_66": 0.023086577981727203,
    "half_66_over_full_scale": 0.023086577981727203,
    "cov33": 0.3206967213114754,
    "cov66": 0.65625,
    "cov99": 0.9907786885245902
  },
  "high": {
    "mu": 1.0026530027389526,
    "sigma": 0.022912194952368736,
    "snr": 43.76067001975711,
    "half_fwhm": 0.02697704797439286,
    "half_fwhm_over_mean": 0.026905667165708885,
    "half_66": 0.02186202029686187,
    "half_66_over_full_scale": 0.02186202029686187,
    "cov33": 0.3406762295081967,
    "cov66": 0.673155737704918,
    "cov99": 0.9887295081967213
  },
  "pass": {
    "half_fwhm_over_mean": false,
    "half66_over_full_scale": false
  },
  "estimated_beam_factor_to_meet_half_fwhm": 8.088408289707997
}
