{
  "sample_dir": "/home/yyb/workspace/XRay-all/XRay-detectionCode/data/raw/batch_PbS_1M/sample_00295_ore",
  "blank_columns": [
    3,
    4,
    6,
    7,
    8,
    9,
    10,
    12,
    13,
    15,
    16,
    19,
    22,
    24,
    25,
    29,
    31,
    96,
    97,
    99,
    101,
    105,
    106,
    107,
    108,
    117,
    118,
    119,
    121,
    122,
    123,
    124
  ],
  "criteria": {
    "target_half_fwhm_over_mean": 0.01,
    "target_half66_over_full_scale": 0.01,
    "gaussian_central_targets": {
      "33": 0.33,
      "66": 0.66,
      "99": 0.99
    }
  },
  "low": {
    "mu": 0.997816264629364,
    "sigma": 0.043493807315826416,
    "snr": 22.94157090879191,
    "half_fwhm": 0.05121004465033784,
    "half_fwhm_over_mean": 0.051322118575968155,
    "half_66": 0.04150027966779731,
    "half_66_over_full_scale": 0.04150027966779731,
    "cov33": 0.5502049180327869,
    "cov66": 0.8883196721311475,
    "cov99": 0.9902663934426229
  },
  "high": {
    "mu": 0.9980394840240479,
    "sigma": 0.045110974460840225,
    "snr": 22.12409498913446,
    "half_fwhm": 0.05311411345493481,
    "half_fwhm_over_mean": 0.05321844907456088,
    "half_66": 0.043043324366099124,
    "half_66_over_full_scale": 0.043043324366099124,
    "cov33": 0.6034836065573771,
    "cov66": 0.9308401639344263,
    "cov99": 0.9892418032786885
  },
  "pass": {
    "half_fwhm_over_mean": false,
    "half66_over_full_scale": false
  },
  "estimated_beam_factor_to_meet_half_fwhm": 28.322033219016294
}
