{
  "sample_dir": "/home/yyb/workspace/XRay-all/XRay-detectionCode/data/raw/batch_PbS_1M/sample_00133_ore",
  "blank_columns": [
    2,
    3,
    5,
    6,
    8,
    9,
    12,
    13,
    14,
    16,
    19,
    20,
    23,
    31,
    34,
    35,
    36,
    38,
    41,
    89,
    92,
    93,
    94,
    96,
    100,
    104,
    107,
    115,
    116,
    118,
    125,
    127
  ],
  "criteria": {
    "target_half_fwhm_over_mean": 0.01,
    "target_half66_over_full_scale": 0.01,
    "gaussian_central_targets": {
      "33": 0.33,
      "66": 0.66,
      "99": 0.99
    }
  },
  "low": {
    "mu": 0.9995046854019165,
    "sigma": 0.04964246600866318,
    "snr": 20.134065967381467,
    "half_fwhm": 0.058449537020215596,
    "half_fwhm_over_mean": 0.05847850227606699,
    "half_66": 0.04736711614595745,
    "half_66_over_full_scale": 0.04736711614595745,
    "cov33": 0.5973360655737705,
    "cov66": 0.9441598360655737,
    "cov99": 0.9964139344262295
  },
  "high": {
    "mu": 0.9981460571289062,
    "sigma": 0.04970323294401169,
    "snr": 20.08211534757246,
    "half_fwhm": 0.05852108461893154,
    "half_fwhm_over_mean": 0.0586297808832338,
    "half_66": 0.04742509784420718,
    "half_66_over_full_scale": 0.04742509784420718,
    "cov33": 0.6444672131147541,
    "cov66": 0.9620901639344263,
    "cov99": 0.9953893442622951
  },
  "pass": {
    "half_fwhm_over_mean": false,
    "half66_over_full_scale": false
  },
  "estimated_beam_factor_to_meet_half_fwhm": 34.37451206416007
}
