{
  "sample_dir": "/home/yyb/workspace/XRay-all/XRay-detectionCode/data/raw/batch_PbS_1M/sample_00098_ore",
  "blank_columns": [
    2,
    6,
    8,
    11,
    12,
    13,
    15,
    16,
    20,
    22,
    29,
    31,
    33,
    34,
    89,
    92,
    96,
    97,
    99,
    106,
    109,
    111,
    112,
    113,
    114,
    117,
    118,
    121,
    122,
    123,
    125,
    126
  ],
  "criteria": {
    "target_half_fwhm_over_mean": 0.01,
    "target_half66_over_full_scale": 0.01,
    "gaussian_central_targets": {
      "33": 0.33,
      "66": 0.66,
      "99": 0.99
    }
  },
  "low": {
    "mu": 1.0015869140625,
    "sigma": 0.023996742442250252,
    "snr": 41.73845331185619,
    "half_fwhm": 0.02825400505885657,
    "half_fwhm_over_mean": 0.02820923942012834,
    "half_66": 0.022896857827093737,
    "half_66_over_full_scale": 0.022896857827093737,
    "cov33": 0.32786885245901637,
    "cov66": 0.6526639344262295,
    "cov99": 0.9887295081967213
  },
  "high": {
    "mu": 1.0026013851165771,
    "sigma": 0.022364599630236626,
    "snr": 44.82983830218333,
    "half_fwhm": 0.026332303753840394,
    "half_fwhm_over_mean": 0.02626398102450119,
    "half_66": 0.021339523867698017,
    "half_66_over_full_scale": 0.021339523867698017,
    "cov33": 0.33760245901639346,
    "cov66": 0.649077868852459,
    "cov99": 0.9933401639344263
  },
  "pass": {
    "half_fwhm_over_mean": false,
    "half66_over_full_scale": false
  },
  "estimated_beam_factor_to_meet_half_fwhm": 7.957611886621227
}
