{
  "sample_dir": "/home/yyb/workspace/XRay-all/XRay-detectionCode/data/raw/batch_PbS_1M/sample_00072_ore",
  "blank_columns": [
    0,
    3,
    4,
    5,
    6,
    12,
    17,
    18,
    20,
    29,
    31,
    33,
    34,
    41,
    84,
    88,
    89,
    96,
    97,
    98,
    99,
    101,
    106,
    107,
    109,
    112,
    116,
    117,
    118,
    121,
    123,
    127
  ],
  "criteria": {
    "target_half_fwhm_over_mean": 0.01,
    "target_half66_over_full_scale": 0.01,
    "gaussian_central_targets": {
      "33": 0.33,
      "66": 0.66,
      "99": 0.99
    }
  },
  "low": {
    "mu": 1.0018607378005981,
    "sigma": 0.024601949378848076,
    "snr": 40.72281925195587,
    "half_fwhm": 0.028966581771693374,
    "half_fwhm_over_mean": 0.02891278266406986,
    "half_66": 0.023474325256958434,
    "half_66_over_full_scale": 0.023474325256958434,
    "cov33": 0.32735655737704916,
    "cov66": 0.65625,
    "cov99": 0.9902663934426229
  },
  "high": {
    "mu": 1.003280758857727,
    "sigma": 0.02187168039381504,
    "snr": 45.87122437750319,
    "half_fwhm": 0.025751935704594574,
    "half_fwhm_over_mean": 0.02566772608488388,
    "half_66": 0.020869197459697186,
    "half_66_over_full_scale": 0.020869197459697186,
    "cov33": 0.32735655737704916,
    "cov66": 0.6654713114754098,
    "cov99": 0.9912909836065574
  },
  "pass": {
    "half_fwhm_over_mean": false,
    "half66_over_full_scale": false
  },
  "estimated_beam_factor_to_meet_half_fwhm": 8.359490013797387
}
