{
  "sample_dir": "/home/yyb/workspace/XRay-all/XRay-detectionCode/data/raw/batch_PbS_1M/sample_00020_ore",
  "blank_columns": [
    0,
    3,
    4,
    5,
    9,
    10,
    12,
    13,
    15,
    16,
    17,
    20,
    22,
    23,
    29,
    31,
    94,
    96,
    97,
    98,
    99,
    101,
    107,
    108,
    109,
    115,
    117,
    118,
    121,
    122,
    123,
    126
  ],
  "criteria": {
    "target_half_fwhm_over_mean": 0.01,
    "target_half66_over_full_scale": 0.01,
    "gaussian_central_targets": {
      "33": 0.33,
      "66": 0.66,
      "99": 0.99
    }
  },
  "low": {
    "mu": 1.0018298625946045,
    "sigma": 0.024662062525749207,
    "snr": 40.62230648992202,
    "half_fwhm": 0.02903735959333878,
    "half_fwhm_over_mean": 0.02898432226619391,
    "half_66": 0.023531683132988767,
    "half_66_over_full_scale": 0.023531683132988767,
    "cov33": 0.33452868852459017,
    "cov66": 0.6593237704918032,
    "cov99": 0.9887295081967213
  },
  "high": {
    "mu": 1.0011917352676392,
    "sigma": 0.022331269457936287,
    "snr": 44.83362386332348,
    "half_fwhm": 0.026293060474922324,
    "half_fwhm_over_mean": 0.026261763405281854,
    "half_66": 0.021307721375407655,
    "half_66_over_full_scale": 0.021307721375407655,
    "cov33": 0.3391393442622951,
    "cov66": 0.65625,
    "cov99": 0.9902663934426229
  },
  "pass": {
    "half_fwhm_over_mean": false,
    "half66_over_full_scale": false
  },
  "estimated_beam_factor_to_meet_half_fwhm": 8.40090937230584
}
