{
  "sample_dir": "/home/yyb/workspace/XRay-all/XRay-detectionCode/data/raw/batch_PbS_1M/sample_00262_ore",
  "blank_columns": [
    0,
    3,
    6,
    8,
    10,
    12,
    14,
    16,
    17,
    20,
    21,
    22,
    26,
    29,
    31,
    33,
    88,
    89,
    91,
    92,
    95,
    97,
    107,
    108,
    111,
    115,
    116,
    121,
    122,
    123,
    125,
    127
  ],
  "criteria": {
    "target_half_fwhm_over_mean": 0.01,
    "target_half66_over_full_scale": 0.01,
    "gaussian_central_targets": {
      "33": 0.33,
      "66": 0.66,
      "99": 0.99
    }
  },
  "low": {
    "mu": 1.0025641918182373,
    "sigma": 0.023935068398714066,
    "snr": 41.88683212085999,
    "half_fwhm": 0.028181389421868965,
    "half_fwhm_over_mean": 0.028109311754651405,
    "half_66": 0.022838010597730482,
    "half_66_over_full_scale": 0.022838010597730482,
    "cov33": 0.32172131147540983,
    "cov66": 0.641905737704918,
    "cov99": 0.9918032786885246
  },
  "high": {
    "mu": 1.0021331310272217,
    "sigma": 0.022262929007411003,
    "snr": 45.01353486298349,
    "half_fwhm": 0.02621259574353169,
    "half_fwhm_over_mean": 0.026156799862172862,
    "half_66": 0.021242513292132073,
    "half_66_over_full_scale": 0.021242513292132073,
    "cov33": 0.3037909836065574,
    "cov66": 0.6516393442622951,
    "cov99": 0.9902663934426229
  },
  "pass": {
    "half_fwhm_over_mean": false,
    "half66_over_full_scale": false
  },
  "estimated_beam_factor_to_meet_half_fwhm": 7.901334073201835
}
