{
  "sample_dir": "/home/yyb/workspace/XRay-all/XRay-detectionCode/data/raw/batch_PbS_1M/sample_00163_ore",
  "blank_columns": [
    3,
    4,
    6,
    8,
    9,
    12,
    13,
    15,
    16,
    17,
    18,
    19,
    20,
    25,
    26,
    27,
    31,
    95,
    96,
    97,
    98,
    99,
    103,
    106,
    107,
    109,
    113,
    114,
    117,
    123,
    125,
    126
  ],
  "criteria": {
    "target_half_fwhm_over_mean": 0.01,
    "target_half66_over_full_scale": 0.01,
    "gaussian_central_targets": {
      "33": 0.33,
      "66": 0.66,
      "99": 0.99
    }
  },
  "low": {
    "mu": 1.001017689704895,
    "sigma": 0.02756599336862564,
    "snr": 36.31349961957866,
    "half_fwhm": 0.03245647687238837,
    "half_fwhm_over_mean": 0.032423479830767724,
    "half_66": 0.026302513040801,
    "half_66_over_full_scale": 0.026302513040801,
    "cov33": 0.3765368852459016,
    "cov66": 0.7295081967213115,
    "cov99": 0.9923155737704918
  },
  "high": {
    "mu": 1.0010995864868164,
    "sigma": 0.02766662836074829,
    "snr": 36.18437250225672,
    "half_fwhm": 0.032574965520727785,
    "half_fwhm_over_mean": 0.03253918587165131,
    "half_66": 0.026398535453535075,
    "half_66_over_full_scale": 0.026398535453535075,
    "cov33": 0.4139344262295082,
    "cov66": 0.7607581967213115,
    "cov99": 0.9923155737704918
  },
  "pass": {
    "half_fwhm_over_mean": false,
    "half66_over_full_scale": false
  },
  "estimated_beam_factor_to_meet_half_fwhm": 10.587986171898724
}
