{
  "sample_dir": "/home/yyb/workspace/XRay-all/XRay-detectionCode/data/raw/batch_PbS_1M/sample_00285_ore",
  "blank_columns": [
    4,
    5,
    6,
    8,
    11,
    12,
    16,
    18,
    19,
    20,
    22,
    23,
    31,
    91,
    92,
    94,
    95,
    96,
    97,
    99,
    100,
    103,
    104,
    106,
    107,
    108,
    114,
    117,
    118,
    123,
    125,
    127
  ],
  "criteria": {
    "target_half_fwhm_over_mean": 0.01,
    "target_half66_over_full_scale": 0.01,
    "gaussian_central_targets": {
      "33": 0.33,
      "66": 0.66,
      "99": 0.99
    }
  },
  "low": {
    "mu": 0.9974639415740967,
    "sigma": 0.05939735472202301,
    "snr": 16.79307009953867,
    "half_fwhm": 0.06993504075969759,
    "half_fwhm_over_mean": 0.07011285104635781,
    "half_66": 0.05667489200455339,
    "half_66_over_full_scale": 0.05667489200455339,
    "cov33": 0.6910860655737705,
    "cov66": 0.9718237704918032,
    "cov99": 0.9933401639344263
  },
  "high": {
    "mu": 0.9972881078720093,
    "sigma": 0.058177731931209564,
    "snr": 17.142093284956886,
    "half_fwhm": 0.06849904466212442,
    "half_fwhm_over_mean": 0.06868531181855374,
    "half_66": 0.05551117031561401,
    "half_66_over_full_scale": 0.05551117031561401,
    "cov33": 0.7279713114754098,
    "cov66": 0.9769467213114754,
    "cov99": 0.992827868852459
  },
  "pass": {
    "half_fwhm_over_mean": false,
    "half66_over_full_scale": false
  },
  "estimated_beam_factor_to_meet_half_fwhm": 49.15811881848757
}
