{
  "sample_dir": "/home/yyb/workspace/XRay-all/XRay-detectionCode/data/raw/batch_PbS_1M/sample_00171_ore",
  "blank_columns": [
    2,
    10,
    11,
    12,
    13,
    15,
    16,
    17,
    19,
    20,
    23,
    31,
    34,
    36,
    37,
    81,
    89,
    91,
    92,
    95,
    96,
    97,
    103,
    107,
    109,
    119,
    121,
    122,
    123,
    124,
    125,
    127
  ],
  "criteria": {
    "target_half_fwhm_over_mean": 0.01,
    "target_half66_over_full_scale": 0.01,
    "gaussian_central_targets": {
      "33": 0.33,
      "66": 0.66,
      "99": 0.99
    }
  },
  "low": {
    "mu": 1.003601312637329,
    "sigma": 0.024791942909359932,
    "snr": 40.48094642305869,
    "half_fwhm": 0.02919028205872819,
    "half_fwhm_over_mean": 0.029085535950546,
    "half_66": 0.02365561048209542,
    "half_66_over_full_scale": 0.02365561048209542,
    "cov33": 0.3488729508196721,
    "cov66": 0.6659836065573771,
    "cov99": 0.9871926229508197
  },
  "high": {
    "mu": 1.0014835596084595,
    "sigma": 0.02232467383146286,
    "snr": 44.859941389022104,
    "half_fwhm": 0.026285294718207845,
    "half_fwhm_over_mean": 0.02624635668356289,
    "half_66": 0.02130142805780398,
    "half_66_over_full_scale": 0.02130142805780398,
    "cov33": 0.3360655737704918,
    "cov66": 0.6536885245901639,
    "cov99": 0.9912909836065574
  },
  "pass": {
    "half_fwhm_over_mean": false,
    "half66_over_full_scale": false
  },
  "estimated_beam_factor_to_meet_half_fwhm": 8.459684015305037
}
