{
  "sample_dir": "/home/yyb/workspace/XRay-all/XRay-detectionCode/data/raw/batch_PbS_1M/sample_00257_ore",
  "blank_columns": [
    6,
    7,
    12,
    13,
    15,
    23,
    29,
    34,
    36,
    37,
    38,
    46,
    82,
    89,
    91,
    92,
    95,
    99,
    100,
    105,
    107,
    108,
    109,
    111,
    114,
    116,
    117,
    119,
    121,
    122,
    123,
    125
  ],
  "criteria": {
    "target_half_fwhm_over_mean": 0.01,
    "target_half66_over_full_scale": 0.01,
    "gaussian_central_targets": {
      "33": 0.33,
      "66": 0.66,
      "99": 0.99
    }
  },
  "low": {
    "mu": 1.0037213563919067,
    "sigma": 0.0247011911123991,
    "snr": 40.63453263547583,
    "half_fwhm": 0.029083429983426626,
    "half_fwhm_over_mean": 0.028975601443784457,
    "half_66": 0.023569018270774816,
    "half_66_over_full_scale": 0.023569018270774816,
    "cov33": 0.32838114754098363,
    "cov66": 0.6557377049180327,
    "cov99": 0.9892418032786885
  },
  "high": {
    "mu": 1.002501130104065,
    "sigma": 0.021372048184275627,
    "snr": 46.90711538081081,
    "half_fwhm": 0.02516366373351905,
    "half_fwhm_over_mean": 0.02510088315901143,
    "half_66": 0.020392465766002017,
    "half_66_over_full_scale": 0.020392465766002017,
    "cov33": 0.3386270491803279,
    "cov66": 0.6644467213114754,
    "cov99": 0.9902663934426229
  },
  "pass": {
    "half_fwhm_over_mean": false,
    "half66_over_full_scale": false
  },
  "estimated_beam_factor_to_meet_half_fwhm": 8.395854790290437
}
