{
  "sample_dir": "/home/yyb/workspace/XRay-all/XRay-detectionCode/data/raw/batch_PbS_1M/sample_00014_ore",
  "blank_columns": [
    6,
    10,
    11,
    13,
    16,
    17,
    19,
    20,
    29,
    31,
    34,
    36,
    38,
    42,
    86,
    87,
    89,
    90,
    92,
    96,
    97,
    99,
    103,
    104,
    109,
    113,
    117,
    119,
    122,
    125,
    126,
    127
  ],
  "criteria": {
    "target_half_fwhm_over_mean": 0.01,
    "target_half66_over_full_scale": 0.01,
    "gaussian_central_targets": {
      "33": 0.33,
      "66": 0.66,
      "99": 0.99
    }
  },
  "low": {
    "mu": 1.0022902488708496,
    "sigma": 0.025271084159612656,
    "snr": 39.66154528790158,
    "half_fwhm": 0.02975442776896893,
    "half_fwhm_over_mean": 0.029686438436859367,
    "half_66": 0.024112790414435592,
    "half_66_over_full_scale": 0.024112790414435592,
    "cov33": 0.3350409836065574,
    "cov66": 0.6572745901639344,
    "cov99": 0.9902663934426229
  },
  "high": {
    "mu": 1.0016379356384277,
    "sigma": 0.022404193878173828,
    "snr": 44.707608811322764,
    "half_fwhm": 0.02637892241819501,
    "half_fwhm_over_mean": 0.026335786095583045,
    "half_66": 0.021377303323304148,
    "half_66_over_full_scale": 0.021377303323304148,
    "cov33": 0.32633196721311475,
    "cov66": 0.6557377049180327,
    "cov99": 0.9907786885245902
  },
  "pass": {
    "half_fwhm_over_mean": false,
    "half66_over_full_scale": false
  },
  "estimated_beam_factor_to_meet_half_fwhm": 8.812846270654413
}
