{
  "sample_dir": "/home/yyb/workspace/XRay-all/XRay-detectionCode/data/raw/batch_PbS_1M/sample_00107_ore",
  "blank_columns": [
    2,
    4,
    6,
    10,
    11,
    12,
    14,
    15,
    16,
    20,
    21,
    22,
    23,
    31,
    34,
    35,
    36,
    42,
    91,
    92,
    95,
    96,
    97,
    98,
    100,
    105,
    109,
    113,
    115,
    117,
    121,
    123
  ],
  "criteria": {
    "target_half_fwhm_over_mean": 0.01,
    "target_half66_over_full_scale": 0.01,
    "gaussian_central_targets": {
      "33": 0.33,
      "66": 0.66,
      "99": 0.99
    }
  },
  "low": {
    "mu": 1.003041386604309,
    "sigma": 0.024621201679110527,
    "snr": 40.73892897986875,
    "half_fwhm": 0.028989249622978563,
    "half_fwhm_over_mean": 0.028901349445927264,
    "half_66": 0.023492695132912002,
    "half_66_over_full_scale": 0.023492695132912002,
    "cov33": 0.3201844262295082,
    "cov66": 0.6577868852459017,
    "cov99": 0.9923155737704918
  },
  "high": {
    "mu": 1.002447247505188,
    "sigma": 0.022358018904924393,
    "snr": 44.83613918424576,
    "half_fwhm": 0.026324555541902453,
    "half_fwhm_over_mean": 0.026260290112439272,
    "half_66": 0.02133324476826458,
    "half_66_over_full_scale": 0.02133324476826458,
    "cov33": 0.33401639344262296,
    "cov66": 0.6588114754098361,
    "cov99": 0.9902663934426229
  },
  "pass": {
    "half_fwhm_over_mean": false,
    "half66_over_full_scale": false
  },
  "estimated_beam_factor_to_meet_half_fwhm": 8.352879997956002
}
