{
  "sample_dir": "/home/yyb/workspace/XRay-all/XRay-detectionCode/data/raw/batch_PbS_1M/sample_00023_ore",
  "blank_columns": [
    0,
    1,
    6,
    11,
    12,
    19,
    23,
    31,
    33,
    34,
    89,
    91,
    92,
    93,
    94,
    95,
    96,
    97,
    98,
    99,
    100,
    107,
    108,
    109,
    112,
    114,
    115,
    119,
    122,
    123,
    126,
    127
  ],
  "criteria": {
    "target_half_fwhm_over_mean": 0.01,
    "target_half66_over_full_scale": 0.01,
    "gaussian_central_targets": {
      "33": 0.33,
      "66": 0.66,
      "99": 0.99
    }
  },
  "low": {
    "mu": 0.9983785152435303,
    "sigma": 0.052049294114112854,
    "snr": 19.181403556687734,
    "half_fwhm": 0.06128336055400673,
    "half_fwhm_over_mean": 0.06138289197765653,
    "half_66": 0.04966362789447322,
    "half_66_over_full_scale": 0.04966362789447322,
    "cov33": 0.6203893442622951,
    "cov66": 0.9451844262295082,
    "cov99": 0.9912909836065574
  },
  "high": {
    "mu": 0.9971442222595215,
    "sigma": 0.05066884309053421,
    "snr": 19.679632717838878,
    "half_fwhm": 0.05965800368327485,
    "half_fwhm_over_mean": 0.05982886161451174,
    "half_66": 0.048346449494104375,
    "half_66_over_full_scale": 0.048346449494104375,
    "cov33": 0.6567622950819673,
    "cov66": 0.9626024590163934,
    "cov99": 0.9902663934426229
  },
  "pass": {
    "half_fwhm_over_mean": false,
    "half66_over_full_scale": false
  },
  "estimated_beam_factor_to_meet_half_fwhm": 37.678594275406496
}
