{
  "sample_dir": "/home/yyb/workspace/XRay-all/XRay-detectionCode/data/raw/batch_PbS_1M/sample_00183_waste",
  "blank_columns": [
    6,
    9,
    10,
    11,
    12,
    13,
    14,
    16,
    17,
    19,
    23,
    24,
    29,
    31,
    36,
    37,
    39,
    41,
    44,
    85,
    89,
    90,
    91,
    96,
    97,
    105,
    109,
    114,
    116,
    117,
    121,
    126
  ],
  "criteria": {
    "target_half_fwhm_over_mean": 0.01,
    "target_half66_over_full_scale": 0.01,
    "gaussian_central_targets": {
      "33": 0.33,
      "66": 0.66,
      "99": 0.99
    }
  },
  "low": {
    "mu": 1.0037459135055542,
    "sigma": 0.02526739053428173,
    "snr": 39.72495347882141,
    "half_fwhm": 0.029750078857484936,
    "half_fwhm_over_mean": 0.029639053526587848,
    "half_66": 0.024109266085486684,
    "half_66_over_full_scale": 0.024109266085486684,
    "cov33": 0.32735655737704916,
    "cov66": 0.6526639344262295,
    "cov99": 0.9907786885245902
  },
  "high": {
    "mu": 1.0022146701812744,
    "sigma": 0.022310808300971985,
    "snr": 44.92058990698299,
    "half_fwhm": 0.02626896930364061,
    "half_fwhm_over_mean": 0.02621092075901188,
    "half_66": 0.02128819805039315,
    "half_66_over_full_scale": 0.02128819805039315,
    "cov33": 0.32581967213114754,
    "cov66": 0.6623975409836066,
    "cov99": 0.9897540983606558
  },
  "pass": {
    "half_fwhm_over_mean": false,
    "half66_over_full_scale": false
  },
  "estimated_beam_factor_to_meet_half_fwhm": 8.784734939519396
}
