{
  "sample_dir": "/home/yyb/workspace/XRay-all/XRay-detectionCode/data/raw/batch_PbS_1M/sample_00216_ore",
  "blank_columns": [
    0,
    5,
    6,
    8,
    10,
    12,
    13,
    16,
    19,
    31,
    34,
    36,
    38,
    41,
    42,
    81,
    87,
    89,
    90,
    91,
    94,
    97,
    98,
    99,
    105,
    108,
    109,
    111,
    113,
    117,
    121,
    123
  ],
  "criteria": {
    "target_half_fwhm_over_mean": 0.01,
    "target_half66_over_full_scale": 0.01,
    "gaussian_central_targets": {
      "33": 0.33,
      "66": 0.66,
      "99": 0.99
    }
  },
  "low": {
    "mu": 1.0037508010864258,
    "sigma": 0.024750959128141403,
    "snr": 40.554016346993954,
    "half_fwhm": 0.029142027343961548,
    "half_fwhm_over_mean": 0.029033129848981647,
    "half_66": 0.023616505182114153,
    "half_66_over_full_scale": 0.023616505182114153,
    "cov33": 0.32735655737704916,
    "cov66": 0.6526639344262295,
    "cov99": 0.9923155737704918
  },
  "high": {
    "mu": 1.0033738613128662,
    "sigma": 0.02210111729800701,
    "snr": 45.3992369609,
    "half_fwhm": 0.026022077015121572,
    "half_fwhm_over_mean": 0.025934577347941815,
    "half_66": 0.021088118181466595,
    "half_66_over_full_scale": 0.021088118181466595,
    "cov33": 0.3360655737704918,
    "cov66": 0.6613729508196722,
    "cov99": 0.9912909836065574
  },
  "pass": {
    "half_fwhm_over_mean": false,
    "half66_over_full_scale": false
  },
  "estimated_beam_factor_to_meet_half_fwhm": 8.42922628827829
}
