{
  "sample_dir": "/home/yyb/workspace/XRay-all/XRay-detectionCode/data/raw/batch_PbS_1M/sample_00077_ore",
  "blank_columns": [
    4,
    5,
    10,
    11,
    13,
    15,
    16,
    17,
    23,
    29,
    31,
    36,
    37,
    42,
    44,
    81,
    82,
    89,
    91,
    92,
    94,
    95,
    96,
    97,
    98,
    99,
    106,
    107,
    108,
    123,
    125,
    126
  ],
  "criteria": {
    "target_half_fwhm_over_mean": 0.01,
    "target_half66_over_full_scale": 0.01,
    "gaussian_central_targets": {
      "33": 0.33,
      "66": 0.66,
      "99": 0.99
    }
  },
  "low": {
    "mu": 1.0038599967956543,
    "sigma": 0.025267163291573524,
    "snr": 39.729825830129364,
    "half_fwhm": 0.029749811299642756,
    "half_fwhm_over_mean": 0.02963541867850585,
    "half_66": 0.024109049258390483,
    "half_66_over_full_scale": 0.024109049258390483,
    "cov33": 0.33299180327868855,
    "cov66": 0.6675204918032787,
    "cov99": 0.9892418032786885
  },
  "high": {
    "mu": 1.0024526119232178,
    "sigma": 0.022182753309607506,
    "snr": 45.19063066391531,
    "half_fwhm": 0.026118196073376922,
    "half_fwhm_over_mean": 0.026054294998811803,
    "half_66": 0.021166012427141227,
    "half_66_over_full_scale": 0.021166012427141227,
    "cov33": 0.32940573770491804,
    "cov66": 0.673155737704918,
    "cov99": 0.9882172131147541
  },
  "pass": {
    "half_fwhm_over_mean": false,
    "half66_over_full_scale": false
  },
  "estimated_beam_factor_to_meet_half_fwhm": 8.782580402503333
}
