{
  "sample_dir": "/home/yyb/workspace/XRay-all/XRay-detectionCode/data/raw/batch_PbS_1M/sample_00180_waste",
  "blank_columns": [
    0,
    3,
    4,
    5,
    7,
    8,
    9,
    11,
    12,
    14,
    19,
    20,
    22,
    29,
    31,
    33,
    88,
    89,
    91,
    96,
    97,
    100,
    101,
    107,
    108,
    109,
    111,
    115,
    117,
    122,
    123,
    125
  ],
  "criteria": {
    "target_half_fwhm_over_mean": 0.01,
    "target_half66_over_full_scale": 0.01,
    "gaussian_central_targets": {
      "33": 0.33,
      "66": 0.66,
      "99": 0.99
    }
  },
  "low": {
    "mu": 1.002060890197754,
    "sigma": 0.02441851608455181,
    "snr": 41.03692815435661,
    "half_fwhm": 0.02875060557252876,
    "half_fwhm_over_mean": 0.028691475591722682,
    "half_66": 0.023299299581270798,
    "half_66_over_full_scale": 0.023299299581270798,
    "cov33": 0.3242827868852459,
    "cov66": 0.6680327868852459,
    "cov99": 0.9902663934426229
  },
  "high": {
    "mu": 1.0023176670074463,
    "sigma": 0.02146763727068901,
    "snr": 46.68970573561757,
    "half_fwhm": 0.025276211281903785,
    "half_fwhm_over_mean": 0.02521776490019307,
    "half_66": 0.020483673550837658,
    "half_66_over_full_scale": 0.020483673550837658,
    "cov33": 0.32889344262295084,
    "cov66": 0.6716188524590164,
    "cov99": 0.9912909836065574
  },
  "pass": {
    "half_fwhm_over_mean": false,
    "half66_over_full_scale": false
  },
  "estimated_beam_factor_to_meet_half_fwhm": 8.232007716304185
}
