{
  "sample_dir": "/home/yyb/workspace/XRay-all/XRay-detectionCode/data/raw/batch_PbS_1M/sample_00184_waste",
  "blank_columns": [
    2,
    3,
    8,
    10,
    12,
    13,
    15,
    16,
    18,
    19,
    23,
    29,
    33,
    36,
    37,
    39,
    40,
    87,
    89,
    90,
    93,
    96,
    100,
    105,
    107,
    108,
    109,
    112,
    113,
    116,
    120,
    123
  ],
  "criteria": {
    "target_half_fwhm_over_mean": 0.01,
    "target_half66_over_full_scale": 0.01,
    "gaussian_central_targets": {
      "33": 0.33,
      "66": 0.66,
      "99": 0.99
    }
  },
  "low": {
    "mu": 1.002135157585144,
    "sigma": 0.0251904483884573,
    "snr": 39.78234694878793,
    "half_fwhm": 0.029659486403838593,
    "half_fwhm_over_mean": 0.02959629365295334,
    "half_66": 0.0240358505634385,
    "half_66_over_full_scale": 0.0240358505634385,
    "cov33": 0.3457991803278688,
    "cov66": 0.6593237704918032,
    "cov99": 0.9902663934426229
  },
  "high": {
    "mu": 1.0016952753067017,
    "sigma": 0.022145837545394897,
    "snr": 45.23176300076303,
    "half_fwhm": 0.02607473108260475,
    "half_fwhm_over_mean": 0.02603060204573803,
    "half_66": 0.02113078868763622,
    "half_66_over_full_scale": 0.02113078868763622,
    "cov33": 0.32223360655737704,
    "cov66": 0.6557377049180327,
    "cov99": 0.9912909836065574
  },
  "pass": {
    "half_fwhm_over_mean": false,
    "half66_over_full_scale": false
  },
  "estimated_beam_factor_to_meet_half_fwhm": 8.759405979918462
}
