{
  "sample_dir": "/home/yyb/workspace/XRay-all/XRay-detectionCode/data/raw/batch_PbS_1M/sample_00213_ore",
  "blank_columns": [
    3,
    6,
    8,
    10,
    11,
    12,
    15,
    16,
    17,
    20,
    22,
    23,
    29,
    31,
    33,
    34,
    87,
    89,
    91,
    95,
    97,
    98,
    100,
    103,
    105,
    107,
    109,
    111,
    117,
    122,
    123,
    125
  ],
  "criteria": {
    "target_half_fwhm_over_mean": 0.01,
    "target_half66_over_full_scale": 0.01,
    "gaussian_central_targets": {
      "33": 0.33,
      "66": 0.66,
      "99": 0.99
    }
  },
  "low": {
    "mu": 1.0026508569717407,
    "sigma": 0.024330686777830124,
    "snr": 41.2093117685994,
    "half_fwhm": 0.028647194466525416,
    "half_fwhm_over_mean": 0.02857145562419125,
    "half_66": 0.023215495908589043,
    "half_66_over_full_scale": 0.023215495908589043,
    "cov33": 0.33094262295081966,
    "cov66": 0.6577868852459017,
    "cov99": 0.9907786885245902
  },
  "high": {
    "mu": 1.001204252243042,
    "sigma": 0.02238999493420124,
    "snr": 44.71659128040619,
    "half_fwhm": 0.026362204439252766,
    "half_fwhm_over_mean": 0.026330495880528233,
    "half_66": 0.021363755184334136,
    "half_66_over_full_scale": 0.021363755184334136,
    "cov33": 0.3237704918032787,
    "cov66": 0.6577868852459017,
    "cov99": 0.9938524590163934
  },
  "pass": {
    "half_fwhm_over_mean": false,
    "half66_over_full_scale": false
  },
  "estimated_beam_factor_to_meet_half_fwhm": 8.163280764851299
}
