{
  "sample_dir": "/home/yyb/workspace/XRay-all/XRay-detectionCode/data/raw/batch_PbS_1M/sample_00287_ore",
  "blank_columns": [
    3,
    8,
    10,
    11,
    12,
    13,
    16,
    18,
    19,
    20,
    25,
    27,
    31,
    34,
    89,
    90,
    93,
    96,
    97,
    99,
    100,
    102,
    104,
    105,
    106,
    107,
    109,
    122,
    123,
    124,
    125,
    127
  ],
  "criteria": {
    "target_half_fwhm_over_mean": 0.01,
    "target_half66_over_full_scale": 0.01,
    "gaussian_central_targets": {
      "33": 0.33,
      "66": 0.66,
      "99": 0.99
    }
  },
  "low": {
    "mu": 1.0023003816604614,
    "sigma": 0.023720480501651764,
    "snr": 42.254640735067184,
    "half_fwhm": 0.027928731481160613,
    "half_fwhm_over_mean": 0.027864632192289965,
    "half_66": 0.022633258282607923,
    "half_66_over_full_scale": 0.022633258282607923,
    "cov33": 0.32991803278688525,
    "cov66": 0.6588114754098361,
    "cov99": 0.9897540983606558
  },
  "high": {
    "mu": 1.0029350519180298,
    "sigma": 0.02234502136707306,
    "snr": 44.88404980430783,
    "half_fwhm": 0.02630925211056847,
    "half_fwhm_over_mean": 0.026232259068275872,
    "half_66": 0.02132084296927039,
    "half_66_over_full_scale": 0.02132084296927039,
    "cov33": 0.32633196721311475,
    "cov66": 0.6557377049180327,
    "cov99": 0.992827868852459
  },
  "pass": {
    "half_fwhm_over_mean": false,
    "half66_over_full_scale": false
  },
  "estimated_beam_factor_to_meet_half_fwhm": 7.764377272116024
}
