{
  "sample_dir": "/home/yyb/workspace/XRay-all/XRay-detectionCode/data/raw/batch_PbS_1M/sample_00224_ore",
  "blank_columns": [
    4,
    6,
    7,
    8,
    9,
    11,
    16,
    19,
    20,
    21,
    23,
    24,
    29,
    31,
    33,
    34,
    36,
    89,
    91,
    95,
    97,
    98,
    99,
    105,
    107,
    108,
    109,
    111,
    114,
    115,
    123,
    126
  ],
  "criteria": {
    "target_half_fwhm_over_mean": 0.01,
    "target_half66_over_full_scale": 0.01,
    "gaussian_central_targets": {
      "33": 0.33,
      "66": 0.66,
      "99": 0.99
    }
  },
  "low": {
    "mu": 1.0011591911315918,
    "sigma": 0.02959594316780567,
    "snr": 33.82758189036692,
    "half_fwhm": 0.0348465601111148,
    "half_fwhm_over_mean": 0.03480621305761412,
    "half_66": 0.02823942060480968,
    "half_66_over_full_scale": 0.02823942060480968,
    "cov33": 0.4180327868852459,
    "cov66": 0.7617827868852459,
    "cov99": 0.9959016393442623
  },
  "high": {
    "mu": 1.0018388032913208,
    "sigma": 0.028506075963377953,
    "snr": 35.14474614388853,
    "half_fwhm": 0.03356333954142754,
    "half_fwhm_over_mean": 0.033501736438200015,
    "half_66": 0.02719950718780117,
    "half_66_over_full_scale": 0.02719950718780117,
    "cov33": 0.4098360655737705,
    "cov66": 0.7730532786885246,
    "cov99": 0.9969262295081968
  },
  "pass": {
    "half_fwhm_over_mean": false,
    "half66_over_full_scale": false
  },
  "estimated_beam_factor_to_meet_half_fwhm": 12.114724674120273
}
