{
  "sample_dir": "/home/yyb/workspace/XRay-all/XRay-detectionCode/data/raw/batch_PbS_1M/sample_00199_ore",
  "blank_columns": [
    6,
    8,
    9,
    10,
    11,
    13,
    16,
    18,
    19,
    24,
    29,
    32,
    34,
    37,
    39,
    87,
    89,
    91,
    92,
    96,
    97,
    102,
    105,
    106,
    107,
    111,
    114,
    115,
    117,
    121,
    122,
    123
  ],
  "criteria": {
    "target_half_fwhm_over_mean": 0.01,
    "target_half66_over_full_scale": 0.01,
    "gaussian_central_targets": {
      "33": 0.33,
      "66": 0.66,
      "99": 0.99
    }
  },
  "low": {
    "mu": 1.0017741918563843,
    "sigma": 0.024068357422947884,
    "snr": 41.62204234599103,
    "half_fwhm": 0.02833832525489111,
    "half_fwhm_over_mean": 0.02828813667317328,
    "half_66": 0.022965190353280155,
    "half_66_over_full_scale": 0.022965190353280155,
    "cov33": 0.3442622950819672,
    "cov66": 0.6547131147540983,
    "cov99": 0.9918032786885246
  },
  "high": {
    "mu": 1.00215482711792,
    "sigma": 0.022532280534505844,
    "snr": 44.47640466677237,
    "half_fwhm": 0.026529732931108836,
    "half_fwhm_over_mean": 0.026472688863262022,
    "half_66": 0.021499519160167836,
    "half_66_over_full_scale": 0.021499519160167836,
    "cov33": 0.31864754098360654,
    "cov66": 0.6444672131147541,
    "cov99": 0.992827868852459
  },
  "pass": {
    "half_fwhm_over_mean": false,
    "half66_over_full_scale": false
  },
  "estimated_beam_factor_to_meet_half_fwhm": 8.00218676440131
}
