{
  "sample_dir": "/home/yyb/workspace/XRay-all/XRay-detectionCode/data/raw/batch_PbS_1M/sample_00278_ore",
  "blank_columns": [
    2,
    3,
    7,
    8,
    10,
    11,
    13,
    14,
    19,
    20,
    22,
    23,
    31,
    96,
    97,
    98,
    99,
    100,
    101,
    102,
    104,
    105,
    107,
    108,
    109,
    111,
    113,
    114,
    115,
    117,
    118,
    123
  ],
  "criteria": {
    "target_half_fwhm_over_mean": 0.01,
    "target_half66_over_full_scale": 0.01,
    "gaussian_central_targets": {
      "33": 0.33,
      "66": 0.66,
      "99": 0.99
    }
  },
  "low": {
    "mu": 1.0001769065856934,
    "sigma": 0.04469955340027809,
    "snr": 22.37554585007265,
    "half_fwhm": 0.05262970217476138,
    "half_fwhm_over_mean": 0.052620393280648256,
    "half_66": 0.04265076068569818,
    "half_66_over_full_scale": 0.04265076068569818,
    "cov33": 0.555327868852459,
    "cov66": 0.913422131147541,
    "cov99": 0.9943647540983607
  },
  "high": {
    "mu": 0.9987441301345825,
    "sigma": 0.041898198425769806,
    "snr": 23.837400357536552,
    "half_fwhm": 0.04933135875119509,
    "half_fwhm_over_mean": 0.0493933904217766,
    "half_66": 0.03997780510729413,
    "half_66_over_full_scale": 0.03997780510729413,
    "cov33": 0.586577868852459,
    "cov66": 0.9118852459016393,
    "cov99": 0.9938524590163934
  },
  "pass": {
    "half_fwhm_over_mean": false,
    "half66_over_full_scale": false
  },
  "estimated_beam_factor_to_meet_half_fwhm": 27.689057890100923
}
