{
  "sample_dir": "/home/yyb/workspace/XRay-all/XRay-detectionCode/data/raw/batch_PbS_1M/sample_00041_ore",
  "blank_columns": [
    3,
    6,
    8,
    9,
    10,
    11,
    12,
    15,
    16,
    17,
    19,
    20,
    22,
    29,
    31,
    36,
    37,
    39,
    96,
    97,
    98,
    99,
    101,
    107,
    109,
    114,
    117,
    121,
    122,
    123,
    125,
    126
  ],
  "criteria": {
    "target_half_fwhm_over_mean": 0.01,
    "target_half66_over_full_scale": 0.01,
    "gaussian_central_targets": {
      "33": 0.33,
      "66": 0.66,
      "99": 0.99
    }
  },
  "low": {
    "mu": 1.0011411905288696,
    "sigma": 0.02456531673669815,
    "snr": 40.75425532915128,
    "half_fwhm": 0.028923450131675396,
    "half_fwhm_over_mean": 0.028890480588852907,
    "half_66": 0.023439371662688037,
    "half_66_over_full_scale": 0.023439371662688037,
    "cov33": 0.31813524590163933,
    "cov66": 0.6572745901639344,
    "cov99": 0.9912909836065574
  },
  "high": {
    "mu": 1.0021390914916992,
    "sigma": 0.021985279396176338,
    "snr": 45.58227682410033,
    "half_fwhm": 0.02588568830852077,
    "half_fwhm_over_mean": 0.025830434645543594,
    "half_66": 0.02097758968054241,
    "half_66_over_full_scale": 0.02097758968054241,
    "cov33": 0.32223360655737704,
    "cov66": 0.6572745901639344,
    "cov99": 0.9882172131147541
  },
  "pass": {
    "half_fwhm_over_mean": false,
    "half66_over_full_scale": false
  },
  "estimated_beam_factor_to_meet_half_fwhm": 8.346598686548866
}
