{
  "sample_dir": "/home/yyb/workspace/XRay-all/XRay-detectionCode/data/raw/batch_PbS_1M/sample_00191_ore",
  "blank_columns": [
    2,
    3,
    6,
    7,
    10,
    13,
    14,
    16,
    17,
    20,
    23,
    29,
    95,
    96,
    97,
    98,
    99,
    100,
    101,
    102,
    105,
    108,
    109,
    111,
    114,
    115,
    117,
    118,
    121,
    123,
    126,
    127
  ],
  "criteria": {
    "target_half_fwhm_over_mean": 0.01,
    "target_half66_over_full_scale": 0.01,
    "gaussian_central_targets": {
      "33": 0.33,
      "66": 0.66,
      "99": 0.99
    }
  },
  "low": {
    "mu": 1.0020678043365479,
    "sigma": 0.02459738776087761,
    "snr": 40.73878958522363,
    "half_fwhm": 0.028961210876976128,
    "half_fwhm_over_mean": 0.028901448336772835,
    "half_66": 0.023469972719592887,
    "half_66_over_full_scale": 0.023469972719592887,
    "cov33": 0.32581967213114754,
    "cov66": 0.6572745901639344,
    "cov99": 0.9902663934426229
  },
  "high": {
    "mu": 1.0015349388122559,
    "sigma": 0.022582663223147392,
    "snr": 44.34972655420355,
    "half_fwhm": 0.02658905401367589,
    "half_fwhm_over_mean": 0.026548303991479803,
    "half_66": 0.021547592571029686,
    "half_66_over_full_scale": 0.021547592571029686,
    "cov33": 0.3119877049180328,
    "cov66": 0.6526639344262295,
    "cov99": 0.9902663934426229
  },
  "pass": {
    "half_fwhm_over_mean": false,
    "half66_over_full_scale": false
  },
  "estimated_beam_factor_to_meet_half_fwhm": 8.352937159631493
}
