{
  "sample_dir": "/home/yyb/workspace/XRay-all/XRay-detectionCode/data/raw/batch_PbS_1M/sample_00223_ore",
  "blank_columns": [
    3,
    5,
    8,
    11,
    16,
    19,
    20,
    23,
    27,
    29,
    31,
    33,
    35,
    36,
    37,
    89,
    91,
    92,
    94,
    95,
    96,
    100,
    103,
    104,
    105,
    106,
    107,
    109,
    113,
    117,
    122,
    125
  ],
  "criteria": {
    "target_half_fwhm_over_mean": 0.01,
    "target_half66_over_full_scale": 0.01,
    "gaussian_central_targets": {
      "33": 0.33,
      "66": 0.66,
      "99": 0.99
    }
  },
  "low": {
    "mu": 1.0009255409240723,
    "sigma": 0.026413248851895332,
    "snr": 37.894828710261024,
    "half_fwhm": 0.03109922392500818,
    "half_fwhm_over_mean": 0.031070466936328575,
    "half_66": 0.02520260427718214,
    "half_66_over_full_scale": 0.02520260427718214,
    "cov33": 0.35860655737704916,
    "cov66": 0.7110655737704918,
    "cov99": 0.9902663934426229
  },
  "high": {
    "mu": 1.0011762380599976,
    "sigma": 0.02747275121510029,
    "snr": 36.442518269146085,
    "half_fwhm": 0.032346692626308134,
    "half_fwhm_over_mean": 0.03230868991556079,
    "half_66": 0.026213544617778587,
    "half_66_over_full_scale": 0.026213544617778587,
    "cov33": 0.3944672131147541,
    "cov66": 0.7540983606557377,
    "cov99": 0.9943647540983607
  },
  "pass": {
    "half_fwhm_over_mean": false,
    "half66_over_full_scale": false
  },
  "estimated_beam_factor_to_meet_half_fwhm": 10.438514440598592
}
