{
  "sample_dir": "/home/yyb/workspace/XRay-all/XRay-detectionCode/data/raw/batch_PbS_1M/sample_00293_ore",
  "blank_columns": [
    12,
    15,
    16,
    19,
    22,
    23,
    34,
    36,
    37,
    41,
    44,
    80,
    81,
    82,
    87,
    89,
    90,
    92,
    95,
    96,
    97,
    98,
    99,
    103,
    107,
    108,
    109,
    111,
    117,
    118,
    121,
    123
  ],
  "criteria": {
    "target_half_fwhm_over_mean": 0.01,
    "target_half66_over_full_scale": 0.01,
    "gaussian_central_targets": {
      "33": 0.33,
      "66": 0.66,
      "99": 0.99
    }
  },
  "low": {
    "mu": 1.0029548406600952,
    "sigma": 0.024385271593928337,
    "snr": 41.12953332493618,
    "half_fwhm": 0.02871146317607577,
    "half_fwhm_over_mean": 0.028626875320906083,
    "half_66": 0.023267578843459334,
    "half_66_over_full_scale": 0.023267578843459334,
    "cov33": 0.33401639344262296,
    "cov66": 0.6557377049180327,
    "cov99": 0.9912909836065574
  },
  "high": {
    "mu": 1.0032685995101929,
    "sigma": 0.022377947345376015,
    "snr": 44.83291447718504,
    "half_fwhm": 0.026348019487422988,
    "half_fwhm_over_mean": 0.02626217894219593,
    "half_66": 0.021352259793692912,
    "half_66_over_full_scale": 0.021352259793692912,
    "cov33": 0.32889344262295084,
    "cov66": 0.6567622950819673,
    "cov99": 0.9892418032786885
  },
  "pass": {
    "half_fwhm_over_mean": false,
    "half66_over_full_scale": false
  },
  "estimated_beam_factor_to_meet_half_fwhm": 8.194979906387017
}
