{
  "sample_dir": "/home/yyb/workspace/XRay-all/XRay-detectionCode/data/raw/batch_PbS_1M/sample_00095_ore",
  "blank_columns": [
    2,
    3,
    4,
    6,
    10,
    11,
    12,
    13,
    14,
    16,
    19,
    20,
    27,
    31,
    32,
    37,
    89,
    90,
    95,
    96,
    102,
    105,
    106,
    107,
    109,
    115,
    116,
    117,
    118,
    121,
    122,
    123
  ],
  "criteria": {
    "target_half_fwhm_over_mean": 0.01,
    "target_half66_over_full_scale": 0.01,
    "gaussian_central_targets": {
      "33": 0.33,
      "66": 0.66,
      "99": 0.99
    }
  },
  "low": {
    "mu": 1.0024175643920898,
    "sigma": 0.03145169839262962,
    "snr": 31.871651313653572,
    "half_fwhm": 0.037031544912129254,
    "half_fwhm_over_mean": 0.03694223468100024,
    "half_66": 0.0300101177586812,
    "half_66_over_full_scale": 0.0300101177586812,
    "cov33": 0.42264344262295084,
    "cov66": 0.7730532786885246,
    "cov99": 0.9959016393442623
  },
  "high": {
    "mu": 1.000476360321045,
    "sigma": 0.02903895638883114,
    "snr": 34.452903435119474,
    "half_fwhm": 0.03419075829515019,
    "half_fwhm_over_mean": 0.03417447892939584,
    "half_66": 0.027707963173850363,
    "half_66_over_full_scale": 0.027707963173850363,
    "cov33": 0.4298155737704918,
    "cov66": 0.7858606557377049,
    "cov99": 0.9959016393442623
  },
  "pass": {
    "half_fwhm_over_mean": false,
    "half66_over_full_scale": false
  },
  "estimated_beam_factor_to_meet_half_fwhm": 13.64728703226097
}
