{
  "sample_dir": "/home/yyb/workspace/XRay-all/XRay-detectionCode/data/raw/batch_PbS_1M/sample_00074_waste",
  "blank_columns": [
    4,
    6,
    8,
    11,
    12,
    13,
    15,
    16,
    17,
    19,
    22,
    23,
    25,
    26,
    29,
    31,
    96,
    97,
    100,
    104,
    105,
    106,
    108,
    109,
    111,
    113,
    114,
    116,
    118,
    121,
    124,
    126
  ],
  "criteria": {
    "target_half_fwhm_over_mean": 0.01,
    "target_half66_over_full_scale": 0.01,
    "gaussian_central_targets": {
      "33": 0.33,
      "66": 0.66,
      "99": 0.99
    }
  },
  "low": {
    "mu": 1.0017635822296143,
    "sigma": 0.023746270686388016,
    "snr": 42.18614347741986,
    "half_fwhm": 0.0279590971031512,
    "half_fwhm_over_mean": 0.027909875742261406,
    "half_66": 0.022657866380755474,
    "half_66_over_full_scale": 0.022657866380755474,
    "cov33": 0.3401639344262295,
    "cov66": 0.6470286885245902,
    "cov99": 0.9912909836065574
  },
  "high": {
    "mu": 1.0014294385910034,
    "sigma": 0.02238324284553528,
    "snr": 44.740140894765645,
    "half_fwhm": 0.026354254462384655,
    "half_fwhm_over_mean": 0.02631663644666239,
    "half_66": 0.021357312575942915,
    "half_66_over_full_scale": 0.021357312575942915,
    "cov33": 0.3519467213114754,
    "cov66": 0.6649590163934426,
    "cov99": 0.9887295081967213
  },
  "pass": {
    "half_fwhm_over_mean": false,
    "half66_over_full_scale": false
  },
  "estimated_beam_factor_to_meet_half_fwhm": 7.789611639484715
}
