{
  "sample_dir": "/home/yyb/workspace/XRay-all/XRay-detectionCode/data/raw/batch_PbS_1M/sample_00156_ore",
  "blank_columns": [
    2,
    4,
    7,
    8,
    9,
    10,
    12,
    14,
    15,
    22,
    23,
    25,
    29,
    31,
    34,
    36,
    89,
    91,
    95,
    96,
    97,
    100,
    103,
    107,
    109,
    111,
    112,
    116,
    117,
    118,
    121,
    123
  ],
  "criteria": {
    "target_half_fwhm_over_mean": 0.01,
    "target_half66_over_full_scale": 0.01,
    "gaussian_central_targets": {
      "33": 0.33,
      "66": 0.66,
      "99": 0.99
    }
  },
  "low": {
    "mu": 1.0023208856582642,
    "sigma": 0.02376728318631649,
    "snr": 42.17229532718864,
    "half_fwhm": 0.027983837431164768,
    "half_fwhm_over_mean": 0.027919040530405254,
    "half_66": 0.022677915778068963,
    "half_66_over_full_scale": 0.022677915778068963,
    "cov33": 0.32479508196721313,
    "cov66": 0.65625,
    "cov99": 0.9918032786885246
  },
  "high": {
    "mu": 1.001199722290039,
    "sigma": 0.022789618000388145,
    "snr": 43.932273119847245,
    "half_fwhm": 0.02683272464260341,
    "half_fwhm_over_mean": 0.026800571399709396,
    "half_66": 0.021745061628445424,
    "half_66_over_full_scale": 0.021745061628445424,
    "cov33": 0.35860655737704916,
    "cov66": 0.6695696721311475,
    "cov99": 0.9871926229508197
  },
  "pass": {
    "half_fwhm_over_mean": false,
    "half66_over_full_scale": false
  },
  "estimated_beam_factor_to_meet_half_fwhm": 7.794728241384114
}
