{
  "sample_dir": "/home/yyb/workspace/XRay-all/XRay-detectionCode/data/raw/batch_PbS_1M/sample_00281_ore",
  "blank_columns": [
    5,
    11,
    13,
    15,
    16,
    19,
    21,
    22,
    29,
    31,
    33,
    36,
    41,
    82,
    85,
    87,
    89,
    91,
    92,
    94,
    96,
    100,
    104,
    108,
    109,
    119,
    120,
    121,
    123,
    124,
    125,
    127
  ],
  "criteria": {
    "target_half_fwhm_over_mean": 0.01,
    "target_half66_over_full_scale": 0.01,
    "gaussian_central_targets": {
      "33": 0.33,
      "66": 0.66,
      "99": 0.99
    }
  },
  "low": {
    "mu": 1.0024995803833008,
    "sigma": 0.024966038763523102,
    "snr": 40.15453111640656,
    "half_fwhm": 0.029395264262295606,
    "half_fwhm_over_mean": 0.02932197163719158,
    "half_66": 0.02382172669685472,
    "half_66_over_full_scale": 0.02382172669685472,
    "cov33": 0.3319672131147541,
    "cov66": 0.6623975409836066,
    "cov99": 0.9892418032786885
  },
  "high": {
    "mu": 1.0029075145721436,
    "sigma": 0.02266848273575306,
    "snr": 44.24237503070037,
    "half_fwhm": 0.02669009876794387,
    "half_fwhm_over_mean": 0.026612721891240684,
    "half_66": 0.021629478567999953,
    "half_66_over_full_scale": 0.021629478567999953,
    "cov33": 0.33811475409836067,
    "cov66": 0.6644467213114754,
    "cov99": 0.9892418032786885
  },
  "pass": {
    "half_fwhm_over_mean": false,
    "half66_over_full_scale": false
  },
  "estimated_beam_factor_to_meet_half_fwhm": 8.597780206922673
}
