{
  "sample_dir": "/home/yyb/workspace/XRay-all/XRay-detectionCode/data/raw/batch_PbS_1M/sample_00081_waste",
  "blank_columns": [
    2,
    3,
    4,
    6,
    7,
    10,
    11,
    12,
    15,
    20,
    22,
    23,
    29,
    31,
    33,
    34,
    36,
    37,
    39,
    44,
    89,
    91,
    96,
    100,
    103,
    105,
    107,
    108,
    111,
    122,
    123,
    124
  ],
  "criteria": {
    "target_half_fwhm_over_mean": 0.01,
    "target_half66_over_full_scale": 0.01,
    "gaussian_central_targets": {
      "33": 0.33,
      "66": 0.66,
      "99": 0.99
    }
  },
  "low": {
    "mu": 1.0027134418487549,
    "sigma": 0.023972341790795326,
    "snr": 41.827930312330494,
    "half_fwhm": 0.028225275487278014,
    "half_fwhm_over_mean": 0.02814889509732472,
    "half_66": 0.022873575573321318,
    "half_66_over_full_scale": 0.022873575573321318,
    "cov33": 0.3360655737704918,
    "cov66": 0.6542008196721312,
    "cov99": 0.9897540983606558
  },
  "high": {
    "mu": 1.0025721788406372,
    "sigma": 0.022203022614121437,
    "snr": 45.15476096497722,
    "half_fwhm": 0.026142061355660728,
    "half_fwhm_over_mean": 0.026074991813448387,
    "half_66": 0.02118535269321386,
    "half_66_over_full_scale": 0.02118535269321386,
    "cov33": 0.3176229508196721,
    "cov66": 0.6567622950819673,
    "cov99": 0.9897540983606558
  },
  "pass": {
    "half_fwhm_over_mean": false,
    "half66_over_full_scale": false
  },
  "estimated_beam_factor_to_meet_half_fwhm": 7.923602952001918
}
