{
  "sample_dir": "/home/yyb/workspace/XRay-all/XRay-detectionCode/data/raw/batch_PbS_1M/sample_00252_ore",
  "blank_columns": [
    0,
    2,
    6,
    8,
    12,
    15,
    20,
    22,
    29,
    31,
    36,
    37,
    86,
    89,
    90,
    91,
    93,
    94,
    95,
    96,
    98,
    99,
    105,
    107,
    108,
    111,
    112,
    115,
    116,
    117,
    123,
    126
  ],
  "criteria": {
    "target_half_fwhm_over_mean": 0.01,
    "target_half66_over_full_scale": 0.01,
    "gaussian_central_targets": {
      "33": 0.33,
      "66": 0.66,
      "99": 0.99
    }
  },
  "low": {
    "mu": 1.0021487474441528,
    "sigma": 0.02449173666536808,
    "snr": 40.917831231674796,
    "half_fwhm": 0.028836816218235105,
    "half_fwhm_over_mean": 0.028774986040524992,
    "half_66": 0.023369164115300864,
    "half_66_over_full_scale": 0.023369164115300864,
    "cov33": 0.33145491803278687,
    "cov66": 0.6577868852459017,
    "cov99": 0.9923155737704918
  },
  "high": {
    "mu": 1.0017660856246948,
    "sigma": 0.022299226373434067,
    "snr": 44.92380447862252,
    "half_fwhm": 0.026255332626077595,
    "half_fwhm_over_mean": 0.026209045208098594,
    "half_66": 0.02127714697757201,
    "half_66_over_full_scale": 0.02127714697757201,
    "cov33": 0.3473360655737705,
    "cov66": 0.6644467213114754,
    "cov99": 0.9918032786885246
  },
  "pass": {
    "half_fwhm_over_mean": false,
    "half66_over_full_scale": false
  },
  "estimated_beam_factor_to_meet_half_fwhm": 8.279998216324081
}
