{
  "sample_dir": "/home/yyb/workspace/XRay-all/XRay-detectionCode/data/raw/batch_PbS_1M/sample_00245_ore",
  "blank_columns": [
    3,
    5,
    6,
    8,
    10,
    12,
    13,
    15,
    16,
    17,
    18,
    19,
    23,
    24,
    25,
    31,
    34,
    36,
    37,
    87,
    89,
    92,
    96,
    105,
    106,
    107,
    109,
    112,
    116,
    118,
    120,
    123
  ],
  "criteria": {
    "target_half_fwhm_over_mean": 0.01,
    "target_half66_over_full_scale": 0.01,
    "gaussian_central_targets": {
      "33": 0.33,
      "66": 0.66,
      "99": 0.99
    }
  },
  "low": {
    "mu": 1.0031660795211792,
    "sigma": 0.025034410879015923,
    "snr": 40.07148737668288,
    "half_fwhm": 0.02947576627633638,
    "half_fwhm_over_mean": 0.029382738190674718,
    "half_66": 0.02388696499374207,
    "half_66_over_full_scale": 0.02388696499374207,
    "cov33": 0.32991803278688525,
    "cov66": 0.6644467213114754,
    "cov99": 0.9943647540983607
  },
  "high": {
    "mu": 1.0018423795700073,
    "sigma": 0.021735627204179764,
    "snr": 46.09217715039541,
    "half_fwhm": 0.025591745315524907,
    "half_fwhm_over_mean": 0.025544682314705965,
    "half_66": 0.020739380233567493,
    "half_66_over_full_scale": 0.020739380233567493,
    "cov33": 0.32633196721311475,
    "cov66": 0.6685450819672131,
    "cov99": 0.9882172131147541
  },
  "pass": {
    "half_fwhm_over_mean": false,
    "half66_over_full_scale": false
  },
  "estimated_beam_factor_to_meet_half_fwhm": 8.633453035817345
}
