{
  "sample_dir": "/home/yyb/workspace/XRay-all/XRay-detectionCode/data/raw/batch_PbS_1M/sample_00227_waste",
  "blank_columns": [
    2,
    3,
    4,
    5,
    6,
    8,
    10,
    11,
    12,
    19,
    23,
    29,
    31,
    33,
    36,
    37,
    38,
    41,
    42,
    89,
    91,
    93,
    94,
    95,
    96,
    97,
    108,
    114,
    116,
    118,
    121,
    124
  ],
  "criteria": {
    "target_half_fwhm_over_mean": 0.01,
    "target_half66_over_full_scale": 0.01,
    "gaussian_central_targets": {
      "33": 0.33,
      "66": 0.66,
      "99": 0.99
    }
  },
  "low": {
    "mu": 1.0023853778839111,
    "sigma": 0.024634256958961487,
    "snr": 40.690708859365934,
    "half_fwhm": 0.029004621040321626,
    "half_fwhm_over_mean": 0.02893559870311748,
    "half_66": 0.023505152027315887,
    "half_66_over_full_scale": 0.023505152027315887,
    "cov33": 0.33350409836065575,
    "cov66": 0.673155737704918,
    "cov99": 0.9877049180327869
  },
  "high": {
    "mu": 1.0025957822799683,
    "sigma": 0.02230329066514969,
    "snr": 44.95281872672663,
    "half_fwhm": 0.026260117963877932,
    "half_fwhm_over_mean": 0.026192128899805173,
    "half_66": 0.021281024983505707,
    "half_66_over_full_scale": 0.021281024983505707,
    "cov33": 0.3447745901639344,
    "cov66": 0.6603483606557377,
    "cov99": 0.9902663934426229
  },
  "pass": {
    "half_fwhm_over_mean": false,
    "half66_over_full_scale": false
  },
  "estimated_beam_factor_to_meet_half_fwhm": 8.372688723078541
}
