{
  "sample_dir": "/home/yyb/workspace/XRay-all/XRay-detectionCode/data/raw/batch_PbS_1M/sample_00150_waste",
  "blank_columns": [
    2,
    3,
    4,
    7,
    8,
    9,
    10,
    11,
    12,
    13,
    14,
    15,
    16,
    19,
    25,
    31,
    33,
    34,
    36,
    92,
    94,
    95,
    97,
    98,
    99,
    102,
    103,
    109,
    111,
    113,
    117,
    123
  ],
  "criteria": {
    "target_half_fwhm_over_mean": 0.01,
    "target_half66_over_full_scale": 0.01,
    "gaussian_central_targets": {
      "33": 0.33,
      "66": 0.66,
      "99": 0.99
    }
  },
  "low": {
    "mu": 1.0032345056533813,
    "sigma": 0.024855969473719597,
    "snr": 40.36191413552019,
    "half_fwhm": 0.029265667577311503,
    "half_fwhm_over_mean": 0.02917131280113966,
    "half_66": 0.02371670240508574,
    "half_66_over_full_scale": 0.02371670240508574,
    "cov33": 0.33760245901639346,
    "cov66": 0.6557377049180327,
    "cov99": 0.9892418032786885
  },
  "high": {
    "mu": 1.0021624565124512,
    "sigma": 0.022125672549009323,
    "snr": 45.294101424154135,
    "half_fwhm": 0.0260509886137567,
    "half_fwhm_over_mean": 0.025994776041017093,
    "half_66": 0.021111547948755284,
    "half_66_over_full_scale": 0.021111547948755284,
    "cov33": 0.33401639344262296,
    "cov66": 0.6711065573770492,
    "cov99": 0.9887295081967213
  },
  "pass": {
    "half_fwhm_over_mean": false,
    "half66_over_full_scale": false
  },
  "estimated_beam_factor_to_meet_half_fwhm": 8.509654905419344
}
