{
  "sample_dir": "/home/yyb/workspace/XRay-all/XRay-detectionCode/data/raw/batch_PbS_1M/sample_00016_ore",
  "blank_columns": [
    3,
    5,
    6,
    8,
    12,
    13,
    15,
    17,
    19,
    22,
    24,
    29,
    31,
    32,
    33,
    36,
    39,
    89,
    92,
    95,
    96,
    97,
    99,
    101,
    103,
    105,
    106,
    108,
    109,
    113,
    114,
    117
  ],
  "criteria": {
    "target_half_fwhm_over_mean": 0.01,
    "target_half66_over_full_scale": 0.01,
    "gaussian_central_targets": {
      "33": 0.33,
      "66": 0.66,
      "99": 0.99
    }
  },
  "low": {
    "mu": 1.002135157585144,
    "sigma": 0.02450135536491871,
    "snr": 40.90121312309161,
    "half_fwhm": 0.02884814137148943,
    "half_fwhm_over_mean": 0.02878667727914577,
    "half_66": 0.023378341944192527,
    "half_66_over_full_scale": 0.023378341944192527,
    "cov33": 0.3324795081967213,
    "cov66": 0.6690573770491803,
    "cov99": 0.9866803278688525
  },
  "high": {
    "mu": 1.001918911933899,
    "sigma": 0.02298370748758316,
    "snr": 43.5925714976655,
    "half_fwhm": 0.027061247550088707,
    "half_fwhm_over_mean": 0.027009418853922242,
    "half_66": 0.02193025507312787,
    "half_66_over_full_scale": 0.02193025507312787,
    "cov33": 0.32633196721311475,
    "cov66": 0.6629098360655737,
    "cov99": 0.9892418032786885
  },
  "pass": {
    "half_fwhm_over_mean": false,
    "half66_over_full_scale": false
  },
  "estimated_beam_factor_to_meet_half_fwhm": 8.286727887736872
}
