{
  "sample_dir": "/home/yyb/workspace/XRay-all/XRay-detectionCode/data/raw/batch_PbS_1M/sample_00249_ore",
  "blank_columns": [
    0,
    3,
    5,
    6,
    8,
    11,
    12,
    13,
    15,
    16,
    18,
    19,
    20,
    23,
    31,
    34,
    36,
    89,
    97,
    99,
    100,
    104,
    105,
    106,
    109,
    112,
    113,
    115,
    122,
    123,
    125,
    126
  ],
  "criteria": {
    "target_half_fwhm_over_mean": 0.01,
    "target_half66_over_full_scale": 0.01,
    "gaussian_central_targets": {
      "33": 0.33,
      "66": 0.66,
      "99": 0.99
    }
  },
  "low": {
    "mu": 0.994753360748291,
    "sigma": 0.0791449248790741,
    "snr": 12.568757406342597,
    "half_fwhm": 0.09318602778263144,
    "half_fwhm_over_mean": 0.09367751993572898,
    "half_66": 0.07551733728247827,
    "half_66_over_full_scale": 0.07551733728247827,
    "cov33": 0.8078893442622951,
    "cov66": 0.9877049180327869,
    "cov99": 0.9907786885245902
  },
  "high": {
    "mu": 0.9958451986312866,
    "sigma": 0.07570508122444153,
    "snr": 13.15427158289312,
    "half_fwhm": 0.08913592138783402,
    "half_fwhm_over_mean": 0.0895078085533219,
    "half_66": 0.07223515799097247,
    "half_66_over_full_scale": 0.07223515799097247,
    "cov33": 0.8222336065573771,
    "cov66": 0.9902663934426229,
    "cov99": 0.9907786885245902
  },
  "pass": {
    "half_fwhm_over_mean": false,
    "half66_over_full_scale": false
  },
  "estimated_beam_factor_to_meet_half_fwhm": 87.75477741308902
}
