{
  "sample_dir": "/home/yyb/workspace/XRay-all/XRay-detectionCode/data/raw/batch_PbS_1M/sample_00085_ore",
  "blank_columns": [
    2,
    6,
    8,
    12,
    13,
    15,
    16,
    18,
    19,
    20,
    23,
    29,
    31,
    37,
    38,
    39,
    41,
    42,
    47,
    81,
    85,
    86,
    89,
    94,
    95,
    97,
    99,
    119,
    121,
    122,
    123,
    127
  ],
  "criteria": {
    "target_half_fwhm_over_mean": 0.01,
    "target_half66_over_full_scale": 0.01,
    "gaussian_central_targets": {
      "33": 0.33,
      "66": 0.66,
      "99": 0.99
    }
  },
  "low": {
    "mu": 1.001821517944336,
    "sigma": 0.0251271054148674,
    "snr": 39.87015222818186,
    "half_fwhm": 0.029584905751878898,
    "half_fwhm_over_mean": 0.029531114297270185,
    "half_66": 0.023975410899008065,
    "half_66_over_full_scale": 0.023975410899008065,
    "cov33": 0.33299180327868855,
    "cov66": 0.663422131147541,
    "cov99": 0.9902663934426229
  },
  "high": {
    "mu": 1.0017396211624146,
    "sigma": 0.02349032275378704,
    "snr": 42.64477894416827,
    "half_fwhm": 0.02765774144206866,
    "half_fwhm_over_mean": 0.027609711004517052,
    "half_66": 0.022413649756853022,
    "half_66_over_full_scale": 0.022413649756853022,
    "cov33": 0.34938524590163933,
    "cov66": 0.6767418032786885,
    "cov99": 0.9902663934426229
  },
  "pass": {
    "half_fwhm_over_mean": false,
    "half66_over_full_scale": false
  },
  "estimated_beam_factor_to_meet_half_fwhm": 8.720867116384353
}
