{
  "sample_dir": "/home/yyb/workspace/XRay-all/XRay-detectionCode/data/raw/batch_PbS_1M/sample_00195_waste",
  "blank_columns": [
    1,
    3,
    4,
    5,
    6,
    10,
    11,
    12,
    15,
    16,
    19,
    20,
    23,
    26,
    31,
    32,
    91,
    92,
    93,
    95,
    96,
    97,
    104,
    105,
    107,
    108,
    111,
    112,
    121,
    122,
    123,
    126
  ],
  "criteria": {
    "target_half_fwhm_over_mean": 0.01,
    "target_half66_over_full_scale": 0.01,
    "gaussian_central_targets": {
      "33": 0.33,
      "66": 0.66,
      "99": 0.99
    }
  },
  "low": {
    "mu": 1.0020896196365356,
    "sigma": 0.024379953742027283,
    "snr": 41.103015626690365,
    "half_fwhm": 0.0287052018839493,
    "half_fwhm_over_mean": 0.028645344010609412,
    "half_66": 0.02326250473395397,
    "half_66_over_full_scale": 0.02326250473395397,
    "cov33": 0.319672131147541,
    "cov66": 0.6588114754098361,
    "cov99": 0.9933401639344263
  },
  "high": {
    "mu": 1.0023179054260254,
    "sigma": 0.021960943937301636,
    "snr": 45.64093002047804,
    "half_fwhm": 0.025857035495339555,
    "half_fwhm_over_mean": 0.025797239932922555,
    "half_66": 0.020954369631264798,
    "half_66_over_full_scale": 0.020954369631264798,
    "cov33": 0.3488729508196721,
    "cov66": 0.6700819672131147,
    "cov99": 0.9877049180327869
  },
  "pass": {
    "half_fwhm_over_mean": false,
    "half66_over_full_scale": false
  },
  "estimated_beam_factor_to_meet_half_fwhm": 8.205557334861565
}
