{
  "sample_dir": "/home/yyb/workspace/XRay-all/XRay-detectionCode/data/raw/batch_PbS_1M/sample_00103_ore",
  "blank_columns": [
    3,
    5,
    6,
    9,
    10,
    11,
    12,
    13,
    16,
    19,
    23,
    29,
    31,
    34,
    35,
    36,
    37,
    38,
    39,
    89,
    94,
    95,
    96,
    97,
    99,
    100,
    106,
    117,
    118,
    121,
    122,
    123
  ],
  "criteria": {
    "target_half_fwhm_over_mean": 0.01,
    "target_half66_over_full_scale": 0.01,
    "gaussian_central_targets": {
      "33": 0.33,
      "66": 0.66,
      "99": 0.99
    }
  },
  "low": {
    "mu": 0.9986892342567444,
    "sigma": 0.054419998079538345,
    "snr": 18.3515117511966,
    "half_fwhm": 0.06407465116327919,
    "half_fwhm_over_mean": 0.06415874825261889,
    "half_66": 0.051925671243778115,
    "half_66_over_full_scale": 0.051925671243778115,
    "cov33": 0.6270491803278688,
    "cov66": 0.9497950819672131,
    "cov99": 0.9923155737704918
  },
  "high": {
    "mu": 0.9970296621322632,
    "sigma": 0.05120127275586128,
    "snr": 19.47275152487548,
    "half_fwhm": 0.06028489170750727,
    "half_fwhm_over_mean": 0.06046449167678829,
    "half_66": 0.04885447538050373,
    "half_66_over_full_scale": 0.04885447538050373,
    "cov33": 0.6408811475409836,
    "cov66": 0.9605532786885246,
    "cov99": 0.9907786885245902
  },
  "pass": {
    "half_fwhm_over_mean": false,
    "half66_over_full_scale": false
  },
  "estimated_beam_factor_to_meet_half_fwhm": 41.16344977342927
}
