{
  "sample_dir": "/home/yyb/workspace/XRay-all/XRay-detectionCode/data/raw/batch_PbS_1M/sample_00060_waste",
  "blank_columns": [
    7,
    8,
    10,
    11,
    12,
    13,
    15,
    17,
    20,
    24,
    31,
    33,
    34,
    36,
    88,
    89,
    95,
    96,
    97,
    99,
    100,
    103,
    107,
    108,
    112,
    113,
    115,
    116,
    117,
    125,
    126,
    127
  ],
  "criteria": {
    "target_half_fwhm_over_mean": 0.01,
    "target_half66_over_full_scale": 0.01,
    "gaussian_central_targets": {
      "33": 0.33,
      "66": 0.66,
      "99": 0.99
    }
  },
  "low": {
    "mu": 1.0028828382492065,
    "sigma": 0.024835482239723206,
    "snr": 40.3810495229741,
    "half_fwhm": 0.02924154570267085,
    "half_fwhm_over_mean": 0.029157489377043874,
    "half_66": 0.023697154198273306,
    "half_66_over_full_scale": 0.023697154198273306,
    "cov33": 0.33350409836065575,
    "cov66": 0.6623975409836066,
    "cov99": 0.9897540983606558
  },
  "high": {
    "mu": 1.0024511814117432,
    "sigma": 0.022345835343003273,
    "snr": 44.86076112279336,
    "half_fwhm": 0.026310210493986776,
    "half_fwhm_over_mean": 0.026245877087933935,
    "half_66": 0.021321619636819895,
    "half_66_over_full_scale": 0.021321619636819895,
    "cov33": 0.3140368852459016,
    "cov66": 0.6536885245901639,
    "cov99": 0.9918032786885246
  },
  "pass": {
    "half_fwhm_over_mean": false,
    "half66_over_full_scale": false
  },
  "estimated_beam_factor_to_meet_half_fwhm": 8.501591867724263
}
