{
  "sample_dir": "/home/yyb/workspace/XRay-all/XRay-detectionCode/data/raw/batch_PbS_1M/sample_00116_waste",
  "blank_columns": [
    3,
    4,
    6,
    8,
    13,
    15,
    18,
    26,
    29,
    31,
    33,
    36,
    42,
    84,
    89,
    90,
    91,
    92,
    93,
    96,
    97,
    98,
    99,
    105,
    107,
    111,
    113,
    117,
    118,
    119,
    123,
    127
  ],
  "criteria": {
    "target_half_fwhm_over_mean": 0.01,
    "target_half66_over_full_scale": 0.01,
    "gaussian_central_targets": {
      "33": 0.33,
      "66": 0.66,
      "99": 0.99
    }
  },
  "low": {
    "mu": 1.002925157546997,
    "sigma": 0.024285029619932175,
    "snr": 41.298082532451865,
    "half_fwhm": 0.028593437271217506,
    "half_fwhm_over_mean": 0.02851004090988476,
    "half_66": 0.02317193143496541,
    "half_66_over_full_scale": 0.02317193143496541,
    "cov33": 0.3422131147540984,
    "cov66": 0.6639344262295082,
    "cov99": 0.9877049180327869
  },
  "high": {
    "mu": 1.0024052858352661,
    "sigma": 0.022359538823366165,
    "snr": 44.83121471126822,
    "half_fwhm": 0.026326345109109178,
    "half_fwhm_over_mean": 0.026263174667093298,
    "half_66": 0.021334695021629338,
    "half_66_over_full_scale": 0.021334695021629338,
    "cov33": 0.3406762295081967,
    "cov66": 0.6552254098360656,
    "cov99": 0.9923155737704918
  },
  "pass": {
    "half_fwhm_over_mean": false,
    "half66_over_full_scale": false
  },
  "estimated_beam_factor_to_meet_half_fwhm": 8.128224326833026
}
