{
  "sample_dir": "/home/yyb/workspace/XRay-all/XRay-detectionCode/data/raw/batch_PbS_1M/sample_00127_ore",
  "blank_columns": [
    4,
    5,
    6,
    8,
    10,
    11,
    12,
    15,
    16,
    17,
    20,
    22,
    24,
    29,
    31,
    92,
    93,
    95,
    96,
    97,
    99,
    104,
    105,
    107,
    108,
    109,
    113,
    116,
    117,
    121,
    122,
    123,
    125
  ],
  "criteria": {
    "target_half_fwhm_over_mean": 0.01,
    "target_half66_over_full_scale": 0.01,
    "gaussian_central_targets": {
      "33": 0.33,
      "66": 0.66,
      "99": 0.99
    }
  },
  "low": {
    "mu": 1.001833200454712,
    "sigma": 0.02452419325709343,
    "snr": 40.85081168429219,
    "half_fwhm": 0.02887503093462872,
    "half_fwhm_over_mean": 0.028822194075344004,
    "half_66": 0.023400133067360745,
    "half_66_over_full_scale": 0.023400133067360745,
    "cov33": 0.31793343268753105,
    "cov66": 0.6681569796323895,
    "cov99": 0.9915548931942375
  },
  "high": {
    "mu": 1.001711368560791,
    "sigma": 0.022431742399930954,
    "snr": 44.655976816311615,
    "half_fwhm": 0.026411358323816907,
    "half_fwhm_over_mean": 0.026366235976500327,
    "half_66": 0.02140358916554034,
    "half_66_over_full_scale": 0.02140358916554034,
    "cov33": 0.33979135618479883,
    "cov66": 0.6641828117237953,
    "cov99": 0.9920516641828118
  },
  "pass": {
    "half_fwhm_over_mean": false,
    "half66_over_full_scale": false
  },
  "estimated_beam_factor_to_meet_half_fwhm": 8.307188713167951
}
