{
  "sample_dir": "/home/yyb/workspace/XRay-all/XRay-detectionCode/data/raw/batch_PbS_1M/sample_00055_ore",
  "blank_columns": [
    2,
    3,
    4,
    5,
    6,
    11,
    12,
    14,
    15,
    19,
    22,
    23,
    29,
    31,
    33,
    34,
    37,
    39,
    46,
    85,
    89,
    92,
    96,
    97,
    105,
    109,
    114,
    115,
    117,
    118,
    121,
    123
  ],
  "criteria": {
    "target_half_fwhm_over_mean": 0.01,
    "target_half66_over_full_scale": 0.01,
    "gaussian_central_targets": {
      "33": 0.33,
      "66": 0.66,
      "99": 0.99
    }
  },
  "low": {
    "mu": 1.0022214651107788,
    "sigma": 0.02431066706776619,
    "snr": 41.225584732705116,
    "half_fwhm": 0.028623623059248596,
    "half_fwhm_over_mean": 0.028560177621105666,
    "half_66": 0.023196393796867977,
    "half_66_over_full_scale": 0.023196393796867977,
    "cov33": 0.3237704918032787,
    "cov66": 0.6644467213114754,
    "cov99": 0.9912909836065574
  },
  "high": {
    "mu": 1.0028212070465088,
    "sigma": 0.022692915052175522,
    "snr": 44.190938217537216,
    "half_fwhm": 0.02671886562217257,
    "half_fwhm_over_mean": 0.026643698232972652,
    "half_66": 0.02165279103538414,
    "half_66_over_full_scale": 0.02165279103538414,
    "cov33": 0.32889344262295084,
    "cov66": 0.6618852459016393,
    "cov99": 0.9882172131147541
  },
  "pass": {
    "half_fwhm_over_mean": false,
    "half66_over_full_scale": false
  },
  "estimated_beam_factor_to_meet_half_fwhm": 8.156837457491049
}
