{
  "sample_dir": "/home/yyb/workspace/XRay-all/XRay-detectionCode/data/raw/batch_PbS_1M/sample_00166_ore",
  "blank_columns": [
    5,
    6,
    8,
    12,
    13,
    15,
    16,
    19,
    22,
    23,
    25,
    31,
    33,
    40,
    41,
    42,
    86,
    89,
    91,
    96,
    97,
    101,
    107,
    109,
    111,
    116,
    117,
    118,
    121,
    122,
    123,
    124
  ],
  "criteria": {
    "target_half_fwhm_over_mean": 0.01,
    "target_half66_over_full_scale": 0.01,
    "gaussian_central_targets": {
      "33": 0.33,
      "66": 0.66,
      "99": 0.99
    }
  },
  "low": {
    "mu": 1.0027084350585938,
    "sigma": 0.025090645998716354,
    "snr": 39.963436378238036,
    "half_fwhm": 0.029541978069888158,
    "half_fwhm_over_mean": 0.02946218166416627,
    "half_66": 0.02394062259096674,
    "half_66_over_full_scale": 0.02394062259096674,
    "cov33": 0.33760245901639346,
    "cov66": 0.6618852459016393,
    "cov99": 0.9892418032786885
  },
  "high": {
    "mu": 1.0032058954238892,
    "sigma": 0.022290633991360664,
    "snr": 45.005713871247835,
    "half_fwhm": 0.026245215869307222,
    "half_fwhm_over_mean": 0.0261613453320245,
    "half_66": 0.021268948425155813,
    "half_66_over_full_scale": 0.021268948425155813,
    "cov33": 0.32325819672131145,
    "cov66": 0.6695696721311475,
    "cov99": 0.9907786885245902
  },
  "pass": {
    "half_fwhm_over_mean": false,
    "half66_over_full_scale": false
  },
  "estimated_beam_factor_to_meet_half_fwhm": 8.680201484123353
}
