{
  "sample_dir": "/home/yyb/workspace/XRay-all/XRay-detectionCode/data/raw/batch_PbS_1M/sample_00136_waste",
  "blank_columns": [
    0,
    8,
    10,
    11,
    12,
    15,
    19,
    21,
    22,
    26,
    29,
    32,
    34,
    36,
    37,
    41,
    89,
    90,
    91,
    92,
    93,
    94,
    95,
    97,
    99,
    107,
    108,
    109,
    115,
    116,
    121,
    123
  ],
  "criteria": {
    "target_half_fwhm_over_mean": 0.01,
    "target_half66_over_full_scale": 0.01,
    "gaussian_central_targets": {
      "33": 0.33,
      "66": 0.66,
      "99": 0.99
    }
  },
  "low": {
    "mu": 1.0021713972091675,
    "sigma": 0.02582971565425396,
    "snr": 38.79916490850403,
    "half_fwhm": 0.030412166089643755,
    "half_fwhm_over_mean": 0.03034627227870913,
    "half_66": 0.02464581717593545,
    "half_66_over_full_scale": 0.02464581717593545,
    "cov33": 0.34375,
    "cov66": 0.673155737704918,
    "cov99": 0.9907786885245902
  },
  "high": {
    "mu": 1.0017094612121582,
    "sigma": 0.02525739185512066,
    "snr": 39.660051479506684,
    "half_fwhm": 0.02973830631242893,
    "half_fwhm_over_mean": 0.029687556585961478,
    "half_66": 0.024099725693253832,
    "half_66_over_full_scale": 0.024099725693253832,
    "cov33": 0.3406762295081967,
    "cov66": 0.694672131147541,
    "cov99": 0.9882172131147541
  },
  "pass": {
    "half_fwhm_over_mean": false,
    "half66_over_full_scale": false
  },
  "estimated_beam_factor_to_meet_half_fwhm": 9.2089624121355
}
