{
  "sample_dir": "/home/yyb/workspace/XRay-all/XRay-detectionCode/data/raw/batch_PbS_1M/sample_00044_ore",
  "blank_columns": [
    3,
    4,
    6,
    8,
    11,
    12,
    13,
    16,
    17,
    18,
    19,
    23,
    24,
    29,
    31,
    89,
    92,
    94,
    95,
    96,
    99,
    100,
    104,
    107,
    108,
    109,
    111,
    113,
    116,
    121,
    122,
    126
  ],
  "criteria": {
    "target_half_fwhm_over_mean": 0.01,
    "target_half66_over_full_scale": 0.01,
    "gaussian_central_targets": {
      "33": 0.33,
      "66": 0.66,
      "99": 0.99
    }
  },
  "low": {
    "mu": 0.9997528195381165,
    "sigma": 0.04689212888479233,
    "snr": 21.320269378137535,
    "half_fwhm": 0.05521126252531623,
    "half_fwhm_over_mean": 0.05522491304483013,
    "half_66": 0.044742840027921844,
    "half_66_over_full_scale": 0.044742840027921844,
    "cov33": 0.5886270491803278,
    "cov66": 0.9277663934426229,
    "cov99": 0.992827868852459
  },
  "high": {
    "mu": 0.9985314011573792,
    "sigma": 0.04490113630890846,
    "snr": 22.238443906803063,
    "half_fwhm": 0.052867047911747476,
    "half_fwhm_over_mean": 0.05294480258755034,
    "half_66": 0.042843104092741426,
    "half_66_over_full_scale": 0.042843104092741426,
    "cov33": 0.5993852459016393,
    "cov66": 0.9426229508196722,
    "cov99": 0.992827868852459
  },
  "pass": {
    "half_fwhm_over_mean": false,
    "half66_over_full_scale": false
  },
  "estimated_beam_factor_to_meet_half_fwhm": 30.497910208090495
}
