{
  "sample_dir": "/home/yyb/workspace/XRay-all/XRay-detectionCode/data/raw/batch_PbS_1M/sample_00188_waste",
  "blank_columns": [
    0,
    2,
    4,
    5,
    6,
    11,
    12,
    13,
    15,
    16,
    17,
    23,
    25,
    26,
    31,
    35,
    36,
    95,
    96,
    97,
    98,
    99,
    100,
    105,
    106,
    107,
    109,
    114,
    115,
    120,
    122,
    125
  ],
  "criteria": {
    "target_half_fwhm_over_mean": 0.01,
    "target_half66_over_full_scale": 0.01,
    "gaussian_central_targets": {
      "33": 0.33,
      "66": 0.66,
      "99": 0.99
    }
  },
  "low": {
    "mu": 1.0014185905456543,
    "sigma": 0.024151308462023735,
    "snr": 41.46436173925383,
    "half_fwhm": 0.028435992639675806,
    "half_fwhm_over_mean": 0.028395710752864657,
    "half_66": 0.023044339352478703,
    "half_66_over_full_scale": 0.023044339352478703,
    "cov33": 0.3206967213114754,
    "cov66": 0.6608606557377049,
    "cov99": 0.9897540983606558
  },
  "high": {
    "mu": 1.0021007061004639,
    "sigma": 0.02216614969074726,
    "snr": 45.208605016267995,
    "half_fwhm": 0.0260986468061211,
    "half_fwhm_over_mean": 0.02604393615056951,
    "half_66": 0.0211501698309483,
    "half_66_over_full_scale": 0.0211501698309483,
    "cov33": 0.32889344262295084,
    "cov66": 0.6613729508196722,
    "cov99": 0.9887295081967213
  },
  "pass": {
    "half_fwhm_over_mean": false,
    "half66_over_full_scale": false
  },
  "estimated_beam_factor_to_meet_half_fwhm": 8.063163891603535
}
