{
  "sample_dir": "/home/yyb/workspace/XRay-all/XRay-detectionCode/data/raw/batch_PbS_1M/sample_00101_ore",
  "blank_columns": [
    0,
    3,
    4,
    8,
    9,
    12,
    13,
    15,
    16,
    19,
    20,
    22,
    23,
    24,
    29,
    31,
    96,
    97,
    98,
    99,
    102,
    105,
    106,
    107,
    108,
    109,
    116,
    117,
    118,
    124,
    125,
    127
  ],
  "criteria": {
    "target_half_fwhm_over_mean": 0.01,
    "target_half66_over_full_scale": 0.01,
    "gaussian_central_targets": {
      "33": 0.33,
      "66": 0.66,
      "99": 0.99
    }
  },
  "low": {
    "mu": 1.0014272928237915,
    "sigma": 0.024371454492211342,
    "snr": 41.090173470928,
    "half_fwhm": 0.02869519478203228,
    "half_fwhm_over_mean": 0.02865429670996735,
    "half_66": 0.02325439504510179,
    "half_66_over_full_scale": 0.02325439504510179,
    "cov33": 0.3212090163934426,
    "cov66": 0.6659836065573771,
    "cov99": 0.9851434426229508
  },
  "high": {
    "mu": 1.0018869638442993,
    "sigma": 0.02287808060646057,
    "snr": 43.792439631556114,
    "half_fwhm": 0.026936881401609554,
    "half_fwhm_over_mean": 0.026886148212020997,
    "half_66": 0.02182946957336249,
    "half_66_over_full_scale": 0.02182946957336249,
    "cov33": 0.3452868852459016,
    "cov66": 0.6577868852459017,
    "cov99": 0.9897540983606558
  },
  "pass": {
    "half_fwhm_over_mean": false,
    "half66_over_full_scale": false
  },
  "estimated_beam_factor_to_meet_half_fwhm": 8.210687199428458
}
