{
  "sample_dir": "/home/yyb/workspace/XRay-all/XRay-detectionCode/data/raw/batch_PbS_1M/sample_00111_ore",
  "blank_columns": [
    0,
    2,
    3,
    4,
    5,
    8,
    9,
    10,
    11,
    12,
    13,
    15,
    16,
    18,
    19,
    20,
    23,
    25,
    31,
    97,
    105,
    106,
    107,
    109,
    111,
    117,
    118,
    122,
    123,
    124,
    125,
    127
  ],
  "criteria": {
    "target_half_fwhm_over_mean": 0.01,
    "target_half66_over_full_scale": 0.01,
    "gaussian_central_targets": {
      "33": 0.33,
      "66": 0.66,
      "99": 0.99
    }
  },
  "low": {
    "mu": 0.9927553534507751,
    "sigma": 0.08005369454622269,
    "snr": 12.401118512744745,
    "half_fwhm": 0.09425602229687617,
    "half_fwhm_over_mean": 0.09494385698273625,
    "half_66": 0.07638445372198469,
    "half_66_over_full_scale": 0.07638445372198469,
    "cov33": 0.8037909836065574,
    "cov66": 0.9815573770491803,
    "cov99": 0.9877049180327869
  },
  "high": {
    "mu": 0.9927434325218201,
    "sigma": 0.07711434364318848,
    "snr": 12.873654700548167,
    "half_fwhm": 0.09079520108399927,
    "half_fwhm_over_mean": 0.0914588786080976,
    "half_66": 0.07357982722350556,
    "half_66_over_full_scale": 0.07357982722350556,
    "cov33": 0.8191598360655737,
    "cov66": 0.9836065573770492,
    "cov99": 0.9871926229508197
  },
  "pass": {
    "half_fwhm_over_mean": false,
    "half66_over_full_scale": false
  },
  "estimated_beam_factor_to_meet_half_fwhm": 90.14335978758275
}
