{
  "sample_dir": "/home/yyb/workspace/XRay-all/XRay-detectionCode/data/raw/batch_PbS_1M/sample_00104_ore",
  "blank_columns": [
    0,
    4,
    6,
    7,
    8,
    12,
    13,
    15,
    16,
    19,
    20,
    22,
    23,
    31,
    34,
    95,
    96,
    97,
    99,
    100,
    105,
    106,
    109,
    113,
    114,
    116,
    118,
    120,
    121,
    123,
    125,
    126
  ],
  "criteria": {
    "target_half_fwhm_over_mean": 0.01,
    "target_half66_over_full_scale": 0.01,
    "gaussian_central_targets": {
      "33": 0.33,
      "66": 0.66,
      "99": 0.99
    }
  },
  "low": {
    "mu": 1.002210021018982,
    "sigma": 0.024693941697478294,
    "snr": 40.58525906057865,
    "half_fwhm": 0.029074894449641606,
    "half_fwhm_over_mean": 0.02901078001602912,
    "half_66": 0.02356210113095174,
    "half_66_over_full_scale": 0.02356210113095174,
    "cov33": 0.3360655737704918,
    "cov66": 0.6623975409836066,
    "cov99": 0.9897540983606558
  },
  "high": {
    "mu": 1.0018633604049683,
    "sigma": 0.022972406819462776,
    "snr": 43.61159752560909,
    "half_fwhm": 0.02704794203018282,
    "half_fwhm_over_mean": 0.02699763570478277,
    "half_66": 0.021919472368270063,
    "half_66_over_full_scale": 0.021919472368270063,
    "cov33": 0.3473360655737705,
    "cov66": 0.6711065573770492,
    "cov99": 0.9918032786885246
  },
  "pass": {
    "half_fwhm_over_mean": false,
    "half66_over_full_scale": false
  },
  "estimated_beam_factor_to_meet_half_fwhm": 8.416253571384344
}
