{
  "sample_dir": "/home/yyb/workspace/XRay-all/XRay-detectionCode/data/raw/batch_PbS_1M/sample_00124_waste",
  "blank_columns": [
    3,
    7,
    10,
    12,
    13,
    15,
    16,
    19,
    22,
    23,
    31,
    37,
    38,
    39,
    41,
    42,
    85,
    87,
    89,
    92,
    93,
    95,
    97,
    98,
    101,
    104,
    105,
    106,
    113,
    115,
    116,
    126
  ],
  "criteria": {
    "target_half_fwhm_over_mean": 0.01,
    "target_half66_over_full_scale": 0.01,
    "gaussian_central_targets": {
      "33": 0.33,
      "66": 0.66,
      "99": 0.99
    }
  },
  "low": {
    "mu": 1.0025315284729004,
    "sigma": 0.023883232846856117,
    "snr": 41.97637459305972,
    "half_fwhm": 0.0281203577235896,
    "half_fwhm_over_mean": 0.02804934999542982,
    "half_66": 0.022788550915269972,
    "half_66_over_full_scale": 0.022788550915269972,
    "cov33": 0.32940573770491804,
    "cov66": 0.6593237704918032,
    "cov99": 0.9882172131147541
  },
  "high": {
    "mu": 1.0027401447296143,
    "sigma": 0.022269241511821747,
    "snr": 45.02803313697524,
    "half_fwhm": 0.026220028149491974,
    "half_fwhm_over_mean": 0.026148377809848355,
    "half_66": 0.021248536464501137,
    "half_66_over_full_scale": 0.021248536464501137,
    "cov33": 0.3355532786885246,
    "cov66": 0.6664959016393442,
    "cov99": 0.9907786885245902
  },
  "pass": {
    "half_fwhm_over_mean": false,
    "half66_over_full_scale": false
  },
  "estimated_beam_factor_to_meet_half_fwhm": 7.867660351661188
}
