{
  "sample_dir": "/home/yyb/workspace/XRay-all/XRay-detectionCode/data/raw/batch_PbS_1M/sample_00082_waste",
  "blank_columns": [
    3,
    4,
    5,
    6,
    9,
    10,
    12,
    15,
    16,
    19,
    29,
    31,
    33,
    34,
    36,
    39,
    41,
    44,
    82,
    88,
    89,
    91,
    94,
    96,
    97,
    99,
    100,
    108,
    109,
    113,
    115,
    127
  ],
  "criteria": {
    "target_half_fwhm_over_mean": 0.01,
    "target_half66_over_full_scale": 0.01,
    "gaussian_central_targets": {
      "33": 0.33,
      "66": 0.66,
      "99": 0.99
    }
  },
  "low": {
    "mu": 1.0029571056365967,
    "sigma": 0.02694672904908657,
    "snr": 37.219994449404034,
    "half_fwhm": 0.03172734885598642,
    "half_fwhm_over_mean": 0.031633804354821785,
    "half_66": 0.0257116325445836,
    "half_66_over_full_scale": 0.0257116325445836,
    "cov33": 0.35860655737704916,
    "cov66": 0.7161885245901639,
    "cov99": 0.9918032786885246
  },
  "high": {
    "mu": 1.0015277862548828,
    "sigma": 0.02507970668375492,
    "snr": 39.9337918454848,
    "half_fwhm": 0.02952909801081328,
    "half_fwhm_over_mean": 0.02948405268038994,
    "half_66": 0.023930184676737316,
    "half_66_over_full_scale": 0.023930184676737316,
    "cov33": 0.3703893442622951,
    "cov66": 0.7192622950819673,
    "cov99": 0.9933401639344263
  },
  "pass": {
    "half_fwhm_over_mean": false,
    "half66_over_full_scale": false
  },
  "estimated_beam_factor_to_meet_half_fwhm": 10.006975779591416
}
