{
  "sample_dir": "/home/yyb/workspace/XRay-all/XRay-detectionCode/data/raw/batch_PbS_1M/sample_00238_waste",
  "blank_columns": [
    5,
    6,
    8,
    9,
    11,
    12,
    15,
    16,
    19,
    20,
    22,
    24,
    31,
    37,
    42,
    87,
    89,
    94,
    95,
    96,
    97,
    102,
    103,
    104,
    105,
    109,
    114,
    115,
    117,
    118,
    123,
    125
  ],
  "criteria": {
    "target_half_fwhm_over_mean": 0.01,
    "target_half66_over_full_scale": 0.01,
    "gaussian_central_targets": {
      "33": 0.33,
      "66": 0.66,
      "99": 0.99
    }
  },
  "low": {
    "mu": 1.00260329246521,
    "sigma": 0.02432764694094658,
    "snr": 41.21250587444603,
    "half_fwhm": 0.028643615332111967,
    "half_fwhm_over_mean": 0.028569241241650813,
    "half_66": 0.023212595401859534,
    "half_66_over_full_scale": 0.023212595401859534,
    "cov33": 0.32838114754098363,
    "cov66": 0.6726434426229508,
    "cov99": 0.9887295081967213
  },
  "high": {
    "mu": 1.002785086631775,
    "sigma": 0.022314395755529404,
    "snr": 44.93893079687311,
    "half_fwhm": 0.02627319320859178,
    "half_fwhm_over_mean": 0.026200223316882414,
    "half_66": 0.02129162107487908,
    "half_66_over_full_scale": 0.02129162107487908,
    "cov33": 0.32786885245901637,
    "cov66": 0.6593237704918032,
    "cov99": 0.9907786885245902
  },
  "pass": {
    "half_fwhm_over_mean": false,
    "half66_over_full_scale": false
  },
  "estimated_beam_factor_to_meet_half_fwhm": 8.162015451236416
}
