{
  "sample_dir": "/home/yyb/workspace/XRay-all/XRay-detectionCode/data/raw/batch_PbS_1M/sample_00069_waste",
  "blank_columns": [
    3,
    5,
    9,
    11,
    12,
    13,
    14,
    19,
    20,
    27,
    29,
    31,
    36,
    38,
    39,
    41,
    42,
    43,
    46,
    48,
    79,
    80,
    81,
    89,
    92,
    95,
    107,
    113,
    114,
    117,
    122,
    125
  ],
  "criteria": {
    "target_half_fwhm_over_mean": 0.01,
    "target_half66_over_full_scale": 0.01,
    "gaussian_central_targets": {
      "33": 0.33,
      "66": 0.66,
      "99": 0.99
    }
  },
  "low": {
    "mu": 1.0022908449172974,
    "sigma": 0.02390136942267418,
    "snr": 41.93445267476884,
    "half_fwhm": 0.028141711909731616,
    "half_fwhm_over_mean": 0.02807739096135682,
    "half_66": 0.02280585620572662,
    "half_66_over_full_scale": 0.02280585620572662,
    "cov33": 0.32735655737704916,
    "cov66": 0.6465163934426229,
    "cov99": 0.9902663934426229
  },
  "high": {
    "mu": 1.0027059316635132,
    "sigma": 0.022338440641760826,
    "snr": 44.88701551481594,
    "half_fwhm": 0.026301503898630528,
    "half_fwhm_over_mean": 0.02623052588807937,
    "half_66": 0.021314563869836954,
    "half_66_over_full_scale": 0.021314563869836954,
    "cov33": 0.3360655737704918,
    "cov66": 0.6598360655737705,
    "cov99": 0.9907786885245902
  },
  "pass": {
    "half_fwhm_over_mean": false,
    "half66_over_full_scale": false
  },
  "estimated_beam_factor_to_meet_half_fwhm": 7.883398831968815
}
