{
  "sample_dir": "/home/yyb/workspace/XRay-all/XRay-detectionCode/data/raw/batch_PbS_1M/sample_00291_ore",
  "blank_columns": [
    4,
    8,
    13,
    15,
    19,
    20,
    23,
    31,
    33,
    36,
    38,
    39,
    44,
    81,
    82,
    84,
    85,
    88,
    89,
    90,
    91,
    92,
    95,
    96,
    97,
    99,
    109,
    114,
    115,
    117,
    122,
    127
  ],
  "criteria": {
    "target_half_fwhm_over_mean": 0.01,
    "target_half66_over_full_scale": 0.01,
    "gaussian_central_targets": {
      "33": 0.33,
      "66": 0.66,
      "99": 0.99
    }
  },
  "low": {
    "mu": 1.0035276412963867,
    "sigma": 0.023650607094168663,
    "snr": 42.43136919490825,
    "half_fwhm": 0.027846461830883785,
    "half_fwhm_over_mean": 0.027748574812459476,
    "half_66": 0.02256658750506862,
    "half_66_over_full_scale": 0.02256658750506862,
    "cov33": 0.3319672131147541,
    "cov66": 0.6567622950819673,
    "cov99": 0.9897540983606558
  },
  "high": {
    "mu": 1.0028449296951294,
    "sigma": 0.02238054946064949,
    "snr": 44.80877162816657,
    "half_fwhm": 0.02635108324402568,
    "half_fwhm_over_mean": 0.02627632893555792,
    "half_66": 0.021354742641671545,
    "half_66_over_full_scale": 0.021354742641671545,
    "cov33": 0.33094262295081966,
    "cov66": 0.649077868852459,
    "cov99": 0.9918032786885246
  },
  "pass": {
    "half_fwhm_over_mean": false,
    "half66_over_full_scale": false
  },
  "estimated_beam_factor_to_meet_half_fwhm": 7.6998340412266035
}
