{
  "sample_dir": "/home/yyb/workspace/XRay-all/XRay-detectionCode/data/raw/batch_PbS_1M/sample_00068_ore",
  "blank_columns": [
    3,
    5,
    7,
    10,
    11,
    13,
    16,
    17,
    20,
    23,
    24,
    29,
    33,
    34,
    84,
    89,
    91,
    92,
    94,
    96,
    98,
    99,
    104,
    106,
    107,
    109,
    114,
    116,
    117,
    118,
    125,
    126
  ],
  "criteria": {
    "target_half_fwhm_over_mean": 0.01,
    "target_half66_over_full_scale": 0.01,
    "gaussian_central_targets": {
      "33": 0.33,
      "66": 0.66,
      "99": 0.99
    }
  },
  "low": {
    "mu": 1.0023854970932007,
    "sigma": 0.025286560878157616,
    "snr": 39.64103706799668,
    "half_fwhm": 0.029772650212499176,
    "half_fwhm_over_mean": 0.029701796662896997,
    "half_66": 0.024127557761503916,
    "half_66_over_full_scale": 0.024127557761503916,
    "cov33": 0.35040983606557374,
    "cov66": 0.670594262295082,
    "cov99": 0.9923155737704918
  },
  "high": {
    "mu": 1.001248836517334,
    "sigma": 0.025998273864388466,
    "snr": 38.51212744892306,
    "half_fwhm": 0.030610628215630785,
    "half_fwhm_over_mean": 0.030572448225862026,
    "half_66": 0.02480664956317831,
    "half_66_over_full_scale": 0.02480664956317831,
    "cov33": 0.3785860655737705,
    "cov66": 0.7207991803278688,
    "cov99": 0.9943647540983607
  },
  "pass": {
    "half_fwhm_over_mean": false,
    "half66_over_full_scale": false
  },
  "estimated_beam_factor_to_meet_half_fwhm": 9.346745905230142
}
