{
  "sample_dir": "/home/yyb/workspace/XRay-all/XRay-detectionCode/data/raw/batch_PbS_1M/sample_00200_ore",
  "blank_columns": [
    0,
    3,
    12,
    13,
    15,
    16,
    19,
    20,
    22,
    25,
    27,
    31,
    37,
    38,
    39,
    82,
    89,
    90,
    95,
    96,
    97,
    98,
    99,
    100,
    105,
    111,
    116,
    119,
    121,
    123,
    125,
    127
  ],
  "criteria": {
    "target_half_fwhm_over_mean": 0.01,
    "target_half66_over_full_scale": 0.01,
    "gaussian_central_targets": {
      "33": 0.33,
      "66": 0.66,
      "99": 0.99
    }
  },
  "low": {
    "mu": 1.0025943517684937,
    "sigma": 0.02460944466292858,
    "snr": 40.74022658783486,
    "half_fwhm": 0.028975406794291243,
    "half_fwhm_over_mean": 0.028900428915424287,
    "half_66": 0.023481476996590513,
    "half_66_over_full_scale": 0.023481476996590513,
    "cov33": 0.32172131147540983,
    "cov66": 0.6608606557377049,
    "cov99": 0.9938524590163934
  },
  "high": {
    "mu": 1.0019158124923706,
    "sigma": 0.022969180718064308,
    "snr": 43.6200065117867,
    "half_fwhm": 0.027044143586062663,
    "half_fwhm_over_mean": 0.026992431149267443,
    "half_66": 0.021916394134412518,
    "half_66_over_full_scale": 0.021916394134412518,
    "cov33": 0.33760245901639346,
    "cov66": 0.673155737704918,
    "cov99": 0.9882172131147541
  },
  "pass": {
    "half_fwhm_over_mean": false,
    "half66_over_full_scale": false
  },
  "estimated_beam_factor_to_meet_half_fwhm": 8.35234791495492
}
