{
  "sample_dir": "/home/yyb/workspace/XRay-all/XRay-detectionCode/data/raw/batch_PbS_1M/sample_00123_waste",
  "blank_columns": [
    3,
    8,
    9,
    10,
    11,
    12,
    18,
    19,
    20,
    23,
    29,
    31,
    36,
    38,
    89,
    91,
    95,
    96,
    97,
    99,
    100,
    105,
    106,
    107,
    108,
    109,
    111,
    113,
    114,
    115,
    116,
    121
  ],
  "criteria": {
    "target_half_fwhm_over_mean": 0.01,
    "target_half66_over_full_scale": 0.01,
    "gaussian_central_targets": {
      "33": 0.33,
      "66": 0.66,
      "99": 0.99
    }
  },
  "low": {
    "mu": 1.0024868249893188,
    "sigma": 0.025736801326274872,
    "snr": 38.951492544874775,
    "half_fwhm": 0.030302767828647326,
    "half_fwhm_over_mean": 0.03022759708484966,
    "half_66": 0.024557161552658375,
    "half_66_over_full_scale": 0.024557161552658375,
    "cov33": 0.3237704918032787,
    "cov66": 0.6644467213114754,
    "cov99": 0.9902663934426229
  },
  "high": {
    "mu": 1.0025360584259033,
    "sigma": 0.022643890231847763,
    "snr": 44.274020416150705,
    "half_fwhm": 0.026661143307367404,
    "half_fwhm_over_mean": 0.026593700130076576,
    "half_66": 0.021606013255285657,
    "half_66_over_full_scale": 0.021606013255285657,
    "cov33": 0.32325819672131145,
    "cov66": 0.6613729508196722,
    "cov99": 0.9877049180327869
  },
  "pass": {
    "half_fwhm_over_mean": false,
    "half66_over_full_scale": false
  },
  "estimated_beam_factor_to_meet_half_fwhm": 9.137076255240117
}
