{
  "sample_dir": "/home/yyb/workspace/XRay-all/XRay-detectionCode/data/raw/batch_PbS_1M/sample_00006_waste",
  "blank_columns": [
    0,
    2,
    3,
    4,
    6,
    8,
    9,
    10,
    11,
    19,
    23,
    29,
    31,
    86,
    89,
    95,
    96,
    97,
    99,
    100,
    103,
    107,
    109,
    116,
    117,
    118,
    119,
    121,
    122,
    123,
    124,
    127
  ],
  "criteria": {
    "target_half_fwhm_over_mean": 0.01,
    "target_half66_over_full_scale": 0.01,
    "gaussian_central_targets": {
      "33": 0.33,
      "66": 0.66,
      "99": 0.99
    }
  },
  "low": {
    "mu": 1.0022319555282593,
    "sigma": 0.023571046069264412,
    "snr": 42.51962142805044,
    "half_fwhm": 0.027752785882761147,
    "half_fwhm_over_mean": 0.02769098084498127,
    "half_66": 0.02249067313960029,
    "half_66_over_full_scale": 0.02249067313960029,
    "cov33": 0.3452868852459016,
    "cov66": 0.6664959016393442,
    "cov99": 0.9866803278688525
  },
  "high": {
    "mu": 1.0021109580993652,
    "sigma": 0.022463282570242882,
    "snr": 44.61106496638483,
    "half_fwhm": 0.026448494036453527,
    "half_fwhm_over_mean": 0.026392779983782,
    "half_66": 0.021433683700130296,
    "half_66_over_full_scale": 0.021433683700130296,
    "cov33": 0.32223360655737704,
    "cov66": 0.6618852459016393,
    "cov99": 0.9882172131147541
  },
  "pass": {
    "half_fwhm_over_mean": false,
    "half66_over_full_scale": false
  },
  "estimated_beam_factor_to_meet_half_fwhm": 7.6679042015711945
}
