{
  "sample_dir": "/home/yyb/workspace/XRay-all/XRay-detectionCode/data/raw/batch_PbS_1M/sample_00197_ore",
  "blank_columns": [
    0,
    2,
    5,
    6,
    8,
    9,
    10,
    11,
    13,
    15,
    16,
    18,
    19,
    22,
    26,
    29,
    31,
    34,
    36,
    97,
    99,
    102,
    105,
    106,
    107,
    108,
    111,
    113,
    114,
    117,
    121,
    123
  ],
  "criteria": {
    "target_half_fwhm_over_mean": 0.01,
    "target_half66_over_full_scale": 0.01,
    "gaussian_central_targets": {
      "33": 0.33,
      "66": 0.66,
      "99": 0.99
    }
  },
  "low": {
    "mu": 1.0002878904342651,
    "sigma": 0.04132690280675888,
    "snr": 24.20427911357227,
    "half_fwhm": 0.04865870956356128,
    "half_fwhm_over_mean": 0.0486447052182513,
    "half_66": 0.039432694678359255,
    "half_66_over_full_scale": 0.039432694678359255,
    "cov33": 0.5286885245901639,
    "cov66": 0.8913934426229508,
    "cov99": 0.9953893442622951
  },
  "high": {
    "mu": 0.9990525841712952,
    "sigma": 0.04221910238265991,
    "snr": 23.663520250056823,
    "half_fwhm": 0.04970919428629741,
    "half_fwhm_over_mean": 0.04975633422492042,
    "half_66": 0.0402840005125558,
    "half_66_over_full_scale": 0.0402840005125558,
    "cov33": 0.5512295081967213,
    "cov66": 0.9129098360655737,
    "cov99": 0.9938524590163934
  },
  "pass": {
    "half_fwhm_over_mean": false,
    "half66_over_full_scale": false
  },
  "estimated_beam_factor_to_meet_half_fwhm": 24.756927955019876
}
