{
  "sample_dir": "/home/yyb/workspace/XRay-all/XRay-detectionCode/data/raw/batch_PbS_1M/sample_00045_ore",
  "blank_columns": [
    4,
    5,
    6,
    8,
    9,
    13,
    15,
    16,
    19,
    20,
    31,
    37,
    39,
    41,
    44,
    82,
    89,
    92,
    94,
    95,
    96,
    97,
    99,
    103,
    104,
    107,
    111,
    113,
    114,
    116,
    117,
    123
  ],
  "criteria": {
    "target_half_fwhm_over_mean": 0.01,
    "target_half66_over_full_scale": 0.01,
    "gaussian_central_targets": {
      "33": 0.33,
      "66": 0.66,
      "99": 0.99
    }
  },
  "low": {
    "mu": 1.0023529529571533,
    "sigma": 0.024807531386613846,
    "snr": 40.40518733347339,
    "half_fwhm": 0.02920863608808246,
    "half_fwhm_over_mean": 0.029140070872152174,
    "half_66": 0.023670484465440563,
    "half_66_over_full_scale": 0.023670484465440563,
    "cov33": 0.33094262295081966,
    "cov66": 0.6531762295081968,
    "cov99": 0.9897540983606558
  },
  "high": {
    "mu": 1.0024367570877075,
    "sigma": 0.022103983908891678,
    "snr": 45.350953982755186,
    "half_fwhm": 0.026025452191507786,
    "half_fwhm_over_mean": 0.025962188644316347,
    "half_66": 0.021090853401967036,
    "half_66_over_full_scale": 0.021090853401967036,
    "cov33": 0.32172131147540983,
    "cov66": 0.6654713114754098,
    "cov99": 0.9918032786885246
  },
  "pass": {
    "half_fwhm_over_mean": false,
    "half66_over_full_scale": false
  },
  "estimated_beam_factor_to_meet_half_fwhm": 8.491437304340517
}
