{
  "sample_dir": "/home/yyb/workspace/XRay-all/XRay-detectionCode/data/raw/batch_PbS_1M/sample_00078_ore",
  "blank_columns": [
    2,
    3,
    5,
    6,
    10,
    12,
    19,
    20,
    22,
    23,
    29,
    31,
    37,
    40,
    41,
    85,
    87,
    89,
    90,
    91,
    93,
    94,
    95,
    96,
    99,
    106,
    107,
    111,
    113,
    117,
    125,
    127
  ],
  "criteria": {
    "target_half_fwhm_over_mean": 0.01,
    "target_half66_over_full_scale": 0.01,
    "gaussian_central_targets": {
      "33": 0.33,
      "66": 0.66,
      "99": 0.99
    }
  },
  "low": {
    "mu": 1.0024135112762451,
    "sigma": 0.02393302693963051,
    "snr": 41.88410909346183,
    "half_fwhm": 0.02817898578748346,
    "half_fwhm_over_mean": 0.0281111392359494,
    "half_66": 0.022836062708407233,
    "half_66_over_full_scale": 0.022836062708407233,
    "cov33": 0.33709016393442626,
    "cov66": 0.6516393442622951,
    "cov99": 0.9871926229508197
  },
  "high": {
    "mu": 1.0018998384475708,
    "sigma": 0.022641485556960106,
    "snr": 44.25062286337399,
    "half_fwhm": 0.02665831201905382,
    "half_fwhm_over_mean": 0.026607761570618164,
    "half_66": 0.021603718798062742,
    "half_66_over_full_scale": 0.021603718798062742,
    "cov33": 0.33094262295081966,
    "cov66": 0.6695696721311475,
    "cov99": 0.9902663934426229
  },
  "pass": {
    "half_fwhm_over_mean": false,
    "half66_over_full_scale": false
  },
  "estimated_beam_factor_to_meet_half_fwhm": 7.902361491429337
}
