{
  "sample_dir": "/home/yyb/workspace/XRay-all/XRay-detectionCode/data/raw/batch_PbS_1M/sample_00034_waste",
  "blank_columns": [
    4,
    8,
    11,
    12,
    13,
    15,
    16,
    18,
    19,
    20,
    23,
    29,
    31,
    33,
    34,
    35,
    36,
    92,
    95,
    96,
    97,
    99,
    100,
    105,
    108,
    111,
    117,
    118,
    121,
    123,
    125,
    127
  ],
  "criteria": {
    "target_half_fwhm_over_mean": 0.01,
    "target_half66_over_full_scale": 0.01,
    "gaussian_central_targets": {
      "33": 0.33,
      "66": 0.66,
      "99": 0.99
    }
  },
  "low": {
    "mu": 1.001863956451416,
    "sigma": 0.024855373427271843,
    "snr": 40.307741075905525,
    "half_fwhm": 0.02926496578625004,
    "half_fwhm_over_mean": 0.02921051865156026,
    "half_66": 0.02371613367827603,
    "half_66_over_full_scale": 0.02371613367827603,
    "cov33": 0.33145491803278687,
    "cov66": 0.6664959016393442,
    "cov99": 0.9907786885245902
  },
  "high": {
    "mu": 1.0031434297561646,
    "sigma": 0.022293834015727043,
    "snr": 44.99645189107012,
    "half_fwhm": 0.02624898361006844,
    "half_fwhm_over_mean": 0.026166730331323426,
    "half_66": 0.021272001777215433,
    "half_66_over_full_scale": 0.021272001777215433,
    "cov33": 0.33452868852459017,
    "cov66": 0.6577868852459017,
    "cov99": 0.9902663934426229
  },
  "pass": {
    "half_fwhm_over_mean": false,
    "half66_over_full_scale": false
  },
  "estimated_beam_factor_to_meet_half_fwhm": 8.532543998931496
}
