{
  "sample_dir": "/home/yyb/workspace/XRay-all/XRay-detectionCode/data/raw/batch_PbS_1M/sample_00096_ore",
  "blank_columns": [
    3,
    5,
    6,
    11,
    12,
    13,
    15,
    16,
    19,
    20,
    22,
    23,
    24,
    29,
    95,
    96,
    97,
    98,
    99,
    102,
    103,
    104,
    106,
    109,
    114,
    115,
    118,
    121,
    122,
    123,
    125,
    127
  ],
  "criteria": {
    "target_half_fwhm_over_mean": 0.01,
    "target_half66_over_full_scale": 0.01,
    "gaussian_central_targets": {
      "33": 0.33,
      "66": 0.66,
      "99": 0.99
    }
  },
  "low": {
    "mu": 1.0022660493850708,
    "sigma": 0.02402622625231743,
    "snr": 41.71550033948415,
    "half_fwhm": 0.028288719592331153,
    "half_fwhm_over_mean": 0.028224760890271983,
    "half_66": 0.0229249902541902,
    "half_66_over_full_scale": 0.0229249902541902,
    "cov33": 0.32325819672131145,
    "cov66": 0.6526639344262295,
    "cov99": 0.9892418032786885
  },
  "high": {
    "mu": 1.0016359090805054,
    "sigma": 0.022530239075422287,
    "snr": 44.45740259246369,
    "half_fwhm": 0.026527329296723332,
    "half_fwhm_over_mean": 0.02648400387429723,
    "half_66": 0.021497571270844586,
    "half_66_over_full_scale": 0.021497571270844586,
    "cov33": 0.33043032786885246,
    "cov66": 0.6716188524590164,
    "cov99": 0.9887295081967213
  },
  "pass": {
    "half_fwhm_over_mean": false,
    "half66_over_full_scale": false
  },
  "estimated_beam_factor_to_meet_half_fwhm": 7.966371273130267
}
