{
  "sample_dir": "/home/yyb/workspace/XRay-all/XRay-detectionCode/data/raw/batch_PbS_1M/sample_00201_waste",
  "blank_columns": [
    2,
    9,
    10,
    11,
    12,
    13,
    16,
    18,
    19,
    21,
    31,
    36,
    37,
    41,
    42,
    44,
    89,
    92,
    95,
    96,
    97,
    99,
    103,
    106,
    107,
    111,
    113,
    114,
    119,
    121,
    122,
    123
  ],
  "criteria": {
    "target_half_fwhm_over_mean": 0.01,
    "target_half66_over_full_scale": 0.01,
    "gaussian_central_targets": {
      "33": 0.33,
      "66": 0.66,
      "99": 0.99
    }
  },
  "low": {
    "mu": 1.002474308013916,
    "sigma": 0.0239447932690382,
    "snr": 41.86606652854944,
    "half_fwhm": 0.028192839581656113,
    "half_fwhm_over_mean": 0.028123253988933897,
    "half_66": 0.022847289731085126,
    "half_66_over_full_scale": 0.022847289731085126,
    "cov33": 0.3417008196721312,
    "cov66": 0.6695696721311475,
    "cov99": 0.9882172131147541
  },
  "high": {
    "mu": 1.0022213459014893,
    "sigma": 0.022808948531746864,
    "snr": 43.939831093333275,
    "half_fwhm": 0.026855484603965415,
    "half_fwhm_over_mean": 0.026795961504700483,
    "half_66": 0.021763506149792767,
    "half_66_over_full_scale": 0.021763506149792767,
    "cov33": 0.32581967213114754,
    "cov66": 0.6618852459016393,
    "cov99": 0.9912909836065574
  },
  "pass": {
    "half_fwhm_over_mean": false,
    "half66_over_full_scale": false
  },
  "estimated_beam_factor_to_meet_half_fwhm": 7.909174149260864
}
