{
  "sample_dir": "/home/yyb/workspace/XRay-all/XRay-detectionCode/data/raw/batch_PbS_1M/sample_00042_waste",
  "blank_columns": [
    3,
    4,
    5,
    6,
    11,
    12,
    13,
    14,
    16,
    17,
    19,
    23,
    24,
    34,
    35,
    40,
    89,
    91,
    95,
    96,
    97,
    98,
    99,
    103,
    106,
    107,
    108,
    109,
    115,
    116,
    121,
    127
  ],
  "criteria": {
    "target_half_fwhm_over_mean": 0.01,
    "target_half66_over_full_scale": 0.01,
    "gaussian_central_targets": {
      "33": 0.33,
      "66": 0.66,
      "99": 0.99
    }
  },
  "low": {
    "mu": 1.0019654035568237,
    "sigma": 0.02461666241288185,
    "snr": 40.702731619396836,
    "half_fwhm": 0.028983905045426122,
    "half_fwhm_over_mean": 0.028927051715096845,
    "half_66": 0.02348836392280182,
    "half_66_over_full_scale": 0.02348836392280182,
    "cov33": 0.3176229508196721,
    "cov66": 0.670594262295082,
    "cov99": 0.9907786885245902
  },
  "high": {
    "mu": 1.0019406080245972,
    "sigma": 0.022448880597949028,
    "snr": 44.63209662739871,
    "half_fwhm": 0.026431537009930978,
    "half_fwhm_over_mean": 0.026380343104410932,
    "half_66": 0.021419941838590726,
    "half_66_over_full_scale": 0.021419941838590726,
    "cov33": 0.31813524590163933,
    "cov66": 0.6542008196721312,
    "cov99": 0.9902663934426229
  },
  "pass": {
    "half_fwhm_over_mean": false,
    "half66_over_full_scale": false
  },
  "estimated_beam_factor_to_meet_half_fwhm": 8.367743209278874
}
