{
  "sample_dir": "/home/yyb/workspace/XRay-all/XRay-detectionCode/data/raw/batch_PbS_1M/sample_00015_ore",
  "blank_columns": [
    0,
    3,
    4,
    5,
    6,
    8,
    10,
    11,
    12,
    13,
    16,
    18,
    19,
    22,
    26,
    29,
    31,
    96,
    98,
    102,
    104,
    107,
    108,
    109,
    112,
    114,
    115,
    116,
    117,
    118,
    122,
    125
  ],
  "criteria": {
    "target_half_fwhm_over_mean": 0.01,
    "target_half66_over_full_scale": 0.01,
    "gaussian_central_targets": {
      "33": 0.33,
      "66": 0.66,
      "99": 0.99
    }
  },
  "low": {
    "mu": 1.0005395412445068,
    "sigma": 0.033806491643190384,
    "snr": 29.59607733936641,
    "half_fwhm": 0.03980410208625485,
    "half_fwhm_over_mean": 0.039782637712393744,
    "half_66": 0.032256979656709456,
    "half_66_over_full_scale": 0.032256979656709456,
    "cov33": 0.4390368852459016,
    "cov66": 0.8119877049180327,
    "cov99": 0.9938524590163934
  },
  "high": {
    "mu": 0.9990178942680359,
    "sigma": 0.034079357981681824,
    "snr": 29.314457590575014,
    "half_fwhm": 0.04012537764799755,
    "half_fwhm_over_mean": 0.04016482375162735,
    "half_66": 0.03251733923565122,
    "half_66_over_full_scale": 0.03251733923565122,
    "cov33": 0.4738729508196721,
    "cov66": 0.836577868852459,
    "cov99": 0.9912909836065574
  },
  "pass": {
    "half_fwhm_over_mean": false,
    "half66_over_full_scale": false
  },
  "estimated_beam_factor_to_meet_half_fwhm": 16.13213066999289
}
