{
  "sample_dir": "/home/yyb/workspace/XRay-all/XRay-detectionCode/data/raw/batch_PbS_1M/sample_00231_ore",
  "blank_columns": [
    8,
    11,
    16,
    17,
    19,
    20,
    23,
    29,
    31,
    34,
    36,
    40,
    86,
    89,
    91,
    92,
    93,
    97,
    99,
    102,
    104,
    105,
    107,
    111,
    114,
    115,
    116,
    120,
    121,
    123,
    125,
    127
  ],
  "criteria": {
    "target_half_fwhm_over_mean": 0.01,
    "target_half66_over_full_scale": 0.01,
    "gaussian_central_targets": {
      "33": 0.33,
      "66": 0.66,
      "99": 0.99
    }
  },
  "low": {
    "mu": 1.00226628780365,
    "sigma": 0.024955706670880318,
    "snr": 40.161807518484295,
    "half_fwhm": 0.029383099152864592,
    "half_fwhm_over_mean": 0.029316659165753482,
    "half_66": 0.02381186817306269,
    "half_66_over_full_scale": 0.02381186817306269,
    "cov33": 0.33350409836065575,
    "cov66": 0.6670081967213115,
    "cov99": 0.9912909836065574
  },
  "high": {
    "mu": 1.0028443336486816,
    "sigma": 0.02189205028116703,
    "snr": 45.80860726925124,
    "half_fwhm": 0.025775919414120003,
    "half_fwhm_over_mean": 0.025702812040966142,
    "half_66": 0.020888633698418955,
    "half_66_over_full_scale": 0.020888633698418955,
    "cov33": 0.3324795081967213,
    "cov66": 0.6582991803278688,
    "cov99": 0.9918032786885246
  },
  "pass": {
    "half_fwhm_over_mean": false,
    "half66_over_full_scale": false
  },
  "estimated_beam_factor_to_meet_half_fwhm": 8.594665046409578
}
