{
  "sample_dir": "/home/yyb/workspace/XRay-all/XRay-detectionCode/data/raw/batch_PbS_1M/sample_00206_waste",
  "blank_columns": [
    4,
    5,
    6,
    8,
    12,
    19,
    20,
    29,
    31,
    34,
    36,
    37,
    41,
    81,
    87,
    89,
    90,
    91,
    92,
    93,
    95,
    96,
    97,
    100,
    105,
    107,
    111,
    116,
    117,
    121,
    125,
    126
  ],
  "criteria": {
    "target_half_fwhm_over_mean": 0.01,
    "target_half66_over_full_scale": 0.01,
    "gaussian_central_targets": {
      "33": 0.33,
      "66": 0.66,
      "99": 0.99
    }
  },
  "low": {
    "mu": 1.0030468702316284,
    "sigma": 0.02565447799861431,
    "snr": 39.09831532279887,
    "half_fwhm": 0.030205839517574228,
    "half_fwhm_over_mean": 0.030114085805979286,
    "half_66": 0.024478611493881298,
    "half_66_over_full_scale": 0.024478611493881298,
    "cov33": 0.3155737704918033,
    "cov66": 0.6685450819672131,
    "cov99": 0.9923155737704918
  },
  "high": {
    "mu": 1.001818299293518,
    "sigma": 0.023666994646191597,
    "snr": 42.329764056237146,
    "half_fwhm": 0.027865756698879827,
    "half_fwhm_over_mean": 0.027815180376052972,
    "half_66": 0.022582223937793033,
    "half_66_over_full_scale": 0.022582223937793033,
    "cov33": 0.36065573770491804,
    "cov66": 0.6839139344262295,
    "cov99": 0.9907786885245902
  },
  "pass": {
    "half_fwhm_over_mean": false,
    "half66_over_full_scale": false
  },
  "estimated_beam_factor_to_meet_half_fwhm": 9.068581639298833
}
