{
  "sample_dir": "/home/yyb/workspace/XRay-all/XRay-detectionCode/data/raw/batch_PbS_1M/sample_00300_ore",
  "blank_columns": [
    3,
    4,
    6,
    8,
    10,
    11,
    12,
    13,
    15,
    17,
    19,
    20,
    22,
    26,
    27,
    29,
    89,
    92,
    97,
    99,
    104,
    107,
    113,
    116,
    117,
    118,
    120,
    121,
    122,
    123,
    125,
    127
  ],
  "criteria": {
    "target_half_fwhm_over_mean": 0.01,
    "target_half66_over_full_scale": 0.01,
    "gaussian_central_targets": {
      "33": 0.33,
      "66": 0.66,
      "99": 0.99
    }
  },
  "low": {
    "mu": 1.0021250247955322,
    "sigma": 0.026470083743333817,
    "snr": 37.858778027021,
    "half_fwhm": 0.03116614189581555,
    "half_fwhm_over_mean": 0.03110005351096238,
    "half_66": 0.025256834155759075,
    "half_66_over_full_scale": 0.025256834155759075,
    "cov33": 0.36526639344262296,
    "cov66": 0.6977459016393442,
    "cov99": 0.9923155737704918
  },
  "high": {
    "mu": 1.0001916885375977,
    "sigma": 0.02687258832156658,
    "snr": 37.21977490850386,
    "half_fwhm": 0.031640054820328944,
    "half_fwhm_over_mean": 0.03163399094686596,
    "half_66": 0.025640890038541045,
    "half_66_over_full_scale": 0.025640890038541045,
    "cov33": 0.39190573770491804,
    "cov66": 0.7464139344262295,
    "cov99": 0.9953893442622951
  },
  "pass": {
    "half_fwhm_over_mean": false,
    "half66_over_full_scale": false
  },
  "estimated_beam_factor_to_meet_half_fwhm": 10.007093832263974
}
