{
  "sample_dir": "/home/yyb/workspace/XRay-all/XRay-detectionCode/data/raw/batch_PbS_1M/sample_00276_waste",
  "blank_columns": [
    3,
    7,
    8,
    9,
    10,
    12,
    15,
    17,
    18,
    19,
    21,
    29,
    31,
    34,
    36,
    37,
    91,
    92,
    93,
    97,
    99,
    103,
    104,
    105,
    109,
    113,
    114,
    117,
    121,
    122,
    123,
    125
  ],
  "criteria": {
    "target_half_fwhm_over_mean": 0.01,
    "target_half66_over_full_scale": 0.01,
    "gaussian_central_targets": {
      "33": 0.33,
      "66": 0.66,
      "99": 0.99
    }
  },
  "low": {
    "mu": 1.001163363456726,
    "sigma": 0.024033816531300545,
    "snr": 41.65644529044551,
    "half_fwhm": 0.028297656462879444,
    "half_fwhm_over_mean": 0.028264774257395778,
    "half_66": 0.022932232634657577,
    "half_66_over_full_scale": 0.022932232634657577,
    "cov33": 0.32633196721311475,
    "cov66": 0.6644467213114754,
    "cov99": 0.9918032786885246
  },
  "high": {
    "mu": 1.00295090675354,
    "sigma": 0.022425232455134392,
    "snr": 44.72421450970995,
    "half_fwhm": 0.026403693449567514,
    "half_fwhm_over_mean": 0.026326007855193876,
    "half_66": 0.02139737760241556,
    "half_66_over_full_scale": 0.02139737760241556,
    "cov33": 0.3130122950819672,
    "cov66": 0.6690573770491803,
    "cov99": 0.9887295081967213
  },
  "pass": {
    "half_fwhm_over_mean": false,
    "half66_over_full_scale": false
  },
  "estimated_beam_factor_to_meet_half_fwhm": 7.988974638215429
}
