{
  "sample_dir": "/home/yyb/workspace/XRay-all/XRay-detectionCode/data/raw/batch_PbS_1M/sample_00211_ore",
  "blank_columns": [
    3,
    8,
    10,
    11,
    12,
    13,
    15,
    16,
    20,
    22,
    29,
    31,
    34,
    89,
    91,
    92,
    93,
    94,
    95,
    96,
    100,
    103,
    105,
    107,
    108,
    109,
    114,
    116,
    117,
    121,
    122,
    125
  ],
  "criteria": {
    "target_half_fwhm_over_mean": 0.01,
    "target_half66_over_full_scale": 0.01,
    "gaussian_central_targets": {
      "33": 0.33,
      "66": 0.66,
      "99": 0.99
    }
  },
  "low": {
    "mu": 1.0025185346603394,
    "sigma": 0.024097532033920288,
    "snr": 41.60253976420362,
    "half_fwhm": 0.028372675734252555,
    "half_fwhm_over_mean": 0.02830139768325124,
    "half_66": 0.02299302775334408,
    "half_66_over_full_scale": 0.02299302775334408,
    "cov33": 0.319672131147541,
    "cov66": 0.6434426229508197,
    "cov99": 0.9918032786885246
  },
  "high": {
    "mu": 1.0003440380096436,
    "sigma": 0.02185201458632946,
    "snr": 45.778115059261175,
    "half_fwhm": 0.025728780985760497,
    "half_fwhm_over_mean": 0.025719932351426146,
    "half_66": 0.02085043302951938,
    "half_66_over_full_scale": 0.02085043302951938,
    "cov33": 0.3355532786885246,
    "cov66": 0.6762295081967213,
    "cov99": 0.9861680327868853
  },
  "pass": {
    "half_fwhm_over_mean": false,
    "half66_over_full_scale": false
  },
  "estimated_beam_factor_to_meet_half_fwhm": 8.009691108255387
}
