{
  "sample_dir": "/home/yyb/workspace/XRay-all/XRay-detectionCode/data/raw/batch_PbS_1M/sample_00009_ore",
  "blank_columns": [
    6,
    9,
    10,
    16,
    19,
    20,
    29,
    31,
    32,
    34,
    36,
    37,
    42,
    86,
    87,
    89,
    91,
    92,
    95,
    96,
    98,
    99,
    100,
    101,
    107,
    109,
    111,
    116,
    118,
    124,
    125,
    127
  ],
  "criteria": {
    "target_half_fwhm_over_mean": 0.01,
    "target_half66_over_full_scale": 0.01,
    "gaussian_central_targets": {
      "33": 0.33,
      "66": 0.66,
      "99": 0.99
    }
  },
  "low": {
    "mu": 1.002158522605896,
    "sigma": 0.02457299269735813,
    "snr": 40.78292517922081,
    "half_fwhm": 0.02893248788468877,
    "half_fwhm_over_mean": 0.02887017096801822,
    "half_66": 0.023446695797634306,
    "half_66_over_full_scale": 0.023446695797634306,
    "cov33": 0.32581967213114754,
    "cov66": 0.6577868852459017,
    "cov99": 0.9907786885245902
  },
  "high": {
    "mu": 1.0024940967559814,
    "sigma": 0.02232208102941513,
    "snr": 44.91042279771924,
    "half_fwhm": 0.02628224192709049,
    "half_fwhm_over_mean": 0.026216854555192345,
    "half_66": 0.021298954096181752,
    "half_66_over_full_scale": 0.021298954096181752,
    "cov33": 0.336577868852459,
    "cov66": 0.6572745901639344,
    "cov99": 0.9912909836065574
  },
  "pass": {
    "half_fwhm_over_mean": false,
    "half66_over_full_scale": false
  },
  "estimated_beam_factor_to_meet_half_fwhm": 8.334867717226022
}
