{
  "sample_dir": "/home/yyb/workspace/XRay-all/XRay-detectionCode/data/raw/batch_PbS_1M/sample_00012_ore",
  "blank_columns": [
    3,
    7,
    8,
    11,
    12,
    16,
    17,
    20,
    22,
    24,
    31,
    32,
    34,
    39,
    41,
    81,
    82,
    84,
    89,
    92,
    96,
    97,
    102,
    105,
    107,
    108,
    111,
    113,
    117,
    121,
    125,
    127
  ],
  "criteria": {
    "target_half_fwhm_over_mean": 0.01,
    "target_half66_over_full_scale": 0.01,
    "gaussian_central_targets": {
      "33": 0.33,
      "66": 0.66,
      "99": 0.99
    }
  },
  "low": {
    "mu": 1.000492811203003,
    "sigma": 0.032475899904966354,
    "snr": 30.80723903358266,
    "half_fwhm": 0.03823745003781418,
    "half_fwhm_over_mean": 0.03821861547594437,
    "half_66": 0.03098737525397269,
    "half_66_over_full_scale": 0.03098737525397269,
    "cov33": 0.4021516393442623,
    "cov66": 0.7761270491803278,
    "cov99": 0.992827868852459
  },
  "high": {
    "mu": 1.0018391609191895,
    "sigma": 0.03009301796555519,
    "snr": 33.2914153730246,
    "half_fwhm": 0.03543182095991724,
    "half_fwhm_over_mean": 0.03536677576808684,
    "half_66": 0.028713712105036943,
    "half_66_over_full_scale": 0.028713712105036943,
    "cov33": 0.4344262295081967,
    "cov66": 0.8078893442622951,
    "cov99": 0.992827868852459
  },
  "pass": {
    "half_fwhm_over_mean": false,
    "half66_over_full_scale": false
  },
  "estimated_beam_factor_to_meet_half_fwhm": 14.606625688980946
}
