{
  "sample_dir": "/home/yyb/workspace/XRay-all/XRay-detectionCode/data/raw/batch_PbS_1M/sample_00290_ore",
  "blank_columns": [
    5,
    8,
    9,
    10,
    11,
    12,
    16,
    19,
    26,
    29,
    31,
    32,
    36,
    38,
    39,
    40,
    41,
    89,
    91,
    92,
    94,
    96,
    97,
    99,
    107,
    108,
    109,
    111,
    116,
    121,
    122,
    123
  ],
  "criteria": {
    "target_half_fwhm_over_mean": 0.01,
    "target_half66_over_full_scale": 0.01,
    "gaussian_central_targets": {
      "33": 0.33,
      "66": 0.66,
      "99": 0.99
    }
  },
  "low": {
    "mu": 1.0018701553344727,
    "sigma": 0.024911684915423393,
    "snr": 40.21687648731427,
    "half_fwhm": 0.029331267496781565,
    "half_fwhm_over_mean": 0.029276515864462865,
    "half_66": 0.023769864143623195,
    "half_66_over_full_scale": 0.023769864143623195,
    "cov33": 0.3463114754098361,
    "cov66": 0.6859631147540983,
    "cov99": 0.9877049180327869
  },
  "high": {
    "mu": 1.002625584602356,
    "sigma": 0.022276002913713455,
    "snr": 45.00922308575943,
    "half_fwhm": 0.026227989091845424,
    "half_fwhm_over_mean": 0.02615930562179651,
    "half_66": 0.021254987959248763,
    "half_66_over_full_scale": 0.021254987959248763,
    "cov33": 0.3422131147540984,
    "cov66": 0.6577868852459017,
    "cov99": 0.9912909836065574
  },
  "pass": {
    "half_fwhm_over_mean": false,
    "half66_over_full_scale": false
  },
  "estimated_beam_factor_to_meet_half_fwhm": 8.571143811621459
}
