{
  "sample_dir": "/home/yyb/workspace/XRay-all/XRay-detectionCode/data/raw/batch_PbS_1M/sample_00083_ore",
  "blank_columns": [
    7,
    15,
    16,
    19,
    20,
    22,
    31,
    34,
    36,
    37,
    41,
    42,
    44,
    89,
    91,
    92,
    96,
    97,
    99,
    101,
    103,
    104,
    106,
    108,
    114,
    117,
    118,
    119,
    121,
    123,
    126,
    127
  ],
  "criteria": {
    "target_half_fwhm_over_mean": 0.01,
    "target_half66_over_full_scale": 0.01,
    "gaussian_central_targets": {
      "33": 0.33,
      "66": 0.66,
      "99": 0.99
    }
  },
  "low": {
    "mu": 1.002256989479065,
    "sigma": 0.023819979280233383,
    "snr": 42.07631659490029,
    "half_fwhm": 0.02804588234028912,
    "half_fwhm_over_mean": 0.027982725622962532,
    "half_66": 0.02272819655986099,
    "half_66_over_full_scale": 0.02272819655986099,
    "cov33": 0.33145491803278687,
    "cov66": 0.6444672131147541,
    "cov99": 0.9912909836065574
  },
  "high": {
    "mu": 1.0026016235351562,
    "sigma": 0.02226295694708824,
    "snr": 45.034521960313356,
    "half_fwhm": 0.026212628639987696,
    "half_fwhm_over_mean": 0.026144610206756312,
    "half_66": 0.02124253995120128,
    "half_66_over_full_scale": 0.02124253995120128,
    "cov33": 0.33760245901639346,
    "cov66": 0.6680327868852459,
    "cov99": 0.9897540983606558
  },
  "pass": {
    "half_fwhm_over_mean": false,
    "half66_over_full_scale": false
  },
  "estimated_beam_factor_to_meet_half_fwhm": 7.830329332900037
}
