{
  "sample_dir": "/home/yyb/workspace/XRay-all/XRay-detectionCode/data/raw/batch_PbS_1M/sample_00073_ore",
  "blank_columns": [
    0,
    3,
    4,
    5,
    8,
    12,
    15,
    16,
    19,
    20,
    21,
    29,
    31,
    32,
    36,
    37,
    40,
    41,
    100,
    103,
    104,
    105,
    109,
    111,
    117,
    118,
    121,
    123,
    124,
    125,
    126,
    127
  ],
  "criteria": {
    "target_half_fwhm_over_mean": 0.01,
    "target_half66_over_full_scale": 0.01,
    "gaussian_central_targets": {
      "33": 0.33,
      "66": 0.66,
      "99": 0.99
    }
  },
  "low": {
    "mu": 1.0014194250106812,
    "sigma": 0.023645661771297455,
    "snr": 42.351084723129425,
    "half_fwhm": 0.027840639158170723,
    "half_fwhm_over_mean": 0.027801177471541233,
    "half_66": 0.02256186884981933,
    "half_66_over_full_scale": 0.02256186884981933,
    "cov33": 0.3201844262295082,
    "cov66": 0.6536885245901639,
    "cov99": 0.9918032786885246
  },
  "high": {
    "mu": 1.0015712976455688,
    "sigma": 0.02257731929421425,
    "snr": 44.36183430785937,
    "half_fwhm": 0.02658276201819048,
    "half_fwhm_over_mean": 0.026541058116061805,
    "half_66": 0.021542493579726398,
    "half_66_over_full_scale": 0.021542493579726398,
    "cov33": 0.3319672131147541,
    "cov66": 0.6659836065573771,
    "cov99": 0.9887295081967213
  },
  "pass": {
    "half_fwhm_over_mean": false,
    "half66_over_full_scale": false
  },
  "estimated_beam_factor_to_meet_half_fwhm": 7.729054688041317
}
