{
  "sample_dir": "/home/yyb/workspace/XRay-all/XRay-detectionCode/data/raw/batch_PbS_1M/sample_00117_ore",
  "blank_columns": [
    4,
    6,
    8,
    9,
    10,
    12,
    13,
    15,
    17,
    19,
    20,
    23,
    29,
    31,
    33,
    34,
    99,
    100,
    106,
    107,
    108,
    109,
    111,
    113,
    116,
    117,
    118,
    121,
    122,
    123,
    125,
    126
  ],
  "criteria": {
    "target_half_fwhm_over_mean": 0.01,
    "target_half66_over_full_scale": 0.01,
    "gaussian_central_targets": {
      "33": 0.33,
      "66": 0.66,
      "99": 0.99
    }
  },
  "low": {
    "mu": 1.0014930963516235,
    "sigma": 0.027656810358166695,
    "snr": 36.21144605548831,
    "half_fwhm": 0.03256340570608728,
    "half_fwhm_over_mean": 0.03251485789039757,
    "half_66": 0.026389167456616416,
    "half_66_over_full_scale": 0.026389167456616416,
    "cov33": 0.36936475409836067,
    "cov66": 0.7289959016393442,
    "cov99": 0.9912909836065574
  },
  "high": {
    "mu": 1.000252604484558,
    "sigma": 0.0281839482486248,
    "snr": 35.49015189996895,
    "half_fwhm": 0.03318406314155216,
    "half_fwhm_over_mean": 0.03317568281529474,
    "half_66": 0.026892144115308325,
    "half_66_over_full_scale": 0.026892144115308325,
    "cov33": 0.4072745901639344,
    "cov66": 0.766905737704918,
    "cov99": 0.9923155737704918
  },
  "pass": {
    "half_fwhm_over_mean": false,
    "half66_over_full_scale": false
  },
  "estimated_beam_factor_to_meet_half_fwhm": 11.006259302610427
}
