{
  "sample_dir": "/home/yyb/workspace/XRay-all/XRay-detectionCode/data/raw/batch_PbS_1M/sample_00013_ore",
  "blank_columns": [
    0,
    3,
    4,
    8,
    9,
    10,
    12,
    15,
    16,
    17,
    19,
    20,
    24,
    25,
    29,
    89,
    92,
    95,
    96,
    99,
    103,
    104,
    105,
    107,
    109,
    111,
    114,
    117,
    121,
    123,
    124,
    125
  ],
  "criteria": {
    "target_half_fwhm_over_mean": 0.01,
    "target_half66_over_full_scale": 0.01,
    "gaussian_central_targets": {
      "33": 0.33,
      "66": 0.66,
      "99": 0.99
    }
  },
  "low": {
    "mu": 1.0014433860778809,
    "sigma": 0.024505721405148506,
    "snr": 40.86569701504415,
    "half_fwhm": 0.028853281991014633,
    "half_fwhm_over_mean": 0.028811695590718847,
    "half_66": 0.023382507868073638,
    "half_66_over_full_scale": 0.023382507868073638,
    "cov33": 0.3427254098360656,
    "cov66": 0.6567622950819673,
    "cov99": 0.9933401639344263
  },
  "high": {
    "mu": 1.0023739337921143,
    "sigma": 0.022407514974474907,
    "snr": 44.73382858090017,
    "half_fwhm": 0.026382832710265584,
    "half_fwhm_over_mean": 0.026320349942117717,
    "half_66": 0.02138047219799699,
    "half_66_over_full_scale": 0.02138047219799699,
    "cov33": 0.32735655737704916,
    "cov66": 0.6577868852459017,
    "cov99": 0.9907786885245902
  },
  "pass": {
    "half_fwhm_over_mean": false,
    "half66_over_full_scale": false
  },
  "estimated_beam_factor_to_meet_half_fwhm": 8.301138028122478
}
