{
  "sample_dir": "/home/yyb/workspace/XRay-all/XRay-detectionCode/data/raw/batch_PbS_1M/sample_00172_ore",
  "blank_columns": [
    1,
    6,
    8,
    10,
    12,
    13,
    15,
    16,
    19,
    24,
    31,
    36,
    37,
    41,
    85,
    87,
    89,
    91,
    95,
    97,
    99,
    107,
    108,
    109,
    111,
    113,
    116,
    117,
    118,
    123,
    124,
    126
  ],
  "criteria": {
    "target_half_fwhm_over_mean": 0.01,
    "target_half66_over_full_scale": 0.01,
    "gaussian_central_targets": {
      "33": 0.33,
      "66": 0.66,
      "99": 0.99
    }
  },
  "low": {
    "mu": 1.003812313079834,
    "sigma": 0.024318823590874672,
    "snr": 41.277174010033185,
    "half_fwhm": 0.028633226631305277,
    "half_fwhm_over_mean": 0.028524482374055173,
    "half_66": 0.023204176467804576,
    "half_66_over_full_scale": 0.023204176467804576,
    "cov33": 0.33043032786885246,
    "cov66": 0.6695696721311475,
    "cov99": 0.9892418032786885
  },
  "high": {
    "mu": 1.0023859739303589,
    "sigma": 0.022401627153158188,
    "snr": 44.746123443494696,
    "half_fwhm": 0.026375900330436592,
    "half_fwhm_over_mean": 0.02631311791706003,
    "half_66": 0.021374854243479843,
    "half_66_over_full_scale": 0.021374854243479843,
    "cov33": 0.3155737704918033,
    "cov66": 0.6470286885245902,
    "cov99": 0.9938524590163934
  },
  "pass": {
    "half_fwhm_over_mean": false,
    "half66_over_full_scale": false
  },
  "estimated_beam_factor_to_meet_half_fwhm": 8.136460947077843
}
