{
  "sample_dir": "/home/yyb/workspace/XRay-all/XRay-detectionCode/data/raw/batch_PbS_1M/sample_00193_ore",
  "blank_columns": [
    0,
    3,
    5,
    6,
    8,
    10,
    11,
    12,
    13,
    15,
    16,
    19,
    20,
    22,
    31,
    33,
    39,
    89,
    91,
    93,
    94,
    96,
    97,
    99,
    101,
    107,
    108,
    109,
    121,
    122,
    123,
    127
  ],
  "criteria": {
    "target_half_fwhm_over_mean": 0.01,
    "target_half66_over_full_scale": 0.01,
    "gaussian_central_targets": {
      "33": 0.33,
      "66": 0.66,
      "99": 0.99
    }
  },
  "low": {
    "mu": 1.0031511783599854,
    "sigma": 0.02431742660701275,
    "snr": 41.252357602292214,
    "half_fwhm": 0.028631581808504978,
    "half_fwhm_over_mean": 0.028541642003863953,
    "half_66": 0.02320284351434432,
    "half_66_over_full_scale": 0.02320284351434432,
    "cov33": 0.336577868852459,
    "cov66": 0.6608606557377049,
    "cov99": 0.9887295081967213
  },
  "high": {
    "mu": 1.0020616054534912,
    "sigma": 0.022387010976672173,
    "snr": 44.760848444558526,
    "half_fwhm": 0.026358691097751328,
    "half_fwhm_over_mean": 0.026304461676108712,
    "half_66": 0.021360907995743035,
    "half_66_over_full_scale": 0.021360907995743035,
    "cov33": 0.33811475409836067,
    "cov66": 0.6552254098360656,
    "cov99": 0.9877049180327869
  },
  "pass": {
    "half_fwhm_over_mean": false,
    "half66_over_full_scale": false
  },
  "estimated_beam_factor_to_meet_half_fwhm": 8.146253282767312
}
