{
  "sample_dir": "/home/yyb/workspace/XRay-all/XRay-detectionCode/data/raw/batch_PbS_1M/sample_00140_ore",
  "blank_columns": [
    7,
    8,
    11,
    12,
    13,
    14,
    16,
    17,
    19,
    22,
    23,
    24,
    29,
    31,
    34,
    95,
    96,
    97,
    99,
    100,
    104,
    105,
    106,
    107,
    109,
    113,
    115,
    116,
    117,
    121,
    123,
    125
  ],
  "criteria": {
    "target_half_fwhm_over_mean": 0.01,
    "target_half66_over_full_scale": 0.01,
    "gaussian_central_targets": {
      "33": 0.33,
      "66": 0.66,
      "99": 0.99
    }
  },
  "low": {
    "mu": 1.001006007194519,
    "sigma": 0.02933848276734352,
    "snr": 34.119215200478344,
    "half_fwhm": 0.0345434236552138,
    "half_fwhm_over_mean": 0.03450870764704731,
    "half_66": 0.027993760836627593,
    "half_66_over_full_scale": 0.027993760836627593,
    "cov33": 0.3790983606557377,
    "cov66": 0.7489754098360656,
    "cov99": 0.9912909836065574
  },
  "high": {
    "mu": 1.0004465579986572,
    "sigma": 0.029065269976854324,
    "snr": 34.42068691587408,
    "half_fwhm": 0.034221740177416624,
    "half_fwhm_over_mean": 0.03420646500686202,
    "half_66": 0.02773307068522769,
    "half_66_over_full_scale": 0.02773307068522769,
    "cov33": 0.39959016393442626,
    "cov66": 0.7704918032786885,
    "cov99": 0.9923155737704918
  },
  "pass": {
    "half_fwhm_over_mean": false,
    "half66_over_full_scale": false
  },
  "estimated_beam_factor_to_meet_half_fwhm": 11.908509034693816
}
