{
  "sample_dir": "/home/yyb/workspace/XRay-all/XRay-detectionCode/data/raw/batch_PbS_1M/sample_00065_ore",
  "blank_columns": [
    0,
    4,
    5,
    7,
    8,
    11,
    12,
    15,
    17,
    18,
    19,
    29,
    36,
    39,
    86,
    88,
    89,
    92,
    95,
    96,
    97,
    99,
    100,
    104,
    105,
    108,
    109,
    111,
    121,
    122,
    123,
    125
  ],
  "criteria": {
    "target_half_fwhm_over_mean": 0.01,
    "target_half66_over_full_scale": 0.01,
    "gaussian_central_targets": {
      "33": 0.33,
      "66": 0.66,
      "99": 0.99
    }
  },
  "low": {
    "mu": 1.0014073848724365,
    "sigma": 0.024716226384043694,
    "snr": 40.51619245237717,
    "half_fwhm": 0.029101132662951976,
    "half_fwhm_over_mean": 0.029060233729611452,
    "half_66": 0.0235833644045497,
    "half_66_over_full_scale": 0.0235833644045497,
    "cov33": 0.3417008196721312,
    "cov66": 0.6547131147540983,
    "cov99": 0.9902663934426229
  },
  "high": {
    "mu": 1.0031826496124268,
    "sigma": 0.02192009799182415,
    "snr": 45.76542723424859,
    "half_fwhm": 0.025808943069755876,
    "half_fwhm_over_mean": 0.025727062843169186,
    "half_66": 0.020915395849358278,
    "half_66_over_full_scale": 0.020915395849358278,
    "cov33": 0.3386270491803279,
    "cov66": 0.6521516393442623,
    "cov99": 0.9907786885245902
  },
  "pass": {
    "half_fwhm_over_mean": false,
    "half66_over_full_scale": false
  },
  "estimated_beam_factor_to_meet_half_fwhm": 8.444971844196472
}
