{
  "sample_dir": "/home/yyb/workspace/XRay-all/XRay-detectionCode/data/raw/batch_PbS_1M/sample_00039_ore",
  "blank_columns": [
    3,
    12,
    14,
    15,
    19,
    20,
    24,
    25,
    29,
    31,
    32,
    33,
    34,
    36,
    39,
    44,
    87,
    89,
    91,
    92,
    95,
    96,
    99,
    103,
    107,
    109,
    116,
    118,
    121,
    122,
    123,
    125
  ],
  "criteria": {
    "target_half_fwhm_over_mean": 0.01,
    "target_half66_over_full_scale": 0.01,
    "gaussian_central_targets": {
      "33": 0.33,
      "66": 0.66,
      "99": 0.99
    }
  },
  "low": {
    "mu": 1.0023999214172363,
    "sigma": 0.024694355204701424,
    "snr": 40.59226949268126,
    "half_fwhm": 0.029075381317190493,
    "half_fwhm_over_mean": 0.029005769749146093,
    "half_66": 0.023562495685175978,
    "half_66_over_full_scale": 0.023562495685175978,
    "cov33": 0.32530737704918034,
    "cov66": 0.6593237704918032,
    "cov99": 0.9892418032786885
  },
  "high": {
    "mu": 1.0022635459899902,
    "sigma": 0.0224459208548069,
    "snr": 44.652369242198,
    "half_fwhm": 0.02642805217869141,
    "half_fwhm_over_mean": 0.026368366169186554,
    "half_66": 0.02141711775452627,
    "half_66_over_full_scale": 0.02141711775452627,
    "cov33": 0.33760245901639346,
    "cov66": 0.6526639344262295,
    "cov99": 0.9918032786885246
  },
  "pass": {
    "half_fwhm_over_mean": false,
    "half66_over_full_scale": false
  },
  "estimated_beam_factor_to_meet_half_fwhm": 8.413346787404786
}
