{
  "sample_dir": "/home/yyb/workspace/XRay-all/XRay-detectionCode/data/raw/batch_PbS_1M/sample_00280_waste",
  "blank_columns": [
    3,
    6,
    8,
    9,
    10,
    11,
    12,
    13,
    16,
    20,
    22,
    27,
    29,
    31,
    33,
    35,
    36,
    39,
    88,
    89,
    91,
    94,
    96,
    100,
    107,
    109,
    111,
    114,
    117,
    121,
    123,
    125
  ],
  "criteria": {
    "target_half_fwhm_over_mean": 0.01,
    "target_half66_over_full_scale": 0.01,
    "gaussian_central_targets": {
      "33": 0.33,
      "66": 0.66,
      "99": 0.99
    }
  },
  "low": {
    "mu": 1.0031101703643799,
    "sigma": 0.024082422256469727,
    "snr": 41.65320911997941,
    "half_fwhm": 0.028354885330844518,
    "half_fwhm_over_mean": 0.028266970237720353,
    "half_66": 0.022978610528717983,
    "half_66_over_full_scale": 0.022978610528717983,
    "cov33": 0.32530737704918034,
    "cov66": 0.6480532786885246,
    "cov99": 0.9923155737704918
  },
  "high": {
    "mu": 1.0018705129623413,
    "sigma": 0.023256458342075348,
    "snr": 43.07923838728993,
    "half_fwhm": 0.027382387139813245,
    "half_fwhm_over_mean": 0.02733126365686591,
    "half_66": 0.02219050446125025,
    "half_66_over_full_scale": 0.02219050446125025,
    "cov33": 0.3391393442622951,
    "cov66": 0.6675204918032787,
    "cov99": 0.9907786885245902
  },
  "pass": {
    "half_fwhm_over_mean": false,
    "half66_over_full_scale": false
  },
  "estimated_beam_factor_to_meet_half_fwhm": 7.990216064201682
}
