{
  "sample_dir": "/home/yyb/workspace/XRay-all/XRay-detectionCode/data/raw/batch_PbS_1M/sample_00048_ore",
  "blank_columns": [
    6,
    7,
    8,
    9,
    11,
    12,
    13,
    15,
    16,
    19,
    20,
    21,
    22,
    29,
    31,
    34,
    36,
    95,
    96,
    97,
    100,
    105,
    106,
    107,
    111,
    113,
    115,
    116,
    118,
    121,
    122,
    125
  ],
  "criteria": {
    "target_half_fwhm_over_mean": 0.01,
    "target_half66_over_full_scale": 0.01,
    "gaussian_central_targets": {
      "33": 0.33,
      "66": 0.66,
      "99": 0.99
    }
  },
  "low": {
    "mu": 1.0014992952346802,
    "sigma": 0.02996409684419632,
    "snr": 33.42330991793796,
    "half_fwhm": 0.035280027939517365,
    "half_fwhm_over_mean": 0.035227211948511895,
    "half_66": 0.028590700050639666,
    "half_66_over_full_scale": 0.028590700050639666,
    "cov33": 0.38780737704918034,
    "cov66": 0.7561475409836066,
    "cov99": 0.9948770491803278
  },
  "high": {
    "mu": 1.0009770393371582,
    "sigma": 0.029736299067735672,
    "snr": 33.66178948688451,
    "half_fwhm": 0.03501181655440939,
    "half_fwhm_over_mean": 0.03497764202223263,
    "half_66": 0.028373343327596952,
    "half_66_over_full_scale": 0.028373343327596952,
    "cov33": 0.4487704918032787,
    "cov66": 0.7976434426229508,
    "cov99": 0.9959016393442623
  },
  "pass": {
    "half_fwhm_over_mean": false,
    "half66_over_full_scale": false
  },
  "estimated_beam_factor_to_meet_half_fwhm": 12.409564616653793
}
