{
  "sample_dir": "/home/yyb/workspace/XRay-all/XRay-detectionCode/data/raw/batch_PbS_1M/sample_00051_waste",
  "blank_columns": [
    4,
    5,
    6,
    10,
    11,
    12,
    13,
    15,
    18,
    20,
    23,
    25,
    29,
    31,
    33,
    34,
    36,
    89,
    91,
    92,
    93,
    96,
    104,
    109,
    111,
    113,
    115,
    116,
    117,
    121,
    123,
    124
  ],
  "criteria": {
    "target_half_fwhm_over_mean": 0.01,
    "target_half66_over_full_scale": 0.01,
    "gaussian_central_targets": {
      "33": 0.33,
      "66": 0.66,
      "99": 0.99
    }
  },
  "low": {
    "mu": 1.0017154216766357,
    "sigma": 0.026182539761066437,
    "snr": 38.25890959463724,
    "half_fwhm": 0.030827584729184378,
    "half_fwhm_over_mean": 0.03077479298220872,
    "half_66": 0.024982469679128257,
    "half_66_over_full_scale": 0.024982469679128257,
    "cov33": 0.35655737704918034,
    "cov66": 0.6921106557377049,
    "cov99": 0.9943647540983607
  },
  "high": {
    "mu": 1.0019766092300415,
    "sigma": 0.024381538853049278,
    "snr": 41.09570832542956,
    "half_fwhm": 0.028707068209553373,
    "half_fwhm_over_mean": 0.02865043749036519,
    "half_66": 0.02326401719181354,
    "half_66_over_full_scale": 0.02326401719181354,
    "cov33": 0.3744877049180328,
    "cov66": 0.7023565573770492,
    "cov99": 0.9923155737704918
  },
  "pass": {
    "half_fwhm_over_mean": false,
    "half66_over_full_scale": false
  },
  "estimated_beam_factor_to_meet_half_fwhm": 9.47087883097803
}
