{
  "sample_dir": "/home/yyb/workspace/XRay-all/XRay-detectionCode/data/raw/batch_PbS_1M/sample_00132_ore",
  "blank_columns": [
    0,
    3,
    6,
    8,
    9,
    12,
    13,
    14,
    15,
    16,
    17,
    18,
    19,
    20,
    22,
    23,
    31,
    92,
    96,
    99,
    100,
    103,
    104,
    105,
    107,
    109,
    111,
    117,
    121,
    123,
    125,
    127
  ],
  "criteria": {
    "target_half_fwhm_over_mean": 0.01,
    "target_half66_over_full_scale": 0.01,
    "gaussian_central_targets": {
      "33": 0.33,
      "66": 0.66,
      "99": 0.99
    }
  },
  "low": {
    "mu": 1.0018374919891357,
    "sigma": 0.026947064325213432,
    "snr": 37.17798272562667,
    "half_fwhm": 0.031727743613458495,
    "half_fwhm_over_mean": 0.031669551067073226,
    "half_66": 0.02571195245341406,
    "half_66_over_full_scale": 0.02571195245341406,
    "cov33": 0.36475409836065575,
    "cov66": 0.7141393442622951,
    "cov99": 0.9912909836065574
  },
  "high": {
    "mu": 1.001676082611084,
    "sigma": 0.026103384792804718,
    "snr": 38.37341749209442,
    "half_fwhm": 0.030734386876222358,
    "half_fwhm_over_mean": 0.0306829597010109,
    "half_66": 0.024906942758799035,
    "half_66_over_full_scale": 0.024906942758799035,
    "cov33": 0.3514344262295082,
    "cov66": 0.71875,
    "cov99": 0.9948770491803278
  },
  "pass": {
    "half_fwhm_over_mean": false,
    "half66_over_full_scale": false
  },
  "estimated_beam_factor_to_meet_half_fwhm": 10.029604647899589
}
