{
  "sample_dir": "/home/yyb/workspace/XRay-all/XRay-detectionCode/data/raw/batch_PbS_1M/sample_00008_ore",
  "blank_columns": [
    4,
    6,
    10,
    11,
    12,
    14,
    15,
    16,
    18,
    19,
    23,
    29,
    31,
    33,
    34,
    38,
    39,
    88,
    89,
    91,
    92,
    95,
    99,
    103,
    105,
    109,
    111,
    113,
    117,
    121,
    123,
    125
  ],
  "criteria": {
    "target_half_fwhm_over_mean": 0.01,
    "target_half66_over_full_scale": 0.01,
    "gaussian_central_targets": {
      "33": 0.33,
      "66": 0.66,
      "99": 0.99
    }
  },
  "low": {
    "mu": 1.0034695863723755,
    "sigma": 0.024794364348053932,
    "snr": 40.471680269195375,
    "half_fwhm": 0.029193133084915376,
    "half_fwhm_over_mean": 0.029092195200903833,
    "half_66": 0.02365792093475986,
    "half_66_over_full_scale": 0.02365792093475986,
    "cov33": 0.3411885245901639,
    "cov66": 0.6603483606557377,
    "cov99": 0.9897540983606558
  },
  "high": {
    "mu": 1.00245201587677,
    "sigma": 0.023096920922398567,
    "snr": 43.40197636060779,
    "half_fwhm": 0.027194546182922018,
    "half_fwhm_over_mean": 0.027128027827982345,
    "half_66": 0.022038279398818063,
    "half_66_over_full_scale": 0.022038279398818063,
    "cov33": 0.3401639344262295,
    "cov66": 0.6654713114754098,
    "cov99": 0.9897540983606558
  },
  "pass": {
    "half_fwhm_over_mean": false,
    "half66_over_full_scale": false
  },
  "estimated_beam_factor_to_meet_half_fwhm": 8.46355821607492
}
