{
  "sample_dir": "/home/yyb/workspace/XRay-all/XRay-detectionCode/data/raw/batch_PbS_1M/sample_00134_ore",
  "blank_columns": [
    0,
    1,
    3,
    6,
    8,
    11,
    12,
    13,
    16,
    19,
    20,
    21,
    23,
    29,
    31,
    33,
    34,
    89,
    91,
    92,
    99,
    103,
    104,
    105,
    107,
    109,
    113,
    114,
    117,
    120,
    121,
    122
  ],
  "criteria": {
    "target_half_fwhm_over_mean": 0.01,
    "target_half66_over_full_scale": 0.01,
    "gaussian_central_targets": {
      "33": 0.33,
      "66": 0.66,
      "99": 0.99
    }
  },
  "low": {
    "mu": 1.0023492574691772,
    "sigma": 0.024732641875743866,
    "snr": 40.52738330603553,
    "half_fwhm": 0.029120460427404026,
    "half_fwhm_over_mean": 0.02905220930769183,
    "half_66": 0.023599027496343315,
    "half_66_over_full_scale": 0.023599027496343315,
    "cov33": 0.32684426229508196,
    "cov66": 0.6588114754098361,
    "cov99": 0.9902663934426229
  },
  "high": {
    "mu": 1.0029206275939941,
    "sigma": 0.022884655743837357,
    "snr": 43.825025764876195,
    "half_fwhm": 0.026944623034256293,
    "half_fwhm_over_mean": 0.026866156994792723,
    "half_66": 0.021835743340982084,
    "half_66_over_full_scale": 0.021835743340982084,
    "cov33": 0.3483606557377049,
    "cov66": 0.663422131147541,
    "cov99": 0.9861680327868853
  },
  "pass": {
    "half_fwhm_over_mean": false,
    "half66_over_full_scale": false
  },
  "estimated_beam_factor_to_meet_half_fwhm": 8.440308656579358
}
