{
  "sample_dir": "/home/yyb/workspace/XRay-all/XRay-detectionCode/data/raw/batch_PbS_1M/sample_00097_waste",
  "blank_columns": [
    0,
    2,
    4,
    5,
    6,
    10,
    11,
    13,
    14,
    15,
    16,
    17,
    19,
    23,
    24,
    25,
    29,
    31,
    97,
    99,
    100,
    103,
    105,
    106,
    107,
    108,
    109,
    119,
    123,
    124,
    125,
    127
  ],
  "criteria": {
    "target_half_fwhm_over_mean": 0.01,
    "target_half66_over_full_scale": 0.01,
    "gaussian_central_targets": {
      "33": 0.33,
      "66": 0.66,
      "99": 0.99
    }
  },
  "low": {
    "mu": 1.000646948814392,
    "sigma": 0.02873760461807251,
    "snr": 34.82012374076248,
    "half_fwhm": 0.03383594369996085,
    "half_fwhm_over_mean": 0.03381406772893385,
    "half_66": 0.0274204237852184,
    "half_66_over_full_scale": 0.0274204237852184,
    "cov33": 0.38473360655737704,
    "cov66": 0.7397540983606558,
    "cov99": 0.9912909836065574
  },
  "high": {
    "mu": 1.000364065170288,
    "sigma": 0.02857753448188305,
    "snr": 35.00526141625257,
    "half_fwhm": 0.03364747551730844,
    "half_fwhm_over_mean": 0.033635230101533846,
    "half_66": 0.027267690423200038,
    "half_66_over_full_scale": 0.027267690423200038,
    "cov33": 0.4021516393442623,
    "cov66": 0.7561475409836066,
    "cov99": 0.9918032786885246
  },
  "pass": {
    "half_fwhm_over_mean": false,
    "half66_over_full_scale": false
  },
  "estimated_beam_factor_to_meet_half_fwhm": 11.433911763769252
}
