{
  "sample_dir": "/home/yyb/workspace/XRay-all/XRay-detectionCode/data/raw/batch_PbS_1M/sample_00093_ore",
  "blank_columns": [
    3,
    5,
    8,
    11,
    12,
    13,
    14,
    16,
    17,
    19,
    20,
    29,
    31,
    33,
    34,
    36,
    37,
    38,
    89,
    91,
    92,
    93,
    95,
    96,
    97,
    99,
    105,
    107,
    108,
    109,
    111,
    116
  ],
  "criteria": {
    "target_half_fwhm_over_mean": 0.01,
    "target_half66_over_full_scale": 0.01,
    "gaussian_central_targets": {
      "33": 0.33,
      "66": 0.66,
      "99": 0.99
    }
  },
  "low": {
    "mu": 1.002341628074646,
    "sigma": 0.024231676012277603,
    "snr": 41.36493190016174,
    "half_fwhm": 0.028530618198828482,
    "half_fwhm_over_mean": 0.028463966176513783,
    "half_66": 0.023121023276411426,
    "half_66_over_full_scale": 0.023121023276411426,
    "cov33": 0.3360655737704918,
    "cov66": 0.6593237704918032,
    "cov99": 0.9907786885245902
  },
  "high": {
    "mu": 1.0027621984481812,
    "sigma": 0.022515304386615753,
    "snr": 44.536915034747395,
    "half_fwhm": 0.026509745044439603,
    "half_fwhm_over_mean": 0.026436721573135293,
    "half_66": 0.02148332110971884,
    "half_66_over_full_scale": 0.02148332110971884,
    "cov33": 0.33401639344262296,
    "cov66": 0.6613729508196722,
    "cov99": 0.9918032786885246
  },
  "pass": {
    "half_fwhm_over_mean": false,
    "half66_over_full_scale": false
  },
  "estimated_beam_factor_to_meet_half_fwhm": 8.101973704977206
}
