{
  "sample_dir": "/home/yyb/workspace/XRay-all/XRay-detectionCode/data/raw/batch_PbS_1M/sample_00286_ore",
  "blank_columns": [
    2,
    3,
    9,
    10,
    11,
    12,
    15,
    19,
    22,
    24,
    29,
    37,
    41,
    42,
    44,
    46,
    80,
    89,
    91,
    92,
    95,
    97,
    99,
    107,
    108,
    109,
    111,
    115,
    116,
    118,
    125,
    127
  ],
  "criteria": {
    "target_half_fwhm_over_mean": 0.01,
    "target_half66_over_full_scale": 0.01,
    "gaussian_central_targets": {
      "33": 0.33,
      "66": 0.66,
      "99": 0.99
    }
  },
  "low": {
    "mu": 0.9986724853515625,
    "sigma": 0.05693034082651138,
    "snr": 17.5420078441986,
    "half_fwhm": 0.06703035387347543,
    "half_fwhm_over_mean": 0.06711945593442353,
    "half_66": 0.05432095306642736,
    "half_66_over_full_scale": 0.05432095306642736,
    "cov33": 0.6531762295081968,
    "cov66": 0.9610655737704918,
    "cov99": 0.9943647540983607
  },
  "high": {
    "mu": 0.999110996723175,
    "sigma": 0.05409221351146698,
    "snr": 18.47051418059226,
    "half_fwhm": 0.06368871432761114,
    "half_fwhm_over_mean": 0.06374538418303233,
    "half_66": 0.051612910598406884,
    "half_66_over_full_scale": 0.051612910598406884,
    "cov33": 0.6798155737704918,
    "cov66": 0.96875,
    "cov99": 0.9943647540983607
  },
  "pass": {
    "half_fwhm_over_mean": false,
    "half66_over_full_scale": false
  },
  "estimated_beam_factor_to_meet_half_fwhm": 45.050213649330225
}
