{
  "sample_dir": "/home/yyb/workspace/XRay-all/XRay-detectionCode/data/raw/batch_PbS_1M/sample_00058_ore",
  "blank_columns": [
    6,
    8,
    9,
    10,
    12,
    16,
    19,
    22,
    29,
    31,
    35,
    36,
    39,
    41,
    42,
    46,
    87,
    89,
    90,
    91,
    92,
    96,
    97,
    98,
    100,
    108,
    114,
    117,
    118,
    120,
    121,
    125
  ],
  "criteria": {
    "target_half_fwhm_over_mean": 0.01,
    "target_half66_over_full_scale": 0.01,
    "gaussian_central_targets": {
      "33": 0.33,
      "66": 0.66,
      "99": 0.99
    }
  },
  "low": {
    "mu": 1.0026178359985352,
    "sigma": 0.02446773275732994,
    "snr": 40.97714512180027,
    "half_fwhm": 0.02880855377633183,
    "half_fwhm_over_mean": 0.028733334618609278,
    "half_66": 0.023346260420311155,
    "half_66_over_full_scale": 0.023346260420311155,
    "cov33": 0.32581967213114754,
    "cov66": 0.6552254098360656,
    "cov99": 0.9912909836065574
  },
  "high": {
    "mu": 1.0023512840270996,
    "sigma": 0.02225515991449356,
    "snr": 45.039051073019856,
    "half_fwhm": 0.02620344833566496,
    "half_fwhm_over_mean": 0.026141981113037133,
    "half_66": 0.021235100293621786,
    "half_66_over_full_scale": 0.021235100293621786,
    "cov33": 0.3411885245901639,
    "cov66": 0.6670081967213115,
    "cov99": 0.985655737704918
  },
  "pass": {
    "half_fwhm_over_mean": false,
    "half66_over_full_scale": false
  },
  "estimated_beam_factor_to_meet_half_fwhm": 8.256045183049704
}
