{
  "sample_dir": "/home/yyb/workspace/XRay-all/XRay-detectionCode/data/raw/batch_PbS_1M/sample_00274_ore",
  "blank_columns": [
    3,
    7,
    8,
    9,
    10,
    11,
    12,
    15,
    16,
    17,
    18,
    19,
    20,
    22,
    24,
    33,
    34,
    36,
    39,
    89,
    91,
    92,
    94,
    96,
    97,
    105,
    109,
    116,
    118,
    121,
    123,
    125
  ],
  "criteria": {
    "target_half_fwhm_over_mean": 0.01,
    "target_half66_over_full_scale": 0.01,
    "gaussian_central_targets": {
      "33": 0.33,
      "66": 0.66,
      "99": 0.99
    }
  },
  "low": {
    "mu": 1.0027987957000732,
    "sigma": 0.025192465633153915,
    "snr": 39.805504165513874,
    "half_fwhm": 0.029661861527962227,
    "half_fwhm_over_mean": 0.029579075737974643,
    "half_66": 0.024037775348235108,
    "half_66_over_full_scale": 0.024037775348235108,
    "cov33": 0.3201844262295082,
    "cov66": 0.6716188524590164,
    "cov99": 0.9866803278688525
  },
  "high": {
    "mu": 1.0025687217712402,
    "sigma": 0.022209446877241135,
    "snr": 45.14154392555407,
    "half_fwhm": 0.026149625347445037,
    "half_fwhm_over_mean": 0.026082626337321235,
    "half_66": 0.021191482501859742,
    "half_66_over_full_scale": 0.021191482501859742,
    "cov33": 0.3355532786885246,
    "cov66": 0.6598360655737705,
    "cov99": 0.9912909836065574
  },
  "pass": {
    "half_fwhm_over_mean": false,
    "half66_over_full_scale": false
  },
  "estimated_beam_factor_to_meet_half_fwhm": 8.749217215128402
}
