{
  "H2O": [
    [
      10.0,
      12140541.086231166,
      3634013.7750013513
    ],
    [
      20.0,
      10035781.670047056,
      3091411.9357707985
    ],
    [
      30.0,
      8295335.680005135,
      2650864.945089496
    ],
    [
      40.0,
      6899408.865401481,
      2219786.5773824723
    ],
    [
      50.0,
      5666230.0854140455,
      1859276.2795726014
    ],
    [
      60.0,
      4716289.849082679,
      1590928.20735851
    ],
    [
      70.0,
      3885989.5707855704,
      1352781.949261687
    ],
    [
      80.0,
      3248001.64640087,
      1129575.305804313
    ],
    [
      90.0,
      2661213.748620972,
      980882.2975964611
    ],
    [
      100.0,
      2220735.3131155088,
      832856.9079384006
    ],
    [
      110.0,
      1875844.9545200188,
      693574.7345587801
    ],
    [
      120.0,
      1559118.2137424836,
      581156.513433948
    ],
    [
      130.0,
      1296396.9557345114,
      488734.0810850087
    ],
    [
      140.0,
      1074910.882321223,
      417041.96544071456
    ],
    [
      150.0,
      892963.330047384,
      357265.82260976074
    ],
    [
      160.0,
      745152.8773304437,
      301742.9414260796
    ]
  ],
  "CHO": [
    [
      10.0,
      11822718.660997383,
      3584553.84024124
    ],
    [
      20.0,
      9566446.70558252,
      2952695.3174249334
    ],
    [
      30.0,
      7723114.061471655,
      2442265.6153300987
    ],
    [
      40.0,
      6246571.210516276,
      2017828.9398462276
    ],
    [
      50.0,
      5020907.056676262,
      1660544.5493999235
    ],
    [
      60.0,
      4114721.9154512617,
      1378316.9538009202
    ],
    [
      70.0,
      3295273.6067414163,
      1149436.106133496
    ],
    [
      80.0,
      2675139.816431225,
      918949.7104182167
    ],
    [
      90.0,
      2140439.6030032663,
      779654.447627728
    ],
    [
      100.0,
      1763697.9139730644,
      632388.424428824
    ],
    [
      110.0,
      1432882.7032362374,
      545330.7862146499
    ],
    [
      120.0,
      1167221.7670445447,
      434558.2513356759
    ],
    [
      130.0,
      936465.8968147377,
      364153.9724653022
    ],
    [
      140.0,
      770333.0482525267,
      302894.0701437896
    ],
    [
      150.0,
      629897.9388005729,
      256375.551263909
    ],
    [
      160.0,
      506892.6312110535,
      206090.04657095205
    ]
  ],
  "C": [
    [
      5.0,
      12252844.97762049,
      3656885.562759182
    ],
    [
      10.0,
      10215102.005932603,
      3127179.6911051725
    ],
    [
      15.0,
      8492510.746192575,
      2641848.6376178293
    ],
    [
      20.0,
      7063587.022832194,
      2253072.815472746
    ],
    [
      25.0,
      5943256.010889566,
      1907078.8140902817
    ],
    [
      30.0,
      4940268.781402739,
      1611375.87705763
    ],
    [
      35.0,
      4119875.4062705208,
      1398831.5517972924
    ],
    [
      40.0,
      3474760.4851904,
      1174571.559530455
    ],
    [
      45.0,
      2882191.9467796227,
      1002744.423451313
    ],
    [
      50.0,
      2385975.4672167078,
      848506.0838995026
    ],
    [
      55.0,
      2019104.9298651505,
      708440.2425871935
    ],
    [
      60.0,
      1689707.4030188506,
      606429.0583660477
    ],
    [
      65.0,
      1415142.5766959866,
      516285.264739337
    ],
    [
      70.0,
      1188312.9627065656,
      439461.38713419565
    ],
    [
      75.0,
      988546.7987961523,
      382634.53082589916
    ],
    [
      80.0,
      828447.0407771207,
      313585.9969951016
    ],
    [
      85.0,
      693700.165631896,
      283379.62009878445
    ],
    [
      90.0,
      582963.1793692396,
      234031.8574082816
    ],
    [
      95.0,
      490307.85833146237,
      200509.76878561845
    ],
    [
      100.0,
      405552.35728407744,
      165006.2021350407
    ]
  ],
  "Al": [
    [
      1.0,
      13706836.763747154,
      4101640.6887577577
    ],
    [
      2.0,
      12885335.703135954,
      3946729.6149166212
    ],
    [
      3.0,
      12104910.354676556,
      3804370.2297333917
    ],
    [
      4.0,
      11393204.221549878,
      3601106.8338017142
    ],
    [
      5.0,
      10704661.858744483,
      3435978.9329961524
    ],
    [
      6.0,
      10058947.368424695,
      3286399.585871501
    ],
    [
      7.0,
      9469246.647028979,
      3134882.675197979
    ],
    [
      8.0,
      8899733.683154922,
      3036171.8584622554
    ],
    [
      9.0,
      8394816.140086805,
      2841662.6911246157
    ],
    [
      10.0,
      7887819.588372852,
      2761471.1133195055
    ],
    [
      11.0,
      7448979.9396661455,
      2611437.7457025326
    ],
    [
      12.0,
      6998235.369506514,
      2510477.613504021
    ],
    [
      13.0,
      6622640.8886632165,
      2378207.695876004
    ],
    [
      14.0,
      6220784.0471914895,
      2282470.0920132967
    ],
    [
      15.0,
      5896333.583090545,
      2214392.839691316
    ],
    [
      16.0,
      5577851.510273526,
      2118462.701450974
    ],
    [
      17.0,
      5236997.51747181,
      2036070.0813212027
    ],
    [
      18.0,
      4938300.198644768,
      1931471.1661807578
    ],
    [
      19.0,
      4678435.541452031,
      1823146.732545491
    ],
    [
      20.0,
      4477794.326490542,
      1750444.0716276034
    ],
    [
      21.0,
      4174773.290397007,
      1684061.8818611873
    ],
    [
      22.0,
      3952586.2063588174,
      1604857.1581632525
    ],
    [
      23.0,
      3742862.8694995507,
      1530250.3575575936
    ],
    [
      24.0,
      3555915.306211813,
      1470926.629498294
    ],
    [
      25.0,
      3344782.566288352,
      1412649.7252480949
    ],
    [
      26.0,
      3171196.940688487,
      1341738.3343403875
    ],
    [
      27.0,
      3001797.0441044383,
      1301625.124938475
    ],
    [
      28.0,
      2832175.2656268454,
      1242690.0832424406
    ],
    [
      29.0,
      2674902.9654286527,
      1189981.4894049244
    ],
    [
      30.0,
      2545241.7384784296,
      1133633.1840850096
    ],
    [
      31.0,
      2415970.7860748908,
      1089008.5578133927
    ],
    [
      32.0,
      2292863.2872685227,
      1016015.1694283907
    ],
    [
      33.0,
      2173788.333052058,
      1006371.4807495909
    ],
    [
      34.0,
      2053011.6127656505,
      948791.7417524686
    ],
    [
      35.0,
      1921736.3399732579,
      904537.0300474778
    ],
    [
      36.0,
      1849737.9425560392,
      878363.7006945449
    ],
    [
      37.0,
      1738954.79543798,
      832713.0225327206
    ],
    [
      38.0,
      1655608.1603820072,
      827635.3984717831
    ],
    [
      39.0,
      1589512.3904211833,
      765943.3794982426
    ],
    [
      40.0,
      1501307.8782253899,
      729506.1483696814
    ],
    [
      41.0,
      1421568.420756284,
      697143.5307555634
    ],
    [
      42.0,
      1343805.5612098838,
      673958.9229444849
    ],
    [
      43.0,
      1283784.0928578328,
      634697.3734408775
    ],
    [
      44.0,
      1208487.0335179463,
      622309.9923461588
    ],
    [
      45.0,
      1155995.8446083972,
      589932.2171301434
    ],
    [
      46.0,
      1108277.365484541,
      577609.7347364433
    ],
    [
      47.0,
      1047065.7159693738,
      544464.8665716117
    ],
    [
      48.0,
      989115.6610024321,
      527854.1830547109
    ],
    [
      49.0,
      954548.6548854606,
      494776.7541116581
    ],
    [
      50.0,
      883956.9782636451,
      466030.9544228182
    ]
  ],