{
  "sample_dir": "/home/yyb/workspace/XRay-all/XRay-detectionCode/data/raw/batch_web_20260426_142438/sample_00009_waste",
  "blank_columns": [
    1,
    4,
    6,
    7,
    8,
    16,
    19,
    22,
    25,
    29,
    31,
    32,
    35,
    87,
    88,
    90,
    96,
    99,
    101,
    103,
    105,
    107,
    108,
    111,
    112,
    113,
    116,
    118,
    122,
    123,
    124,
    126
  ],
  "criteria": {
    "target_half_fwhm_over_mean": 0.01,
    "target_half66_over_full_scale": 0.01,
    "gaussian_central_targets": {
      "33": 0.33,
      "66": 0.66,
      "99": 0.99
    }
  },
  "low": {
    "mu": 1.0245164632797241,
    "sigma": 0.25452131032943726,
    "snr": 4.0252679115695695,
    "half_fwhm": 0.2996759417217122,
    "half_fwhm_over_mean": 0.2925047595256569,
    "half_66": 0.2428553905015886,
    "half_66_over_full_scale": 0.2428553905015886,
    "cov33": 0.3524590163934426,
    "cov66": 0.6629098360655737,
    "cov99": 0.9882172131147541
  },
  "high": {
    "mu": 1.0208128690719604,
    "sigma": 0.2306510955095291,
    "snr": 4.425788079683266,
    "half_fwhm": 0.2715709115535243,
    "half_fwhm_over_mean": 0.2660339811354596,
    "half_66": 0.2200792609352969,
    "half_66_over_full_scale": 0.2200792609352969,
    "cov33": 0.33709016393442626,
    "cov66": 0.6588114754098361,
    "cov99": 0.9912909836065574
  },
  "pass": {
    "half_fwhm_over_mean": false,
    "half66_over_full_scale": false
  },
  "estimated_beam_factor_to_meet_half_fwhm": 855.5903434516238
}
