{
  "sample_dir": "/home/yyb/workspace/XRay-all/XRay-detectionCode/data/raw/batch_web_20260426_142438/sample_00007_ore",
  "blank_columns": [
    0,
    1,
    5,
    6,
    7,
    8,
    10,
    11,
    19,
    23,
    26,
    28,
    29,
    32,
    33,
    35,
    36,
    94,
    96,
    97,
    104,
    106,
    107,
    108,
    111,
    113,
    116,
    118,
    119,
    120,
    125,
    126
  ],
  "criteria": {
    "target_half_fwhm_over_mean": 0.01,
    "target_half66_over_full_scale": 0.01,
    "gaussian_central_targets": {
      "33": 0.33,
      "66": 0.66,
      "99": 0.99
    }
  },
  "low": {
    "mu": 1.0433889627456665,
    "sigma": 0.25609153509140015,
    "snr": 4.074281339964152,
    "half_fwhm": 0.30152474009402497,
    "half_fwhm_over_mean": 0.28898593991311344,
    "half_66": 0.24435364440908333,
    "half_66_over_full_scale": 0.24435364440908333,
    "cov33": 0.32633196721311475,
    "cov66": 0.6659836065573771,
    "cov99": 0.9887295081967213
  },
  "high": {
    "mu": 1.0204830169677734,
    "sigma": 0.22854775190353394,
    "snr": 4.465075715986486,
    "half_fwhm": 0.2690944137110643,
    "half_fwhm_over_mean": 0.2636931817940898,
    "half_66": 0.2180723235510291,
    "half_66_over_full_scale": 0.2180723235510291,
    "cov33": 0.3396516393442623,
    "cov66": 0.6623975409836066,
    "cov99": 0.9912909836065574
  },
  "pass": {
    "half_fwhm_over_mean": false,
    "half66_over_full_scale": false
  },
  "estimated_beam_factor_to_meet_half_fwhm": 835.1287346746561
}
