{
  "sample_dir": "/home/yyb/workspace/XRay-all/XRay-detectionCode/data/raw/batch_web_20260426_142438/sample_00001_ore",
  "blank_columns": [
    1,
    4,
    5,
    7,
    9,
    10,
    11,
    12,
    14,
    19,
    20,
    21,
    26,
    28,
    31,
    32,
    35,
    94,
    96,
    98,
    99,
    102,
    104,
    107,
    108,
    110,
    112,
    113,
    117,
    118,
    120,
    122
  ],
  "criteria": {
    "target_half_fwhm_over_mean": 0.01,
    "target_half66_over_full_scale": 0.01,
    "gaussian_central_targets": {
      "33": 0.33,
      "66": 0.66,
      "99": 0.99
    }
  },
  "low": {
    "mu": 1.021506428718567,
    "sigma": 0.25601673126220703,
    "snr": 3.989998714858839,
    "half_fwhm": 0.3014366653158116,
    "half_fwhm_over_mean": 0.29509032624880305,
    "half_66": 0.244282269194465,
    "half_66_over_full_scale": 0.244282269194465,
    "cov33": 0.32838114754098363,
    "cov66": 0.6603483606557377,
    "cov99": 0.9918032786885246
  },
  "high": {
    "mu": 1.0359572172164917,
    "sigma": 0.23379357159137726,
    "snr": 4.431076569663474,
    "half_fwhm": 0.27527089438775887,
    "half_fwhm_over_mean": 0.26571646957331196,
    "half_66": 0.2230777024214394,
    "half_66_over_full_scale": 0.2230777024214394,
    "cov33": 0.33709016393442626,
    "cov66": 0.6542008196721312,
    "cov99": 0.9897540983606558
  },
  "pass": {
    "half_fwhm_over_mean": false,
    "half66_over_full_scale": false
  },
  "estimated_beam_factor_to_meet_half_fwhm": 870.7830064562503
}
