{
  "sample_dir": "/home/yyb/workspace/XRay-all/XRay-detectionCode/data/raw/batch_web_20260426_142438/sample_00010_ore",
  "blank_columns": [
    0,
    2,
    7,
    8,
    11,
    16,
    19,
    20,
    29,
    33,
    37,
    38,
    43,
    85,
    90,
    91,
    95,
    96,
    97,
    100,
    101,
    104,
    106,
    107,
    108,
    109,
    116,
    118,
    119,
    120,
    121,
    125
  ],
  "criteria": {
    "target_half_fwhm_over_mean": 0.01,
    "target_half66_over_full_scale": 0.01,
    "gaussian_central_targets": {
      "33": 0.33,
      "66": 0.66,
      "99": 0.99
    }
  },
  "low": {
    "mu": 1.0370315313339233,
    "sigma": 0.24982786178588867,
    "snr": 4.150984297430749,
    "half_fwhm": 0.29414982836645004,
    "half_fwhm_over_mean": 0.2836459832499867,
    "half_66": 0.23837706498390493,
    "half_66_over_full_scale": 0.23837706498390493,
    "cov33": 0.3447745901639344,
    "cov66": 0.6644467213114754,
    "cov99": 0.9887295081967213
  },
  "high": {
    "mu": 1.0246059894561768,
    "sigma": 0.22075286507606506,
    "snr": 4.641416495786485,
    "half_fwhm": 0.2599166358361492,
    "half_fwhm_over_mean": 0.2536747183901428,
    "half_66": 0.21063471338805131,
    "half_66_over_full_scale": 0.21063471338805131,
    "cov33": 0.32786885245901637,
    "cov66": 0.6531762295081968,
    "cov99": 0.9907786885245902
  },
  "pass": {
    "half_fwhm_over_mean": false,
    "half66_over_full_scale": false
  },
  "estimated_beam_factor_to_meet_half_fwhm": 804.5504381385172
}
