{
  "sample_dir": "/home/yyb/workspace/XRay-all/XRay-detectionCode/data/raw/batch_tmp12/sample_00006_waste",
  "blank_columns": [
    0,
    1,
    2,
    3,
    4,
    5,
    6,
    7,
    8,
    9,
    10,
    11,
    12,
    13,
    14,
    15,
    16,
    17,
    18,
    19,
    20,
    21,
    22,
    23,
    24,
    25,
    26,
    27,
    28,
    29,
    30,
    31,
    32,
    33,
    34,
    35,
    36,
    37,
    38,
    39,
    40,
    41,
    42,
    43,
    44,
    45,
    46,
    47,
    48,
    49,
    50,
    51,
    52,
    53,
    54,
    55,
    56,
    57,
    58,
    59,
    60,
    61,
    62,
    63,
    64,
    65,
    66,
    67,
    68,
    69,
    70,
    71,
    72,
    73,
    74,
    75,
    76,
    77,
    78,
    79,
    80,
    81,
    82,
    83,
    84,
    85,
    86,
    87,
    88,
    89,
    90,
    91,
    92,
    93,
    94,
    95,
    96,
    97,
    98,
    99,
    100,
    101,
    102,
    103,
    104,
    105,
    106,
    107,
    108,
    109,
    110,
    111,
    112,
    113,
    114,
    115,
    116,
    117,
    118,
    119,
    120,
    121,
    122,
    123,
    124,
    125,
    126,
    127
  ],
  "criteria": {
    "target_half_fwhm_over_mean": 0.01,
    "target_half66_over_full_scale": 0.01,
    "gaussian_central_targets": {
      "33": 0.33,
      "66": 0.66,
      "99": 0.99
    }
  },
  "low": {
    "mu": 1.10630202293396,
    "sigma": 3.4920127391815186,
    "snr": 0.31680927464006403,
    "half_fwhm": 4.111530797809998,
    "half_fwhm_over_mean": 3.7164632375036644,
    "half_66": 3.3319572192708695,
    "half_66_over_full_scale": 3.3319572192708695,
    "cov33": 0.8628329918032787,
    "cov66": 0.9016393442622951,
    "cov99": 0.9760502049180327
  },
  "high": {
    "mu": 1.0280072689056396,
    "sigma": 2.48393177986145,
    "snr": 0.41386292378890543,
    "half_fwhm": 2.924606172815135,
    "half_fwhm_over_mean": 2.844927522670643,
    "half_66": 2.370081395529378,
    "half_66_over_full_scale": 2.370081395529378,
    "cov33": 0.8245389344262295,
    "cov66": 0.8639856557377049,
    "cov99": 0.9645235655737705
  },
  "pass": {
    "half_fwhm_over_mean": false,
    "half66_over_full_scale": false
  },
  "estimated_beam_factor_to_meet_half_fwhm": 138120.98995716218
}
