{
  "sample_dir": "/home/yyb/workspace/XRay-all/XRay-detectionCode/data/raw/batch_tmp12/sample_00003_waste",
  "blank_columns": [
    0,
    1,
    2,
    3,
    4,
    5,
    6,
    7,
    8,
    9,
    10,
    11,
    12,
    13,
    14,
    15,
    16,
    17,
    18,
    19,
    20,
    21,
    22,
    23,
    24,
    25,
    26,
    27,
    28,
    29,
    30,
    31,
    32,
    33,
    34,
    35,
    36,
    37,
    38,
    39,
    40,
    41,
    42,
    43,
    44,
    45,
    46,
    47,
    48,
    49,
    50,
    51,
    52,
    53,
    54,
    55,
    56,
    57,
    58,
    59,
    60,
    61,
    62,
    63,
    64,
    65,
    66,
    67,
    68,
    69,
    70,
    71,
    72,
    73,
    74,
    75,
    76,
    77,
    78,
    79,
    80,
    81,
    82,
    83,
    84,
    85,
    86,
    87,
    88,
    89,
    90,
    91,
    92,
    93,
    94,
    95,
    96,
    97,
    98,
    99,
    100,
    101,
    102,
    103,
    104,
    105,
    106,
    107,
    108,
    109,
    110,
    111,
    112,
    113,
    114,
    115,
    116,
    117,
    118,
    119,
    120,
    121,
    122,
    123,
    124,
    125,
    126,
    127
  ],
  "criteria": {
    "target_half_fwhm_over_mean": 0.01,
    "target_half66_over_full_scale": 0.01,
    "gaussian_central_targets": {
      "33": 0.33,
      "66": 0.66,
      "99": 0.99
    }
  },
  "low": {
    "mu": 0.8936464190483093,
    "sigma": 3.0066144466400146,
    "snr": 0.29722680939253354,
    "half_fwhm": 3.5400179832672447,
    "half_fwhm_over_mean": 3.9613183780641057,
    "half_66": 2.8688070345912746,
    "half_66_over_full_scale": 2.8688070345912746,
    "cov33": 0.8848616803278688,
    "cov66": 0.9067622950819673,
    "cov99": 0.9702868852459017
  },
  "high": {
    "mu": 0.8865213990211487,
    "sigma": 2.3650448322296143,
    "snr": 0.37484338010852525,
    "half_fwhm": 2.7846274891289786,
    "half_fwhm_over_mean": 3.1410719382562236,
    "half_66": 2.2566436010464686,
    "half_66_over_full_scale": 2.2566436010464686,
    "cov33": 0.8482325819672131,
    "cov66": 0.8776895491803278,
    "cov99": 0.9599129098360656
  },
  "pass": {
    "half_fwhm_over_mean": false,
    "half66_over_full_scale": false
  },
  "estimated_beam_factor_to_meet_half_fwhm": 156920.43292388436
}
