{
  "sample_dir": "/home/yyb/workspace/XRay-all/XRay-detectionCode/data/raw/batch_tmp12/sample_00001_ore",
  "blank_columns": [
    0,
    1,
    2,
    3,
    4,
    5,
    6,
    7,
    8,
    9,
    10,
    11,
    12,
    13,
    14,
    15,
    16,
    17,
    18,
    19,
    20,
    21,
    22,
    23,
    24,
    25,
    26,
    27,
    28,
    29,
    30,
    31,
    32,
    33,
    34,
    35,
    36,
    37,
    38,
    39,
    40,
    41,
    42,
    43,
    44,
    45,
    46,
    47,
    48,
    49,
    50,
    51,
    52,
    53,
    54,
    55,
    56,
    57,
    58,
    59,
    60,
    61,
    62,
    63,
    64,
    65,
    66,
    67,
    68,
    69,
    70,
    71,
    72,
    73,
    74,
    75,
    76,
    77,
    78,
    79,
    80,
    81,
    82,
    83,
    84,
    85,
    86,
    87,
    88,
    89,
    90,
    91,
    92,
    93,
    94,
    95,
    96,
    97,
    98,
    99,
    100,
    101,
    102,
    103,
    104,
    105,
    106,
    107,
    108,
    109,
    110,
    111,
    112,
    113,
    114,
    115,
    116,
    117,
    118,
    119,
    120,
    121,
    122,
    123,
    124,
    125,
    126,
    127
  ],
  "criteria": {
    "target_half_fwhm_over_mean": 0.01,
    "target_half66_over_full_scale": 0.01,
    "gaussian_central_targets": {
      "33": 0.33,
      "66": 0.66,
      "99": 0.99
    }
  },
  "low": {
    "mu": 1.062731146812439,
    "sigma": 3.3435909748077393,
    "snr": 0.31784125355630477,
    "half_fwhm": 3.936777524879177,
    "half_fwhm_over_mean": 3.7043964851196534,
    "half_66": 3.1903383288947573,
    "half_66_over_full_scale": 3.1903383288947573,
    "cov33": 0.8643698770491803,
    "cov66": 0.9006147540983607,
    "cov99": 0.975922131147541
  },
  "high": {
    "mu": 0.9881557822227478,
    "sigma": 2.501262903213501,
    "snr": 0.3950627424862909,
    "half_fwhm": 2.9450120111510234,
    "half_fwhm_over_mean": 2.9803114692367054,
    "half_66": 2.386618151229895,
    "half_66_over_full_scale": 2.386618151229895,
    "cov33": 0.8323514344262295,
    "cov66": 0.8698770491803278,
    "cov99": 0.9638831967213115
  },
  "pass": {
    "half_fwhm_over_mean": false,
    "half66_over_full_scale": false
  },
  "estimated_beam_factor_to_meet_half_fwhm": 137225.53318966844
}
