{
  "sample_dir": "/home/yyb/workspace/XRay-all/XRay-detectionCode/data/raw/batch_tmp12/sample_00002_ore",
  "blank_columns": [
    0,
    1,
    2,
    3,
    4,
    5,
    6,
    7,
    8,
    9,
    10,
    11,
    12,
    13,
    14,
    15,
    16,
    17,
    18,
    19,
    20,
    21,
    22,
    23,
    24,
    25,
    26,
    27,
    28,
    29,
    30,
    31,
    32,
    33,
    34,
    35,
    36,
    37,
    38,
    39,
    40,
    41,
    42,
    43,
    44,
    45,
    46,
    47,
    48,
    49,
    50,
    51,
    52,
    53,
    54,
    55,
    56,
    57,
    58,
    59,
    60,
    61,
    62,
    63,
    64,
    65,
    66,
    67,
    68,
    69,
    70,
    71,
    72,
    73,
    74,
    75,
    76,
    77,
    78,
    79,
    80,
    81,
    82,
    83,
    84,
    85,
    86,
    87,
    88,
    89,
    90,
    91,
    92,
    93,
    94,
    95,
    96,
    97,
    98,
    99,
    100,
    101,
    102,
    103,
    104,
    105,
    106,
    107,
    108,
    109,
    110,
    111,
    112,
    113,
    114,
    115,
    116,
    117,
    118,
    119,
    120,
    121,
    122,
    123,
    124,
    125,
    126,
    127
  ],
  "criteria": {
    "target_half_fwhm_over_mean": 0.01,
    "target_half66_over_full_scale": 0.01,
    "gaussian_central_targets": {
      "33": 0.33,
      "66": 0.66,
      "99": 0.99
    }
  },
  "low": {
    "mu": 1.013167381286621,
    "sigma": 3.700472354888916,
    "snr": 0.2737940684648177,
    "half_fwhm": 4.3569732386303865,
    "half_fwhm_over_mean": 4.300348904933622,
    "half_66": 3.5308621412630767,
    "half_66_over_full_scale": 3.5308621412630767,
    "cov33": 0.8773053278688525,
    "cov66": 0.9118852459016393,
    "cov99": 0.9810450819672131
  },
  "high": {
    "mu": 0.9230427742004395,
    "sigma": 2.461954116821289,
    "snr": 0.37492281756745766,
    "half_fwhm": 2.8987294520805214,
    "half_fwhm_over_mean": 3.14040641788401,
    "half_66": 2.349111073111101,
    "half_66_over_full_scale": 2.349111073111101,
    "cov33": 0.8438780737704918,
    "cov66": 0.8796106557377049,
    "cov99": 0.9637551229508197
  },
  "pass": {
    "half_fwhm_over_mean": false,
    "half66_over_full_scale": false
  },
  "estimated_beam_factor_to_meet_half_fwhm": 184930.00704163802
}
