{
  "sample_dir": "/home/yyb/workspace/XRay-all/XRay-detectionCode/data/raw/batch_tmp12/sample_00004_ore",
  "blank_columns": [
    0,
    1,
    2,
    3,
    4,
    5,
    6,
    7,
    8,
    9,
    10,
    11,
    12,
    13,
    14,
    15,
    16,
    17,
    18,
    19,
    20,
    21,
    22,
    23,
    24,
    25,
    26,
    27,
    28,
    29,
    30,
    31,
    32,
    33,
    34,
    35,
    36,
    37,
    38,
    39,
    40,
    41,
    42,
    43,
    44,
    45,
    46,
    47,
    48,
    49,
    50,
    51,
    52,
    53,
    54,
    55,
    56,
    57,
    58,
    59,
    60,
    61,
    62,
    63,
    64,
    65,
    66,
    67,
    68,
    69,
    70,
    71,
    72,
    73,
    74,
    75,
    76,
    77,
    78,
    79,
    80,
    81,
    82,
    83,
    84,
    85,
    86,
    87,
    88,
    89,
    90,
    91,
    92,
    93,
    94,
    95,
    96,
    97,
    98,
    99,
    100,
    101,
    102,
    103,
    104,
    105,
    106,
    107,
    108,
    109,
    110,
    111,
    112,
    113,
    114,
    115,
    116,
    117,
    118,
    119,
    120,
    121,
    122,
    123,
    124,
    125,
    126,
    127
  ],
  "criteria": {
    "target_half_fwhm_over_mean": 0.01,
    "target_half66_over_full_scale": 0.01,
    "gaussian_central_targets": {
      "33": 0.33,
      "66": 0.66,
      "99": 0.99
    }
  },
  "low": {
    "mu": 1.0837823152542114,
    "sigma": 3.3664164543151855,
    "snr": 0.3219394658866353,
    "half_fwhm": 3.9636524732196126,
    "half_fwhm_over_mean": 3.657240404674716,
    "half_66": 3.212117608327163,
    "half_66_over_full_scale": 3.212117608327163,
    "cov33": 0.8632172131147541,
    "cov66": 0.8963883196721312,
    "cov99": 0.9769467213114754
  },
  "high": {
    "mu": 1.0366532802581787,
    "sigma": 2.5642685890197754,
    "snr": 0.40426860302276396,
    "half_fwhm": 3.019195537093817,
    "half_fwhm_over_mean": 2.91244487871768,
    "half_66": 2.4467359873768886,
    "half_66_over_full_scale": 2.4467359873768886,
    "cov33": 0.8276127049180327,
    "cov66": 0.8709016393442623,
    "cov99": 0.9649077868852459
  },
  "pass": {
    "half_fwhm_over_mean": false,
    "half66_over_full_scale": false
  },
  "estimated_beam_factor_to_meet_half_fwhm": 133754.0737758528
}
