{
  "sample_dir": "/home/yyb/workspace/XRay-all/XRay-detectionCode/data/raw/batch_tmp12/sample_00009_waste",
  "blank_columns": [
    0,
    1,
    2,
    3,
    4,
    5,
    6,
    7,
    8,
    9,
    10,
    11,
    12,
    13,
    14,
    15,
    16,
    17,
    18,
    19,
    20,
    21,
    22,
    23,
    24,
    25,
    26,
    27,
    28,
    29,
    30,
    31,
    32,
    33,
    34,
    35,
    36,
    37,
    38,
    39,
    40,
    41,
    42,
    43,
    44,
    45,
    46,
    47,
    48,
    49,
    50,
    51,
    52,
    53,
    54,
    55,
    56,
    57,
    58,
    59,
    60,
    61,
    62,
    63,
    64,
    65,
    66,
    67,
    68,
    69,
    70,
    71,
    72,
    73,
    74,
    75,
    76,
    77,
    78,
    79,
    80,
    81,
    82,
    83,
    84,
    85,
    86,
    87,
    88,
    89,
    90,
    91,
    92,
    93,
    94,
    95,
    96,
    97,
    98,
    99,
    100,
    101,
    102,
    103,
    104,
    105,
    106,
    107,
    108,
    109,
    110,
    111,
    112,
    113,
    114,
    115,
    116,
    117,
    118,
    119,
    120,
    121,
    122,
    123,
    124,
    125,
    126,
    127
  ],
  "criteria": {
    "target_half_fwhm_over_mean": 0.01,
    "target_half66_over_full_scale": 0.01,
    "gaussian_central_targets": {
      "33": 0.33,
      "66": 0.66,
      "99": 0.99
    }
  },
  "low": {
    "mu": 1.08571457862854,
    "sigma": 3.4321117401123047,
    "snr": 0.3163401021998816,
    "half_fwhm": 4.0410027611481425,
    "half_fwhm_over_mean": 3.72197522322366,
    "half_66": 3.274801767330283,
    "half_66_over_full_scale": 3.274801767330283,
    "cov33": 0.8680840163934426,
    "cov66": 0.9017674180327869,
    "cov99": 0.9742571721311475
  },
  "high": {
    "mu": 0.9672674536705017,
    "sigma": 2.5179178714752197,
    "snr": 0.3841536948557383,
    "half_fwhm": 2.9646217377067905,
    "half_fwhm_over_mean": 3.064945198411157,
    "half_66": 2.40250974323748,
    "half_66_over_full_scale": 2.40250974323748,
    "cov33": 0.8351690573770492,
    "cov66": 0.8734631147540983,
    "cov99": 0.9650358606557377
  },
  "pass": {
    "half_fwhm_over_mean": false,
    "half66_over_full_scale": false
  },
  "estimated_beam_factor_to_meet_half_fwhm": 138530.99562290814
}
