{
  "sample_dir": "/home/yyb/workspace/XRay-all/XRay-detectionCode/data/raw/batch_tmp123213/sample_00003_ore",
  "blank_columns": [
    0,
    1,
    2,
    3,
    4,
    5,
    6,
    7,
    8,
    9,
    10,
    11,
    12,
    13,
    14,
    15,
    16,
    17,
    18,
    19,
    20,
    21,
    22,
    23,
    24,
    25,
    26,
    27,
    28,
    29,
    30,
    31,
    32,
    33,
    34,
    35,
    36,
    37,
    38,
    39,
    40,
    41,
    42,
    43,
    44,
    45,
    46,
    47,
    48,
    49,
    50,
    51,
    52,
    53,
    54,
    55,
    56,
    57,
    58,
    59,
    60,
    61,
    62,
    63,
    64,
    65,
    66,
    67,
    68,
    69,
    70,
    71,
    72,
    73,
    74,
    75,
    76,
    77,
    78,
    79,
    80,
    81,
    82,
    83,
    84,
    85,
    86,
    87,
    88,
    89,
    90,
    91,
    92,
    93,
    94,
    95,
    96,
    97,
    98,
    99,
    100,
    101,
    102,
    103,
    104,
    105,
    106,
    107,
    108,
    109,
    110,
    111,
    112,
    113,
    114,
    115,
    116,
    117,
    118,
    119,
    120,
    121,
    122,
    123,
    124,
    125,
    126,
    127
  ],
  "criteria": {
    "target_half_fwhm_over_mean": 0.01,
    "target_half66_over_full_scale": 0.01,
    "gaussian_central_targets": {
      "33": 0.33,
      "66": 0.66,
      "99": 0.99
    }
  },
  "low": {
    "mu": 1.0877922773361206,
    "sigma": 3.1603965759277344,
    "snr": 0.34419486643596275,
    "half_fwhm": 3.7210826035719964,
    "half_fwhm_over_mean": 3.420765785067443,
    "half_66": 3.0155405989124526,
    "half_66_over_full_scale": 3.0155405989124526,
    "cov33": 0.8602715163934426,
    "cov66": 0.8943391393442623,
    "cov99": 0.9715676229508197
  },
  "high": {
    "mu": 0.9975539445877075,
    "sigma": 2.5479485988616943,
    "snr": 0.39151258586353294,
    "half_fwhm": 2.9999802171145906,
    "half_fwhm_over_mean": 3.0073363284172996,
    "half_66": 2.43116401983636,
    "half_66_over_full_scale": 2.43116401983636,
    "cov33": 0.8342725409836066,
    "cov66": 0.8755122950819673,
    "cov99": 0.9663165983606558
  },
  "pass": {
    "half_fwhm_over_mean": false,
    "half66_over_full_scale": false
  },
  "estimated_beam_factor_to_meet_half_fwhm": 117016.38556288078
}
