{
  "sample_dir": "/home/yyb/workspace/XRay-all/XRay-detectionCode/data/raw/batch_tmp123213/sample_00009_ore",
  "blank_columns": [
    0,
    1,
    2,
    3,
    4,
    5,
    6,
    7,
    8,
    9,
    10,
    11,
    12,
    13,
    14,
    15,
    16,
    17,
    18,
    19,
    20,
    21,
    22,
    23,
    24,
    25,
    26,
    27,
    28,
    29,
    30,
    31,
    32,
    33,
    34,
    35,
    36,
    37,
    38,
    39,
    40,
    41,
    42,
    43,
    44,
    45,
    46,
    47,
    48,
    49,
    50,
    51,
    52,
    53,
    54,
    55,
    56,
    57,
    58,
    59,
    60,
    61,
    62,
    63,
    64,
    65,
    66,
    67,
    68,
    69,
    70,
    71,
    72,
    73,
    74,
    75,
    76,
    77,
    78,
    79,
    80,
    81,
    82,
    83,
    84,
    85,
    86,
    87,
    88,
    89,
    90,
    91,
    92,
    93,
    94,
    95,
    96,
    97,
    98,
    99,
    100,
    101,
    102,
    103,
    104,
    105,
    106,
    107,
    108,
    109,
    110,
    111,
    112,
    113,
    114,
    115,
    116,
    117,
    118,
    119,
    120,
    121,
    122,
    123,
    124,
    125,
    126,
    127
  ],
  "criteria": {
    "target_half_fwhm_over_mean": 0.01,
    "target_half66_over_full_scale": 0.01,
    "gaussian_central_targets": {
      "33": 0.33,
      "66": 0.66,
      "99": 0.99
    }
  },
  "low": {
    "mu": 1.0516239404678345,
    "sigma": 3.1168510913848877,
    "snr": 0.33739948096159256,
    "half_fwhm": 3.66981171363663,
    "half_fwhm_over_mean": 3.4896616294262435,
    "half_66": 2.9739910106302534,
    "half_66_over_full_scale": 2.9739910106302534,
    "cov33": 0.8648821721311475,
    "cov66": 0.8938268442622951,
    "cov99": 0.970030737704918
  },
  "high": {
    "mu": 0.90975421667099,
    "sigma": 2.3489632606506348,
    "snr": 0.38730031751071275,
    "half_fwhm": 2.765692885574337,
    "half_fwhm_over_mean": 3.04004404144965,
    "half_66": 2.241299124229823,
    "half_66_over_full_scale": 2.241299124229823,
    "cov33": 0.8379866803278688,
    "cov66": 0.8787141393442623,
    "cov99": 0.9627305327868853
  },
  "pass": {
    "half_fwhm_over_mean": false,
    "half66_over_full_scale": false
  },
  "estimated_beam_factor_to_meet_half_fwhm": 121777.38287889825
}
