{
  "sample_dir": "/home/yyb/workspace/XRay-all/XRay-detectionCode/data/raw/batch_tmp123213/sample_00002_ore",
  "blank_columns": [
    0,
    1,
    2,
    3,
    4,
    5,
    6,
    7,
    8,
    9,
    10,
    11,
    12,
    13,
    14,
    15,
    16,
    17,
    18,
    19,
    20,
    21,
    22,
    23,
    24,
    25,
    26,
    27,
    28,
    29,
    30,
    31,
    32,
    33,
    34,
    35,
    36,
    37,
    38,
    39,
    40,
    41,
    42,
    43,
    44,
    45,
    46,
    47,
    48,
    49,
    50,
    51,
    52,
    53,
    54,
    55,
    56,
    57,
    58,
    59,
    60,
    61,
    62,
    63,
    64,
    65,
    66,
    67,
    68,
    69,
    70,
    71,
    72,
    73,
    74,
    75,
    76,
    77,
    78,
    79,
    80,
    81,
    82,
    83,
    84,
    85,
    86,
    87,
    88,
    89,
    90,
    91,
    92,
    93,
    94,
    95,
    96,
    97,
    98,
    99,
    100,
    101,
    102,
    103,
    104,
    105,
    106,
    107,
    108,
    109,
    110,
    111,
    112,
    113,
    114,
    115,
    116,
    117,
    118,
    119,
    120,
    121,
    122,
    123,
    124,
    125,
    126,
    127
  ],
  "criteria": {
    "target_half_fwhm_over_mean": 0.01,
    "target_half66_over_full_scale": 0.01,
    "gaussian_central_targets": {
      "33": 0.33,
      "66": 0.66,
      "99": 0.99
    }
  },
  "low": {
    "mu": 0.9170398116111755,
    "sigma": 2.8099279403686523,
    "snr": 0.3263570565054644,
    "half_fwhm": 3.3084373194928336,
    "half_fwhm_over_mean": 3.6077357576004667,
    "half_66": 2.6811356045444197,
    "half_66_over_full_scale": 2.6811356045444197,
    "cov33": 0.8717981557377049,
    "cov66": 0.8976690573770492,
    "cov99": 0.9699026639344263
  },
  "high": {
    "mu": 0.8927583694458008,
    "sigma": 2.365490198135376,
    "snr": 0.3774094562511937,
    "half_fwhm": 2.7851518674101023,
    "half_fwhm_over_mean": 3.119715213803088,
    "half_66": 2.2570685537186823,
    "half_66_over_full_scale": 2.2570685537186823,
    "cov33": 0.84375,
    "cov66": 0.8783299180327869,
    "cov99": 0.9624743852459017
  },
  "pass": {
    "half_fwhm_over_mean": false,
    "half66_over_full_scale": false
  },
  "estimated_beam_factor_to_meet_half_fwhm": 130157.57296669012
}
