{
  "sample_dir": "/home/yyb/workspace/XRay-all/XRay-detectionCode/data/raw/batch_tmp1/sample_00004_ore",
  "blank_columns": [
    2,
    4,
    7,
    10,
    16,
    18,
    24,
    27,
    28,
    31,
    32,
    33,
    37,
    39,
    43,
    95,
    96,
    97,
    98,
    99,
    101,
    102,
    103,
    106,
    107,
    108,
    109,
    110,
    112,
    113,
    115,
    122
  ],
  "criteria": {
    "target_half_fwhm_over_mean": 0.01,
    "target_half66_over_full_scale": 0.01,
    "gaussian_central_targets": {
      "33": 0.33,
      "66": 0.66,
      "99": 0.99
    }
  },
  "low": {
    "mu": 1.0981807708740234,
    "sigma": 0.8146494626998901,
    "snr": 1.3480408705291,
    "half_fwhm": 0.9591764422070905,
    "half_fwhm_over_mean": 0.8734230899378235,
    "half_66": 0.7773102108024519,
    "half_66_over_full_scale": 0.7773102108024519,
    "cov33": 0.3160860655737705,
    "cov66": 0.6470286885245902,
    "cov99": 0.983094262295082
  },
  "high": {
    "mu": 1.1093714237213135,
    "sigma": 0.7547107934951782,
    "snr": 1.469929187819945,
    "half_fwhm": 0.8886040523501506,
    "half_fwhm_over_mean": 0.8009977842852548,
    "half_66": 0.720118815327492,
    "half_66_over_full_scale": 0.720118815327492,
    "cov33": 0.3104508196721312,
    "cov66": 0.6654713114754098,
    "cov99": 0.9841188524590164
  },
  "pass": {
    "half_fwhm_over_mean": false,
    "half66_over_full_scale": false
  },
  "estimated_beam_factor_to_meet_half_fwhm": 7628.678940365351
}
