{
  "sample_dir": "/home/yyb/workspace/XRay-all/XRay-detectionCode/data/raw/batch_tmp1/sample_00002_ore",
  "blank_columns": [
    0,
    2,
    4,
    7,
    8,
    14,
    16,
    20,
    22,
    26,
    27,
    28,
    29,
    31,
    35,
    39,
    40,
    88,
    89,
    92,
    94,
    99,
    100,
    102,
    104,
    106,
    107,
    108,
    111,
    114,
    122,
    127
  ],
  "criteria": {
    "target_half_fwhm_over_mean": 0.01,
    "target_half66_over_full_scale": 0.01,
    "gaussian_central_targets": {
      "33": 0.33,
      "66": 0.66,
      "99": 0.99
    }
  },
  "low": {
    "mu": 1.142891764640808,
    "sigma": 0.8467139601707458,
    "snr": 1.3497967653802896,
    "half_fwhm": 0.9969295028957019,
    "half_fwhm_over_mean": 0.8722868899217419,
    "half_66": 0.8079050401487364,
    "half_66_over_full_scale": 0.8079050401487364,
    "cov33": 0.29559426229508196,
    "cov66": 0.6521516393442623,
    "cov99": 0.9810450819672131
  },
  "high": {
    "mu": 1.1100958585739136,
    "sigma": 0.7576923966407776,
    "snr": 1.4651009611492916,
    "half_fwhm": 0.8921146217768968,
    "half_fwhm_over_mean": 0.803637465077073,
    "half_66": 0.7229637574476943,
    "half_66_over_full_scale": 0.7229637574476943,
    "cov33": 0.3155737704918033,
    "cov66": 0.6659836065573771,
    "cov99": 0.9800204918032787
  },
  "pass": {
    "half_fwhm_over_mean": false,
    "half66_over_full_scale": false
  },
  "estimated_beam_factor_to_meet_half_fwhm": 7608.8441832934495
}
