{
  "sample_dir": "/home/yyb/workspace/XRay-all/XRay-detectionCode/data/raw/batch_web_20260426_141505/sample_00009_waste",
  "blank_columns": [
    0,
    1,
    2,
    6,
    10,
    11,
    13,
    15,
    16,
    18,
    21,
    23,
    24,
    27,
    32,
    33,
    34,
    41,
    42,
    47,
    88,
    94,
    96,
    107,
    108,
    110,
    111,
    112,
    114,
    119,
    120,
    121
  ],
  "criteria": {
    "target_half_fwhm_over_mean": 0.01,
    "target_half66_over_full_scale": 0.01,
    "gaussian_central_targets": {
      "33": 0.33,
      "66": 0.66,
      "99": 0.99
    }
  },
  "low": {
    "mu": 1.0926300287246704,
    "sigma": 0.8491264581680298,
    "snr": 1.2867695008373592,
    "half_fwhm": 0.9997700022169652,
    "half_fwhm_over_mean": 0.9150123792441506,
    "half_66": 0.8102069619110296,
    "half_66_over_full_scale": 0.8102069619110296,
    "cov33": 0.3212090163934426,
    "cov66": 0.6362704918032787,
    "cov99": 0.9789959016393442
  },
  "high": {
    "mu": 1.0676077604293823,
    "sigma": 0.7583265900611877,
    "snr": 1.4078469282519017,
    "half_fwhm": 0.8928613274662913,
    "half_fwhm_over_mean": 0.8363196302612024,
    "half_66": 0.7235688827732236,
    "half_66_over_full_scale": 0.7235688827732236,
    "cov33": 0.32325819672131145,
    "cov66": 0.6644467213114754,
    "cov99": 0.985655737704918
  },
  "pass": {
    "half_fwhm_over_mean": false,
    "half66_over_full_scale": false
  },
  "estimated_beam_factor_to_meet_half_fwhm": 8372.476541700411
}
