{
  "sample_dir": "/home/yyb/workspace/XRay-all/XRay-detectionCode/data/raw/batch_web_20260426_141505/sample_00010_waste",
  "blank_columns": [
    1,
    2,
    3,
    6,
    11,
    13,
    18,
    23,
    27,
    28,
    33,
    34,
    42,
    43,
    70,
    81,
    82,
    83,
    94,
    95,
    96,
    97,
    98,
    104,
    108,
    110,
    113,
    115,
    119,
    121,
    124,
    125
  ],
  "criteria": {
    "target_half_fwhm_over_mean": 0.01,
    "target_half66_over_full_scale": 0.01,
    "gaussian_central_targets": {
      "33": 0.33,
      "66": 0.66,
      "99": 0.99
    }
  },
  "low": {
    "mu": 1.115093469619751,
    "sigma": 0.8422293663024902,
    "snr": 1.323978377190971,
    "half_fwhm": 0.9916492971283757,
    "half_fwhm_over_mean": 0.8892970178244609,
    "half_66": 0.8036259965051745,
    "half_66_over_full_scale": 0.8036259965051745,
    "cov33": 0.3150614754098361,
    "cov66": 0.6618852459016393,
    "cov99": 0.9841188524590164
  },
  "high": {
    "mu": 1.0970098972320557,
    "sigma": 0.7773528695106506,
    "snr": 1.4112122566970537,
    "half_fwhm": 0.9152630595809746,
    "half_fwhm_over_mean": 0.8343252525709572,
    "half_66": 0.7417230975205505,
    "half_66_over_full_scale": 0.7417230975205505,
    "cov33": 0.30174180327868855,
    "cov66": 0.6536885245901639,
    "cov99": 0.9851434426229508
  },
  "pass": {
    "half_fwhm_over_mean": false,
    "half66_over_full_scale": false
  },
  "estimated_beam_factor_to_meet_half_fwhm": 7908.491859114795
}
