{
  "sample_dir": "/home/yyb/workspace/XRay-all/XRay-detectionCode/data/raw/batch_web_20260426_141505/sample_00003_ore",
  "blank_columns": [
    1,
    4,
    10,
    11,
    12,
    13,
    18,
    19,
    21,
    24,
    33,
    35,
    36,
    42,
    47,
    81,
    88,
    94,
    95,
    96,
    97,
    100,
    103,
    104,
    108,
    109,
    110,
    111,
    113,
    114,
    125,
    126
  ],
  "criteria": {
    "target_half_fwhm_over_mean": 0.01,
    "target_half66_over_full_scale": 0.01,
    "gaussian_central_targets": {
      "33": 0.33,
      "66": 0.66,
      "99": 0.99
    }
  },
  "low": {
    "mu": 1.1105663776397705,
    "sigma": 0.8287596702575684,
    "snr": 1.3400342915994212,
    "half_fwhm": 0.9757899420050561,
    "half_fwhm_over_mean": 0.8786417107988198,
    "half_66": 0.7907736805686693,
    "half_66_over_full_scale": 0.7907736805686693,
    "cov33": 0.3135245901639344,
    "cov66": 0.6460040983606558,
    "cov99": 0.9810450819672131
  },
  "high": {
    "mu": 1.0795109272003174,
    "sigma": 0.7414308190345764,
    "snr": 1.4559833493379166,
    "half_fwhm": 0.872968077321694,
    "half_fwhm_over_mean": 0.8086699776033887,
    "half_66": 0.7074475251345168,
    "half_66_over_full_scale": 0.7074475251345168,
    "cov33": 0.30584016393442626,
    "cov66": 0.6593237704918032,
    "cov99": 0.9841188524590164
  },
  "pass": {
    "half_fwhm_over_mean": false,
    "half66_over_full_scale": false
  },
  "estimated_beam_factor_to_meet_half_fwhm": 7720.11255955477
}
