{
  "method": "r_threshold_sorting",
  "batch_id": "PbS_1M",
  "grade_label_rule": "class=1 if grade_value >= 5.0 wt% else 0",
  "r_feature": "q90(r_map)",
  "threshold_selection": "maximize train accuracy",
  "r_threshold": 1.3788845181465148,
  "train": {
    "n": 210,
    "accuracy": 0.7523809523809524,
    "precision": 0.7609756097560976,
    "recall": 0.9811320754716981,
    "f1": 0.8571428571428572,
    "tp": 156,
    "tn": 2,
    "fp": 49,
    "fn": 3
  },
  "val": {
    "n": 45,
    "accuracy": 0.7111111111111111,
    "precision": 0.7441860465116279,
    "recall": 0.9411764705882353,
    "f1": 0.8311688311688312,
    "tp": 32,
    "tn": 0,
    "fp": 11,
    "fn": 2
  },
  "test": {
    "n": 45,
    "accuracy": 0.7111111111111111,
    "precision": 0.7441860465116279,
    "recall": 0.9411764705882353,
    "f1": 0.8311688311688312,
    "tp": 32,
    "tn": 0,
    "fp": 11,
    "fn": 2
  }
}
