{
  "sample_dir": "/home/yyb/workspace/XRay-all/XRay-detectionCode/data/raw/batch_web_20260426_125744/sample_00005_ore",
  "blank_columns": [
    0,
    3,
    9,
    12,
    15,
    16,
    17,
    23,
    27,
    30,
    33,
    35,
    37,
    38,
    88,
    91,
    94,
    96,
    99,
    100,
    102,
    105,
    106,
    108,
    109,
    111,
    114,
    116,
    120,
    123,
    124,
    125
  ],
  "criteria": {
    "target_half_fwhm_over_mean": 0.01,
    "target_half66_over_full_scale": 0.01,
    "gaussian_central_targets": {
      "33": 0.33,
      "66": 0.66,
      "99": 0.99
    }
  },
  "low": {
    "mu": 1.023370623588562,
    "sigma": 0.2543156147003174,
    "snr": 4.024018048575154,
    "half_fwhm": 0.299433753626402,
    "half_fwhm_over_mean": 0.2925956117212008,
    "half_66": 0.24265912287955838,
    "half_66_over_full_scale": 0.24265912287955838,
    "cov33": 0.3442622950819672,
    "cov66": 0.6659836065573771,
    "cov99": 0.9851434426229508
  },
  "high": {
    "mu": 1.0264650583267212,
    "sigma": 0.23145589232444763,
    "snr": 4.434819299773343,
    "half_fwhm": 0.2725184873894854,
    "half_fwhm_over_mean": 0.26549222029411107,
    "half_66": 0.22084717009193489,
    "half_66_over_full_scale": 0.22084717009193489,
    "cov33": 0.33452868852459017,
    "cov66": 0.65625,
    "cov99": 0.9892418032786885
  },
  "pass": {
    "half_fwhm_over_mean": false,
    "half66_over_full_scale": false
  },
  "estimated_beam_factor_to_meet_half_fwhm": 856.1219199850369
}
