{
  "sample_dir": "/home/yyb/workspace/XRay-all/XRay-detectionCode/data/raw/batch_web_20260426_125744/sample_00004_ore",
  "blank_columns": [
    0,
    2,
    9,
    10,
    13,
    14,
    15,
    22,
    23,
    26,
    29,
    33,
    35,
    37,
    38,
    88,
    89,
    90,
    91,
    93,
    96,
    98,
    100,
    103,
    104,
    106,
    107,
    109,
    111,
    120,
    126,
    127
  ],
  "criteria": {
    "target_half_fwhm_over_mean": 0.01,
    "target_half66_over_full_scale": 0.01,
    "gaussian_central_targets": {
      "33": 0.33,
      "66": 0.66,
      "99": 0.99
    }
  },
  "low": {
    "mu": 1.0306488275527954,
    "sigma": 0.24639637768268585,
    "snr": 4.1828895264040185,
    "half_fwhm": 0.2901095645912896,
    "half_fwhm_over_mean": 0.2814824572984134,
    "half_66": 0.23510286208590528,
    "half_66_over_full_scale": 0.23510286208590528,
    "cov33": 0.32838114754098363,
    "cov66": 0.6654713114754098,
    "cov99": 0.9877049180327869
  },
  "high": {
    "mu": 1.0309292078018188,
    "sigma": 0.22499588131904602,
    "snr": 4.581991464723537,
    "half_fwhm": 0.2649124056862653,
    "half_fwhm_over_mean": 0.2569646913497778,
    "half_66": 0.21468325205563865,
    "half_66_over_full_scale": 0.21468325205563865,
    "cov33": 0.32274590163934425,
    "cov66": 0.6670081967213115,
    "cov99": 0.9882172131147541
  },
  "pass": {
    "half_fwhm_over_mean": false,
    "half66_over_full_scale": false
  },
  "estimated_beam_factor_to_meet_half_fwhm": 792.3237376675313
}
