{
  "sample_dir": "/home/yyb/workspace/XRay-all/XRay-detectionCode/data/raw/batch_web_20260426_125744/sample_00002_ore",
  "blank_columns": [
    2,
    3,
    5,
    9,
    12,
    13,
    15,
    19,
    20,
    21,
    22,
    23,
    29,
    35,
    36,
    37,
    38,
    41,
    88,
    89,
    91,
    96,
    97,
    98,
    100,
    105,
    108,
    109,
    116,
    121,
    124,
    125
  ],
  "criteria": {
    "target_half_fwhm_over_mean": 0.01,
    "target_half66_over_full_scale": 0.01,
    "gaussian_central_targets": {
      "33": 0.33,
      "66": 0.66,
      "99": 0.99
    }
  },
  "low": {
    "mu": 1.0344393253326416,
    "sigma": 0.2508911192417145,
    "snr": 4.12306074626754,
    "half_fwhm": 0.2954017183514372,
    "half_fwhm_over_mean": 0.2855669840823634,
    "half_66": 0.23939158830340254,
    "half_66_over_full_scale": 0.23939158830340254,
    "cov33": 0.3406762295081967,
    "cov66": 0.6588114754098361,
    "cov99": 0.9902663934426229
  },
  "high": {
    "mu": 1.0252853631973267,
    "sigma": 0.23093867301940918,
    "snr": 4.439643433437226,
    "half_fwhm": 0.2719095081959027,
    "half_fwhm_over_mean": 0.2652037354244088,
    "half_66": 0.22035365740281077,
    "half_66_over_full_scale": 0.22035365740281077,
    "cov33": 0.33350409836065575,
    "cov66": 0.6680327868852459,
    "cov99": 0.9887295081967213
  },
  "pass": {
    "half_fwhm_over_mean": false,
    "half66_over_full_scale": false
  },
  "estimated_beam_factor_to_meet_half_fwhm": 815.4850239789679
}
