{
  "sample_dir": "/home/yyb/workspace/XRay-all/XRay-detectionCode/data/raw/batch_web_20260426_125744/sample_00008_ore",
  "blank_columns": [
    5,
    9,
    10,
    12,
    13,
    16,
    17,
    22,
    23,
    25,
    26,
    27,
    29,
    33,
    97,
    98,
    100,
    102,
    103,
    105,
    106,
    107,
    108,
    109,
    113,
    114,
    116,
    120,
    124,
    125,
    126,
    127
  ],
  "criteria": {
    "target_half_fwhm_over_mean": 0.01,
    "target_half66_over_full_scale": 0.01,
    "gaussian_central_targets": {
      "33": 0.33,
      "66": 0.66,
      "99": 0.99
    }
  },
  "low": {
    "mu": 1.0202206373214722,
    "sigma": 0.2511647641658783,
    "snr": 4.061957658390655,
    "half_fwhm": 0.29572391062775394,
    "half_fwhm_over_mean": 0.28986270205644854,
    "half_66": 0.23965269078173948,
    "half_66_over_full_scale": 0.23965269078173948,
    "cov33": 0.3350409836065574,
    "cov66": 0.663422131147541,
    "cov99": 0.9912909836065574
  },
  "high": {
    "mu": 1.0285004377365112,
    "sigma": 0.22407640516757965,
    "snr": 4.589954203198361,
    "half_fwhm": 0.26382980525007904,
    "half_fwhm_over_mean": 0.2565189041928915,
    "half_66": 0.21380591986081285,
    "half_66_over_full_scale": 0.21380591986081285,
    "cov33": 0.3478483606557377,
    "cov66": 0.6664959016393442,
    "cov99": 0.9892418032786885
  },
  "pass": {
    "half_fwhm_over_mean": false,
    "half66_over_full_scale": false
  },
  "estimated_beam_factor_to_meet_half_fwhm": 840.2038604346545
}
